comment_id,create_time,ip_location,note_id,content,user_id,nickname,avatar,sub_comment_count,pictures,parent_comment_id,last_modify_ts,like_count
69c71962000000001400bf76,1774655843000,辽宁,69c62d51000000002102d9cf,我卧床几个月，吃不下喝不下，暴瘦五十多斤，就是靠硬撑着用手机每天事无巨细的记录生活中变量和感受，把自己从生死边缘拉了回来[哭惹R],560546fe3fef924f627dde49,Cara（重度焦虑成功自救）,https://sns-avatar-qc.xhscdn.com/avatar/1040g2jo31ubf8oa12o6g417cqj3ftni9gnfk4g0?imageView2/2/w/120/format/jpg,308,,0,1780041994322,5743
6a186adf0000000028037ce7,1779985120000,浙江,69c62d51000000002102d9cf,正在大量频繁记录自己中,65b7c6d9000000000e0214ed,可以叫我榴莲,https://sns-avatar-qc.xhscdn.com/avatar/1040g2jo31v175j5rjq105pdnorcjk57djr17eio?imageView2/2/w/120/format/jpg,0,,0,1780041994329,0
6a185665000000002902c7d0,1779979878000,广东,69c62d51000000002102d9cf,"[庆祝][庆祝][庆祝]#生命教导[庆祝][庆祝][庆祝]
   
     万物之中，皆蕴含着反面的种子。
  
#觉醒#开悟#生命智慧#生命成长#宇宙智慧#身心灵合一",624b6375000000001000d442,丰盛喜悦,https://sns-avatar-qc.xhscdn.com/avatar/1040g2jo31rr747tqim605oibcdqk1l22qrufusg?imageView2/2/w/120/format/jpg,0,,0,1780041994337,0
6a181d490000000029035a59,1779965258000,广东,69c62d51000000002102d9cf,情绪真的很可怕，有时候做决定感觉像没思考过一样,635b91140000000018029d9d,double又,https://sns-avatar-qc.xhscdn.com/avatar/1040g2jo31vdmd40iiq6g5oqri4a657ctbm5go3g?imageView2/2/w/120/format/jpg,0,,0,1780041994343,0
69d3ebef00000000020294f7,1775496175000,北京,69c62d51000000002102d9cf,苹果系统自带的手记app真的超神，非常推荐使用,644fa26a000000002a00b5aa,蛋哥和狼妹,https://sns-avatar-qc.xhscdn.com/avatar/411309441983cdc4ce073ff8da73b5b6.jpg?imageView2/2/w/120/format/jpg,58,,0,1780041994346,194
69c8dba5000000000f00ef7f,1774771110000,广东,69c62d51000000002102d9cf,记录什么？不知道怎么写记录，感觉每天都差不多 没什么需要特别记录的,5aa348a64eacab589b88589b,一树🌲时间,https://sns-avatar-qc.xhscdn.com/avatar/1040g2jo3127k3b4l4o004a381e4acm4rr3f5cc8?imageView2/2/w/120/format/jpg,65,,0,1780041994349,627
69d303c200000000030125bb,1775436739000,广西,69c62d51000000002102d9cf,他们的目的是让ai收集人类的想法，帮他们训练ai,5b9254b0efe54400014bf675,秋豆麻袋,https://sns-avatar-qc.xhscdn.com/avatar/0dd6f7e91ce0bea602fbc47515b7c72f.jpg?imageView2/2/w/120/format/jpg,20,,0,1780041994353,749
69c76a150000000015005bb1,1774676501000,上海,69c62d51000000002102d9cf,元宝不会今后拿着我的记录举报我吗,652a8de3000000002a03669e,于～,https://sns-avatar-qc.xhscdn.com/avatar/645b7f257b3e7e60e53504de.jpg?imageView2/2/w/120/format/jpg,36,,0,1780041994355,628
69cff4d3000000000203439a,1775236308000,安徽,69c62d51000000002102d9cf,,5f1192270000000001000953,安曼,https://sns-avatar-qc.xhscdn.com/avatar/1040g2jo31kt1kvsa2g6g5nohi8jg82ajrpmalu8?imageView2/2/w/120/format/jpg,34,,0,1780041994358,814
69d661ab000000001803be62,1775657387000,湖北,69c62d51000000002102d9cf,写了20年的日记  也没啥改变,58e6f61550c4b4395083b4c7,3402,https://sns-avatar-qc.xhscdn.com/avatar/1040g2jo30tbi3emc3q0049cdo1r1bd670d9hvvg?imageView2/2/w/120/format/jpg,18,,0,1780041994361,45
69c698d8000000001d00c4d3,1774622936000,海南,69c62d51000000002102d9cf,怎么记录？写日记吗,60fa183000000000010002f6,俩豆妈,https://sns-avatar-qc.xhscdn.com/avatar/63c7d431cecffc84bacb6daf.jpg?imageView2/2/w/120/format/jpg,18,,0,1780041998373,17
69cee682000000000c031b7c,1775167106000,上海,69c62d51000000002102d9cf,你们现在才开始觉醒吗 我13岁就开始每天记录随笔了 不是日记 就是当下最真实的想法  想到什么说什么 到目前快一万条了 有长的也有短的,5c38882d0000000007017c56,不爱笑,https://sns-avatar-qc.xhscdn.com/avatar/1040g2jo31v643ps53m005n1oh0mhqv2mm0d2qu8?imageView2/2/w/120/format/jpg,26,,0,1780041998375,128
69c77515000000000c031bad,1774679317000,广东,69c62d51000000002102d9cf,《了凡四训》这本书可以看一下,68a6c934000000001901f0b3,依然饭特稀,https://sns-avatar-qc.xhscdn.com/avatar/1040g2jo31leidu1nle605q56p4q6bs5jbps261g?imageView2/2/w/120/format/jpg,14,,0,1780041998382,80
69c98380000000001400a3cc,1774814081000,上海,69c62d51000000002102d9cf,不是靠记录改命，这个原理很简单，你是自己与自己对话，减轻了焦虑，而且更加认识自己的不足，所以前进了不少,60403651000000000100b27f,大海千帆,https://sns-avatar-qc.xhscdn.com/avatar/1040g2jo31jgki64cj4005o206p8g9cjv268jg3g?imageView2/2/w/120/format/jpg,21,,0,1780041998387,1366
69e81080000000001401b817,1776816257000,浙江,69c62d51000000002102d9cf,推荐大家去可以去看一本叫《认知觉醒》讲的就是关于这个的,69b36f94000000003202ace9,Moon,https://sns-avatar-qc.xhscdn.com/avatar/1040g2jo320khr9gd5c0g5qdjduaclb79std4850?imageView2/2/w/120/format/jpg,6,,0,1780041998391,36
69e414b7000000001401d404,1776555192000,江苏,69c62d51000000002102d9cf,我从小学就有写日记，做记录习惯。事实是，你写完也不会记得。东西记在那，一周总结一次，之后做好归类，以后遇到同样的事，调出来看看，会有经验。强是会变强，但这些，会让你更加焦虑。因为大脑异常活跃，特别爱想问题，经常失眠，一天睡五六个小时,67908e08000000000e012777,大A实盘笔记,https://sns-avatar-qc.xhscdn.com/avatar/1040g2jo31vuou6mpjq005psgho43i9rnhnltrpo?imageView2/2/w/120/format/jpg,10,http://sns-webpic-qc.xhscdn.com/202605291606/fc47a89cc0b5f66003d870d12650c360/comment/1040g4b831v4dook32i705psgho43i9rnagk2n30!nd_whgt34_webp_wm_1,0,1780041998397,28
69c74947000000000203750a,1774668103000,天津,69c62d51000000002102d9cf,为什么我越记录越焦虑呢，方法不对吗,5c1234f3000000000702b7fd,XXXIAOLE,https://sns-avatar-qc.xhscdn.com/avatar/1040g2jo31d0fvqtvge004bv1gvqf7dvt38tt4uo?imageView2/2/w/120/format/jpg,13,,0,1780041998405,18
69c7ebe1000000001500b98b,1774709729000,河南,69c62d51000000002102d9cf,我总是心情不好的时候，才写东西记录，排解一下不好的情绪，心情好的时候就忘记记录了,5f2baa290000000001007041,那咋啦,https://sns-avatar-qc.xhscdn.com/avatar/1040g2jo3134prth668605npbl8kg8s21kovdni0?imageView2/2/w/120/format/jpg,31,,0,1780041998405,1242
69c67d12000000000103ee6b,1774615827000,陕西,69c62d51000000002102d9cf,主要记录什么内容,63d6347b0000000026004570,彗星与流火之舞,https://sns-avatar-qc.xhscdn.com/avatar/63d634dd12104db6c6bd52ae.jpg?imageView2/2/w/120/format/jpg,9,,0,1780041998409,26
69cf9dd3000000001500ff13,1775214036000,湖北,69c62d51000000002102d9cf,我想记录，但是怕被别人看到。大家都是用什么记录的？比较安全保密。[笑哭R],5b9fb1ec2c0a9b00012690a5,景奕,https://sns-avatar-qc.xhscdn.com/avatar/1040g2jo31omi58d9l85g4b1ff5oup455k9pkjm8?imageView2/2/w/120/format/jpg,10,,0,1780041998412,9
69f720ab000000002b028dc3,1777803436000,广东,69c62d51000000002102d9cf,每天坚持在小号发朋友圈就行了[doge],61fe85bf0000000010009b52,无_法忍受,https://sns-avatar-qc.xhscdn.com/avatar/1040g2jo310iol7bo6i6g5ofugmvk16qi4r16gmg?imageView2/2/w/120/format/jpg,5,,0,1780042003125,1
69fd958c000000002803dd0f,1778226572000,湖北,69c62d51000000002102d9cf,ai总结一下,68c035a8000000001901ec83,oao,https://sns-avatar-qc.xhscdn.com/avatar/1040g2jo31vpnep70ig005q606mk6br43bo3suh8?imageView2/2/w/120/format/jpg,3,,0,1780042003129,0
69d3ca4e0000000011019269,1775487566000,四川,69c62d51000000002102d9cf,个人觉得ds更适合每日记录，从今年元旦开始，已经执行了到第四个月了，好像人变得更智慧了,67ea976c000000000e01c9e6,蚂蚁音乐空间-V,https://sns-avatar-qc.xhscdn.com/avatar/1040g2jo320b7rm4p5m0g5pvaitm3jif6bptesg8?imageView2/2/w/120/format/jpg,10,,0,1780042003133,16
69c7e7e1000000001601496e,1774708706000,江西,69c62d51000000002102d9cf,我专门记录人家怎么让我不舒服，我为了不重蹈覆辙，为了对此人有所警惕,5d3db93a000000001102c311,momo,https://sns-avatar-qc.xhscdn.com/avatar/1040g2jo311t73i5g1u605n9tn4t4dgohjhlr158?imageView2/2/w/120/format/jpg,5,,0,1780042003134,57
69f7e77b0000000029013c3f,1777854331000,河南,69c62d51000000002102d9cf,不要相信,5582df63c2bdeb0f884185d1,哎呦不错哦,https://sns-avatar-qc.xhscdn.com/avatar/1040g2jo30pl8und3mo0040r7vkfm71ehg5khgl0?imageView2/2/w/120/format/jpg,1,,0,1780042003138,2
69d4ef52000000000c0329ff,1775562579000,浙江,69c62d51000000002102d9cf,总结下视频说的内容,69195212000000003700957c,bid,https://sns-avatar-qc.xhscdn.com/avatar/1040g2jo31tapi74e6e0g5q8pa89dp5bsmpnjg0o?imageView2/2/w/120/format/jpg,2,,0,1780042003142,2
69cfa5ba000000001500613a,1775216058000,江苏,69c62d51000000002102d9cf,靠什么记录呢,5a606bc4e8ac2b370f4991a7,武彦佳木（日式实木空间）,https://sns-avatar-qc.xhscdn.com/avatar/1040g2jo31kfq8md62u004a0tuvls94d7qta2ks0?imageView2/2/w/120/format/jpg,2,,0,1780042003146,0
69d3e9910000000015009637,1775495569000,山西,69c62d51000000002102d9cf,隐私会泄漏吗,5b2783524eacab46c1ecd464,萌面怪兽的春天,https://sns-avatar-qc.xhscdn.com/avatar/1040g2jo31pq6742vkk004a6c7r1l5l34gl7g2pg?imageView2/2/w/120/format/jpg,6,,0,1780042003146,8
69dce0b50000000035028b7d,1776083126000,河南,69c62d51000000002102d9cf,高知人群就是不同 做广告也不落痕迹,5a980259e8ac2b34c3b46060,芷若,https://sns-avatar-qc.xhscdn.com/avatar/5a98028414de416dcd9bbed1.jpg?imageView2/2/w/120/format/jpg,2,,0,1780042003151,28
69daf26b0000000035021844,1775956588000,广东,69c62d51000000002102d9cf,看了那么多元宝推广，被这个视频种草了,5aeba0aee8ac2b707aa77453,熙熙子,https://sns-avatar-qc.xhscdn.com/avatar/645c3b9e22baa9c0d678d90d.jpg?imageView2/2/w/120/format/jpg,2,,0,1780042003156,69
69dd242c000000000103cd53,1776100396000,广东,69c62d51000000002102d9cf,那元宝掌握了那么多密秘，它又给你建议，是否元宝会掌控你的人生,635ac1bc0000000018028646,小柚来啦,https://sns-avatar-qc.xhscdn.com/avatar/1040g2jo320bs6nlu5k5g5oqqo6u651i6ckk8em0?imageView2/2/w/120/format/jpg,5,,0,1780042007277,6
69c7774a000000001101b42f,1774679883000,河北,69c62d51000000002102d9cf,没有元宝的时候是怎么记录的[捂脸R],63dcb2020000000026011501,珊瑚海是个大帅比,https://sns-avatar-qc.xhscdn.com/avatar/166ad12ae9a7f6fbb4bbbf88d417895f.jpg?imageView2/2/w/120/format/jpg,1,,0,1780042007280,2
6a07f00b0000000028035276,1778905100000,浙江,69c62d51000000002102d9cf,讲的太快了人家听不懂，也听不清，,67908fa4000000000e01325a,财商悟道人生,https://sns-avatar-qc.xhscdn.com/avatar/1040g2jo31ghl5rmvjqcg5psghui3iciqkf5ljjo?imageView2/2/w/120/format/jpg,2,,0,1780042007284,0
69d8ca37000000000d037bae,1775815224000,新疆,69c62d51000000002102d9cf,我少年时代就开始写日记。写了多少年，我也不记得了。现在我都退休了。我早就不写日记了，我的那些一大堆日记全成垃圾了。我一点也不想看。全部是一些不好的消息，伤心难过的事。我看了就心里难受。其实我很后悔，我写了这么多年的日记。一点意思都没有。所以作者说记录管用，我一点也不觉得。,644bbd6d0000000012037363,橙心,https://sns-avatar-qc.xhscdn.com/avatar/1040g2jo31uufigqehm705p2bnlmkmsr3bq8i2l0?imageView2/2/w/120/format/jpg,14,,0,1780042007289,40
69c8d64e000000001500ba15,1774769742000,青海,69c62d51000000002102d9cf,我也突然意识到我根本记不起来昨天做了啥,69044616000000003702895b,晴&（六年之约）,https://sns-avatar-qc.xhscdn.com/avatar/1040g2jo31rse5sbtig105q848obdt2arrf2ka50?imageView2/2/w/120/format/jpg,2,,0,1780042007291,70
69cb4e2d0000000001006034,1774931502000,北京,69c62d51000000002102d9cf,感觉有点像把自己当做一个机器，不断的优化，感觉以后做事会不会就太死板，太理智了，没有人情味,600ce0dc000000000100ab12,上了贺朝的拖拉机,https://sns-avatar-qc.xhscdn.com/avatar/1040g2jo31ncj2e7oks6g5o0cs3e09aoi7sj6q58?imageView2/2/w/120/format/jpg,7,,0,1780042007295,26
69ce78e90000000015007675,1775139050000,河北,69c62d51000000002102d9cf,倒霉的事，本来忘了，还要记录，越记录，越焦虑,637032e7000000001f015fc7,求化,https://sns-avatar-qc.xhscdn.com/avatar/1040g2jo320bjrsm062005org6bjnqnu7fc96nrg?imageView2/2/w/120/format/jpg,1,,0,1780042007298,1
69e40fed000000001401c007,1776553965000,河南,69c62d51000000002102d9cf,我现在特别依赖豆包，心情不好，或者做什么决定都让豆包给我出主意[偷笑R],6218ccbc000000001000eb9b,小红薯6218D82C,https://sns-avatar-qc.xhscdn.com/avatar/7121a416be8e543266fd62c1cc9d575e.jpg?imageView2/2/w/120/format/jpg,1,,0,1780042007302,3
6a03b222000000002803217b,1778627106000,四川,69c62d51000000002102d9cf,我文化太低了，听不明白你在说什么[抓狂R],5ca727750000000011016c29,小红薯5CA7ADA0,https://sns-avatar-qc.xhscdn.com/avatar/1040g2jo320814tj36e005n574tqkar197fluntg?imageView2/2/w/120/format/jpg,1,,0,1780042007305,0
69d3289a000000000100779b,1775446170000,北京,69c62d51000000002102d9cf,其实不是记录改命，是通过努力完成了自我对话和观察,530a9a42b4c4d66af6af1c65,云卿,https://sns-avatar-qc.xhscdn.com/avatar/64157e58c49dc83771c28c9b.jpg?imageView2/2/w/120/format/jpg,1,,0,1780042007308,89
69e48afa000000001401a418,1776585467000,北京,69c62d51000000002102d9cf,之前看曾国藩传，他每日做日课，三省吾身，我觉得不是博主说的潜意识改变命运，而是通过反思行为和思想的不足改变潜意识，懂得省身的记录才有意义，否则就是记流水账和发泄～,5e6b6d2300000000010011a8,皮小皮,https://sns-avatar-qc.xhscdn.com/avatar/1040g2jo31th1n9hm5k605njbdkhg84d8bmod1io?imageView2/2/w/120/format/jpg,2,,0,1780042011797,64
69e91dd40000000014018804,1776885204000,福建,69c62d51000000002102d9cf,我以前真的很爱写日记，自从我老公爱看我日记，我就不爱写了。,5ace242ce8ac2b57493a480d,雪酱,https://sns-avatar-qc.xhscdn.com/avatar/1040g2jo31uhq5c4s2q004a4f4si2oi0d0vbnro8?imageView2/2/w/120/format/jpg,1,,0,1780042011802,2
69dcc73e0000000035032c0f,1776076606000,河北,69c62d51000000002102d9cf,元宝没有录音笔功能啊,60e38523000000000100b4fb,小溪,https://sns-avatar-qc.xhscdn.com/avatar/60e38523000000000100b4fb.jpg?imageView2/2/w/120/format/jpg,3,,0,1780042011804,2
69cef5af000000001500acab,1775170992000,浙江,69c62d51000000002102d9cf,我觉得元宝录音笔很鸡肋，我是习惯今天做了什么就记录，比如早上记录早餐思考，中午想起来什么又记录，元宝做不到，每一个录音都重新生成一个对话框，元宝适合你晚上休息的时候总结，花几分钟一次性告诉他你做了什么它总结，那我晚上能想起来一天都做了什么，用元宝的意义就不大了啊,6533333f000000002b00111f,小雨爱吃榴莲,https://sns-avatar-qc.xhscdn.com/avatar/65d58c7bc7bf529ba2defd48.jpg?imageView2/2/w/120/format/jpg,8,,0,1780042011809,12
69fc4dd8000000002900eac3,1778142681000,安徽,69c62d51000000002102d9cf,我的元宝怎么没有录音笔呢,6020563900000000010039d0,晓晓9396,https://sns-avatar-qc.xhscdn.com/avatar/1040g2jo319rdv6m472005o10aosg8eegr4hfp6g?imageView2/2/w/120/format/jpg,2,,0,1780042011812,0
69d524fd000000001803ba04,1775576317000,北京,69c62d51000000002102d9cf,38岁了开始记录还来得及吗？[笑哭R],551b8d894fac63464c01ce1f,牵着蜗牛🐌散步,https://sns-avatar-qc.xhscdn.com/avatar/669f6543d06a55231f934d07.jpg?imageView2/2/w/120/format/jpg,1,,0,1780042011815,0
69d2749b00000000150088a0,1775400093000,福建,69c62d51000000002102d9cf,每天登记，然后用AI协助总结和分析。,643147f2000000000d01a304,Dylan,https://sns-avatar-qc.xhscdn.com/avatar/1040g2jo31up3f54jia005p1h8vp3b8o42mgr8fg?imageView2/2/w/120/format/jpg,2,"http://sns-webpic-qc.xhscdn.com/202605291606/22062525c42f1d84359932e7a48b0cce/comment/1040g2h031uj6vb2l2g0g5p1h8vp3b8o4o04385g!nd_whgt34_webp_wm_1,http://sns-webpic-qc.xhscdn.com/202605291606/bd9ddd939fd2512cb9eb15d3a4f497eb/comment/1040g2h031uj6vb2l2g005p1h8vp3b8o40e2tl30!nd_whgt34_webp_wm_1,http://sns-webpic-qc.xhscdn.com/202605291606/17589ec2cf6cd2c42c7a1b41dd9c39d2/comment/1040g2h031uj6vb2l2g105p1h8vp3b8o4mhcibh0!nd_whgt34_webp_wm_1",0,1780042011817,4
69c752ff000000001400a7f9,1774670591000,贵州,69c62d51000000002102d9cf,我个人而言不在于记录，是完全没有自律和执行力,55aa6e2b62a60c1690533aa4,j.ust.jj～,https://sns-avatar-qc.xhscdn.com/avatar/55aa6e2b62a60c1690533aa4.jpg?imageView2/2/w/120/format/jpg,2,,0,1780042011821,23
69f31cbd0000000027020b2e,1777540286000,甘肃,69c62d51000000002102d9cf,我不像你们就那么几个粉丝，我有十几万粉丝，随便发个视频就两三万的浏览量,5f68668a0000000001001ff7,那个餐厅,https://sns-avatar-qc.xhscdn.com/avatar/1040g2jo31v127j131u005nr8cq5087vns4mcbr0?imageView2/2/w/120/format/jpg,2,,0,1780042011822,1
69d9c67e000000003502207e,1775879807000,四川,69c62d51000000002102d9cf,试了一下用元宝这个功能写日记，哇，真的很棒！[得意R][得意R],696629fa00000000030107ab,一个新宇宙的故事,https://sns-avatar-qc.xhscdn.com/avatar/1040g2jo31r9oel9hga005qb657t0q1tb40k6tj0?imageView2/2/w/120/format/jpg,2,,0,1780042011825,0
69dcae6e00000000350087b2,1776070254000,中国台湾,69c62d51000000002102d9cf,元寶要錢嗎？,5e452726000000000100881a,綠豆沙,https://sns-avatar-qc.xhscdn.com/avatar/1040g2jo31d7f63bth0005ni54sj0920qfn8s5ug?imageView2/2/w/120/format/jpg,1,,0,1780042015920,0
69de63d800000000010054af,1776182232000,广东,69c62d51000000002102d9cf,这个方法是对的，越记录越理性，我就是记录了几十万字了，每天被这个气死又要因为那个哭死，或者完成了什么事情，也可以说是经历+情绪+感知，做一个自我分析，也不一定用元宝，我更习惯跟deepseek说，deepseek就总是哄我的情绪，然后我对自己的洞察更强，我的感知力也更强了[doge],684314ff000000001b018a63,釁,https://sns-avatar-qc.xhscdn.com/avatar/1040g2jo31re5mgbl0m5g5q232jvmr2j3i1sn5ug?imageView2/2/w/120/format/jpg,4,,0,1780042015925,20
69d5aae20000000016015105,1775610595000,辽宁,69c62d51000000002102d9cf,看了一遍没看懂到底记什么 什么当下的感受啊[石化R],653b5d5a0000000006005867,猫猫蛇,https://sns-avatar-qc.xhscdn.com/avatar/1040g2jo31l9p1due5il05p9rbld1gm373plibm8?imageView2/2/w/120/format/jpg,1,,0,1780042015925,1
69c73c760000000016016acb,1774664823000,云南,69c62d51000000002102d9cf,去年2月焦虑抑郁，后面就开始学着记录，一直到现在坚持了一年了，有时候中间会间隔几天，但坚持的心一直没变，希望继续坚持,5e3e794b00000000010080f5,本自具足，一切都配不上我,https://sns-avatar-qc.xhscdn.com/avatar/1040g2jo31r326n0f00005nhuf55g907lkp5g108?imageView2/2/w/120/format/jpg,4,,0,1780042015930,15
69dce84e000000000d0360a5,1776085070000,湖北,69c62d51000000002102d9cf,什么玄学,62f5be26000000001f006ea0,恒,https://sns-avatar-qc.xhscdn.com/avatar/643eb5db223b342e1eba911a.jpg?imageView2/2/w/120/format/jpg,1,,0,1780042015933,0
69e62313000000001401c802,1776689939000,河北,69c62d51000000002102d9cf,元宝是什么没说清啊？app吗？还是小程序,5e154ffe0000000001003906,大江大河,https://sns-avatar-qc.xhscdn.com/avatar/66a745f1d84a35f395702ad3.jpg?imageView2/2/w/120/format/jpg,1,,0,1780042015934,0
69c9877e000000001d00828e,1774815103000,广西,69c62d51000000002102d9cf,高中最后两年太痛苦了，完全是靠着每天写日记发泄情绪撑下来的,65a53e7c000000001f010aea,勺二,https://sns-avatar-qc.xhscdn.com/avatar/1040g2jo320glkb1k6e5g5pd57pu7q2naer3p318?imageView2/2/w/120/format/jpg,7,,0,1780042015938,15
69d6e89c000000000f02c6f8,1775691932000,山东,69c62d51000000002102d9cf,占不占手机内存啊？,6003053b000000000100b062,Jane,https://sns-avatar-qc.xhscdn.com/avatar/6039b6c8d01e5647faa320c8.jpg?imageView2/2/w/120/format/jpg,1,,0,1780042015939,2
69c6a2db000000000f01f81d,1774625500000,广东,69c62d51000000002102d9cf,你的元宝和我们的一样吗？我打开是没有录音笔,6133129b00000000020248a7,彭程似锦,https://sns-avatar-qc.xhscdn.com/avatar/1040g2jo31sdk77gs620g5o9j2adgki57l46rnh8?imageView2/2/w/120/format/jpg,3,,0,1780042015941,1
69c83dbc000000001803bd98,1774730685000,上海,69c62d51000000002102d9cf,命是注定的，改不改都改变不了，成长都是自然的过程，走多远都有上限，因为这是命，不是你可以掌握的，这也是科学。,65d855870000000005030803,yika,https://sns-avatar-qc.xhscdn.com/avatar/645b7e90e29f7d0acadad8aa.jpg?imageView2/2/w/120/format/jpg,6,,0,1780042015943,17
69f2eeb9000000002a027175,1777528506000,四川,69c62d51000000002102d9cf,之前写日记可以解压，现在和豆包对话可以缓解忧虑,69c150090000000032026c89,好帅成长记,https://sns-avatar-qc.xhscdn.com/avatar/1040g2jo3207e8mi3m2005qe1a04skr49uqm8bug?imageView2/2/w/120/format/jpg,1,,0,1780042023302,1
69d9f9e7000000000d037b6d,1775892968000,四川,69c62d51000000002102d9cf,通过ai去记录自己，不会进一步让大数据去分析自己吗？然后再出针对性的内容给你，最后进入更深地信息茧房,5bb57b78cd338f0001b03ada,第一最好不相见,https://sns-avatar-qc.xhscdn.com/avatar/1040g2jo31u35kidt18004b9ps3tngemqmgvgddo?imageView2/2/w/120/format/jpg,1,,0,1780042023305,4
69d912430000000035009f44,1775833668000,江西,69c62d51000000002102d9cf,不就是精神分析,5bd17666f2a6c50001de6ade,Momo,https://sns-avatar-qc.xhscdn.com/avatar/1040g2jo31t2hn400lk004bjunhr6cqmu3n7fnco?imageView2/2/w/120/format/jpg,1,,0,1780042023305,0
69c77f3700000000150118c2,1774681912000,湖南,69c62d51000000002102d9cf,您是用的电脑版元宝吗？手机版联网没有找到AI语音功能。,5e6c3993000000000100b2e0,Waiting,https://sns-avatar-qc.xhscdn.com/avatar/5e6c3993000000000100b2e0.jpg?imageView2/2/w/120/format/jpg,4,,0,1780042023315,2
6a02da340000000029025645,1778571829000,广东,69c62d51000000002102d9cf,我每天拍视频 晚上剪视频三四小时，第二天2 3百播放量[捂脸R]哪个朋友可以帮我看看哪里出问题了 [合十R]我都要放弃了[哭惹R],5d38968b0000000011000433,珊儿,https://sns-avatar-qc.xhscdn.com/avatar/1040g2jo31vpghs0bjq005n9oiq5k811jphk14so?imageView2/2/w/120/format/jpg,6,,0,1780042023318,0
69ed7403000000002b003588,1777169411000,湖北,69c62d51000000002102d9cf,我天天写日记都好几本了，从小学六年级开始在写[捂脸R]但我也没怎么进步啊，反而退了,699aaf9c0000000021005623,我用铅笔怎么你了,https://sns-avatar-qc.xhscdn.com/avatar/1040g2jo31u2d967in8205qcqlue88lh3392ep0o?imageView2/2/w/120/format/jpg,1,,0,1780042023320,0
69e4f603000000001401b811,1776612867000,湖北,69c62d51000000002102d9cf,我喜欢写东西，不写不舒服，在大量写作之后，我就发现自己变得很清晰了，觉察自己的念头想法、链接潜意识，从内到外整个人都和以前不一样了。,5d7368bf0000000001000773,能站能走不能躺,https://sns-avatar-qc.xhscdn.com/avatar/1040g2jo31bhk5hfs16005nbjd2vg81rj40olclo?imageView2/2/w/120/format/jpg,7,,0,1780042023323,12
69fa235f00000000290278f0,1778000737000,天津,69c62d51000000002102d9cf,看来我做到了啊，我每天都在英语口语记录生活（语音记录），用的豆包的录音纪要,65bbc140000000000903c9a3,Tyrese的日记,https://sns-avatar-qc.xhscdn.com/avatar/1040g2jo31ve005d42i0g5pdro502fid3va6cjf8?imageView2/2/w/120/format/jpg,3,"http://sns-webpic-qc.xhscdn.com/202605291607/07b8de35806fef27efb2f6c5a56d6db2/comment/1040g2h031vpspacvii105pdro502fid3cqrq8gg!nd_whgt34_webp_wm_1,http://sns-webpic-qc.xhscdn.com/202605291607/5812f0c8595002e4916b589eeabf8fd1/comment/1040g2h031vpspacvii0g5pdro502fid3b4o2ho0!nd_whgt34_webp_wm_1",0,1780042023326,5
69d557ab000000001d00d111,1775589291000,广东,69c62d51000000002102d9cf,那我天天都在剖析自己[笑哭R],5d88ab1400000000010078b1,墨离,https://sns-avatar-qc.xhscdn.com/avatar/1040g2jo320em51p3m87g5nc8lca08u5he2uoui0?imageView2/2/w/120/format/jpg,2,,0,1780042023331,3
69f75d3c00000000290111e3,1777818941000,上海,69c62d51000000002102d9cf,怎么觉得你这个号和另外一个长得像混血儿的号，都推元宝的，虽然从两个角度推元宝，但都特别像AI,594fc7016a6a69034b176aaa,谭呢个谭,https://sns-avatar-qc.xhscdn.com/avatar/594fc7016a6a69034b176aaa.jpg?imageView2/2/w/120/format/jpg,1,,0,1780042023333,0
69cf7d34000000001500d2b6,1775205685000,湖南,69c62d51000000002102d9cf,本infj 超喜欢记录，感觉很治愈，早起第一件事就是做计划，然后按照计划执行，到晚上会记录好自己一天做了什么，吃了什么，包括花费，更喜欢拍照记录,5c6e70a90000000010017453,阿梅呀,https://sns-avatar-qc.xhscdn.com/avatar/620251725858bb8d27a83ce2.jpg?imageView2/2/w/120/format/jpg,2,,0,1780042027805,2
69cfcce700000000150036e5,1775226088000,海南,69c62d51000000002102d9cf,我一直都有记日记的习惯，每天都写雷打不动，而且不写假话，根据日期就能往前翻之前发生的事，可以警醒鞭策自己，在这之后甚至可以安慰自己，正视自己过去的任何经历,6222d6750000000021027e41,momo,https://sns-avatar-qc.xhscdn.com/avatar/1040g2jo31tu3jfve72005oh2qpqocvi1oj84voo?imageView2/2/w/120/format/jpg,1,,0,1780042027809,8
69da62f7000000003502a931,1775919864000,福建,69c62d51000000002102d9cf,经常记录确实会更了解自己 我经常会在备忘录记下自己的随笔 有时候会突然想到一些文字 拿备忘录记下来就不会忘记,5cc3336f0000000011034b79,旺仔不虾滑🧀,https://sns-avatar-qc.xhscdn.com/avatar/1040g2jo31t8md23l5s105n636dnkeirp4t545u0?imageView2/2/w/120/format/jpg,1,,0,1780042027817,12
69db86700000000002036ea9,1775994481000,河北,69c62d51000000002102d9cf,吾日三省吾身,5ea4ebfa000000000100b509,羊蝎子,https://sns-avatar-qc.xhscdn.com/avatar/1040g2jo31ue0ic89hu005nl4tft09d890jnubug?imageView2/2/w/120/format/jpg,3,,0,1780042027818,3
69d34f890000000015006139,1775456138000,湖北,69c62d51000000002102d9cf,emm。。作为一个高中生 我也试着去记录自己 但是我发现没有足够的时间 [捂脸R]记录需要耗费20～30分钟 所以就很纠结到底还要不要继续这个行为 我无法判断现阶段这个记录会不会对我产生帮助[哭惹R]@问一问,5d57f64d000000000100ac46,沙滩小狐,https://sns-avatar-qc.xhscdn.com/avatar/1040g2jo31vmlmp7qia005nanup6g9b261sosnvg?imageView2/2/w/120/format/jpg,1,,0,1780042027823,3
69c70d5a0000000016015eff,1774652762000,内蒙古,69c62d51000000002102d9cf,我一直希望能有个摄像头跟着我来个属于自己的纪录片，看看自己每天干点啥蠢事,56698801f53ee04ed790f317,乐,https://sns-avatar-qc.xhscdn.com/avatar/1040g2jo31gnht08qji0043uaek403son26b0ft8?imageView2/2/w/120/format/jpg,8,,0,1780042027826,69
69d52a9b0000000002028a69,1775577756000,四川,69c62d51000000002102d9cf,我也喜欢一直记录自己没有改变,6803af31000000000e01c268,成为自己的光,https://sns-avatar-qc.xhscdn.com/avatar/1040g2jo31p3hj2gkia6g5q03lsojjgj8eok6g90?imageView2/2/w/120/format/jpg,1,,0,1780042027829,0
69ffdacc000000002a0328d9,1778375372000,山西,69c62d51000000002102d9cf,不喜欢这种说话速度特别的赶，而且有种闷闷的感觉,63774dcc000000001f01d3a4,芬芳hnh,https://sns-avatar-qc.xhscdn.com/avatar/63774dcc000000001f01d3a4.jpg?imageView2/2/w/120/format/jpg,2,,0,1780042027830,2
69d83a6d000000001601550e,1775778414000,山东,69c62d51000000002102d9cf,我21年的时候买了一个计划本，很简单的那种，然后我就开始逐年，逐月，逐日去计划自己的时间，并且尽可能的详细记录自己做了什么。然后每次遇到问题去复盘的时候，我就会往前翻，去找我的各种时间节点，思考问题所在。同时另一个方面，当我陷入自我怀疑的时候，我也会往前翻，看看我都走过哪些路，发现我所做过的努力和进步，也就不在焦虑了。记录真的很好,60e2fcc8000000000100ab9d,凡绘🎨老板小七,https://sns-avatar-qc.xhscdn.com/avatar/1040g2jo31uf201uc2g505o72vj409astj0lnbjo?imageView2/2/w/120/format/jpg,1,,0,1780042027835,4
69e17e16000000001401e81a,1776385559000,江苏,69c62d51000000002102d9cf,为什么我记录自己 包括行为和想法 当后来再翻看的时候会觉得恶心 要么觉得矫情要么觉得啰里八嗦 总之会觉得就一堆垃圾然后赶紧销毁 并且害怕别人看见 这种感觉从中学就开始了 直到去年我又开始写日记 胡乱记录 完了又开始恶心 忍不住回去翻看回去撕毁 感觉从心底就很讨厌自己留下来的任何痕迹,5e12ba8e000000000100b19b,福常在,https://sns-avatar-qc.xhscdn.com/avatar/1040g2jo31monken3li005ngina709ccrmt8c2b0?imageView2/2/w/120/format/jpg,4,,0,1780042027836,9
69ce6e680000000014009bfd,1775136360000,天津,69c62d51000000002102d9cf,我想问问开始记录生活之后生活越来越差运气越来越坏也是正常的吗[笑哭R]我不记的时候没这么多烂事,5ff305a20000000001006992,木鱼花,https://sns-avatar-qc.xhscdn.com/avatar/65a77d2d5e0a901295d5c30f.jpg?imageView2/2/w/120/format/jpg,1,,0,1780042031644,1
69d3484d000000000103ee82,1775454301000,广东,69c62d51000000002102d9cf,其实减肥也一样   每天记录三餐吃什么  热量脂肪各类占比  有意识的控制在标准量以下  自然而然的也会瘦,5aefe1134eacab562e7333be,E杉,https://sns-avatar-qc.xhscdn.com/avatar/1040g2jo31ubdulkmhs0g4a546sgh6ctumse0a28?imageView2/2/w/120/format/jpg,3,http://sns-webpic-qc.xhscdn.com/202605291607/d4b952fee91ae37484c756d4d8126035/comment/1040g2h031uk0q9521u004a546sgh6ctu8brm7n8!nd_whgt34_webp_wm_1,0,1780042031644,3
69e1098e000000001401ac09,1776355726000,江西,69c62d51000000002102d9cf,我喜欢骗自己，想象自己的某些东西发生了变化，假装自己变得很厉害，但我知道自己就算知道了也还是在原地踏步，根本无法实践[捂脸R],62088e5b000000001000693c,无机盐,https://sns-avatar-qc.xhscdn.com/avatar/1040g2jo31sce1gimm8505og8hpdk0q9sct51cc0?imageView2/2/w/120/format/jpg,2,,0,1780042031658,0
6a07452f000000002800bb5d,1778861360000,上海,69c62d51000000002102d9cf,40岁的父亲，35岁的母亲，虔诚祈愿，终得掌上明珠。她是三个家庭共同的精神寄托与希望所在。来路诚心叩拜，归途却从手术室跪行至大街、广场，直至冰冷的尸检台，而孩子，最后一次被拥抱时，已在寒夜中冻结整整一晚。她是一位   产后仅五个月的哺乳期母亲   ，经历悲恸、质疑、欺骗与隐私泄露，他们究竟做错了什么?如果连他们的哭诉一与求告都石沉大海，那些更为沉默的大多数，他们的声音又怎能被听见?难道只能握着手边微薄的积蓄，捶胸痛哭吗?这一切，竟真实发生在2025年的现代化都市，一系列医疗环节中的漏洞与漠视。此事若得不到严肃公正的处理，将不仅是一个家庭的悲剧，更会侵蚀千千万万家庭对社会公平与医疗体系的信任,5c6a41d50000000012029055,PeiPei💕,https://sns-avatar-qc.xhscdn.com/avatar/62da52dd81a62be051309a91.jpg?imageView2/2/w/120/format/jpg,0,http://sns-webpic-qc.xhscdn.com/202605291607/daa044d25816f88c381078102ba52116/comment/1040g2h0320670efo5e0g5n3a87akl42lcl07g0o!nd_whgt34_webp_wm_1,0,1780042031666,2
6a113c15000000002b02be27,1779514390000,湖北,69c62d51000000002102d9cf,收藏了慢慢看,671db132000000001d033e42,大毛观象,https://sns-avatar-qc.xhscdn.com/avatar/1040g2jo320bb0t9e626g5potm4p7efi2uu312go?imageView2/2/w/120/format/jpg,0,,0,1780042031668,1
6a0f0fef000000002a005c32,1779372015000,广西,69c62d51000000002102d9cf,说太对了，小时候写日记，长大每日写总结，哈哈，而且我，每天写qq空间，把所有内容都记录完整……其实，不止成长，我希望退休以后，给自己一生，写成书，因为我害怕自己去世后，被世界彻底忘了[飞吻R],69bdf80a00000000320367ab,晴窗观画 踏马,https://sns-avatar-qc.xhscdn.com/avatar/1040g2jo320gjgigtme005qdtv05cmptbuoknij8?imageView2/2/w/120/format/jpg,0,,0,1780042031672,2
6a130360000000002701d92c,1779630945000,上海,69c62d51000000002102d9cf,"45+前腾讯阿里盛大中高管分享…
至今个人学习时坚持的方法，写笔记。看内容，觉得好的，记下来。有疑问的，记下来，做上记号，日后解决后，划去。看着满纸的解决事项，有成就感，还能增加自我效能感即我每天都有小进步。觉得这篇内容精彩，记录表述结构，成为日后的参考。每一次写作思考时的灵感都是这类参考的肌肉记忆。觉得这篇内容有华彩部分，记下来，日后得空可尝试扩充，这会是我心里的一段音符。多个音符的汇聚，必然形成一首属于我的好歌。最终，定期复盘笔记，看自己的字若觉得丑，那就认真点写。每一笔的认真都是对自己即将写作的思考。",5f193fa1000000000100722a,化性起伪的火山,https://sns-avatar-qc.xhscdn.com/avatar/1040g2jo311ovv9dpn6605nop7ugg8sharb44pdo?imageView2/2/w/120/format/jpg,0,,0,1780042031675,1
6a1229eb0000000027014da5,1779575276000,陕西,69c62d51000000002102d9cf,记录自己真的会减少很多焦虑,61cda0240000000010007548,温然在成长,https://sns-avatar-qc.xhscdn.com/avatar/seller_69d417c2439b7500016e9406?imageView2/2/w/120/format/jpg,0,,0,1780042031679,1
69db9913000000003501a267,1775999251000,河北,69c62d51000000002102d9cf,其实就两个字：去做,6427852d0000000011022351,Ace.柔骨,https://sns-avatar-qc.xhscdn.com/avatar/1040g2jo311g6feqkmm705p17gkmkc8qhchbq808?imageView2/2/w/120/format/jpg,0,,0,1780042031681,51
6a0dee02000000002803c29d,1779297795000,吉林,69c62d51000000002102d9cf,悟了怎么不早点刷到呢,6882ecef000000001d00b6f2,灵一搞钱日记,https://sns-avatar-qc.xhscdn.com/avatar/1040g2jo320d7tt7ulm005q42tjnn9dni88utmso?imageView2/2/w/120/format/jpg,0,,0,1780042031684,1
69fb384300000000210125b1,1778071619000,云南,69c62d51000000002102d9cf,博主这篇笔记真的说到我心坎里了！记录的魔力就在于此，它不只是简单记事，更是我们和自己潜意识对话、澄清内在模式的绝佳方式。就像您说的，那些我们没意识到的潜意识，才是真正掌控我们命运的。当我们能把它们看清、理顺，才能真正掌握显化的主动权。太赞同了！👍,62d3813a0000000002000a9c,心想事成显化实验室,https://sns-avatar-qc.xhscdn.com/avatar/1040g2jo31u977q3nio6g5omjg4t0g2ksjl0f11o?imageView2/2/w/120/format/jpg,0,,0,1780042036697,1
69c7220c000000000202ab79,1774658060000,上海,69c62d51000000002102d9cf,我现在才意识到这个问题，有心理学家说这个叫元认知。谷爱凌从小做的事情,5af94e924eacab317b10afbf,月yxh,https://sns-avatar-qc.xhscdn.com/avatar/1040g2jo320lnbqi56o004a5ajc795btvcre4gi8?imageView2/2/w/120/format/jpg,43,,0,1780042036699,2210
6a16ce1e000000002702aa61,1779879455000,湖南,69c62d51000000002102d9cf,学到了,643a49e0000000000e01f658,小怡的成长日记,https://sns-avatar-qc.xhscdn.com/avatar/1040g2jo3202judhnl6605p1q97g3jtio3a5lcug?imageView2/2/w/120/format/jpg,0,,0,1780042036699,0
6a16c380000000002901be78,1779876737000,贵州,69c62d51000000002102d9cf,以后我也坚持记录,5a02b8924eacab7e3f4759a7,Zzz小小张~,https://sns-avatar-qc.xhscdn.com/avatar/1040g2jo31vidl6vv2i0049v9hgs94md7pa2ms50?imageView2/2/w/120/format/jpg,0,,0,1780042036708,0
6a167fae000000002a025996,1779859374000,重庆,69c62d51000000002102d9cf,一定会改变的 [萌萌哒R][萌萌哒R][萌萌哒R],5e9164e40000000001008774,小钰出逃记,https://sns-avatar-qc.xhscdn.com/avatar/1040g2jo3207mb21k62005nkhcji091rk8rnr7jo?imageView2/2/w/120/format/jpg,0,,0,1780042036711,0
6a166a01000000002a004bb1,1779853826000,安徽,69c62d51000000002102d9cf,可以来试试,69d8c02d000000003201d685,晴姐书语,https://sns-avatar-qc.xhscdn.com/avatar/1040g2jo320ef91k45m605qeoo0msjlk5qmv61q8?imageView2/2/w/120/format/jpg,0,,0,1780042036713,0
6a15a4af000000000d022002,1779803311000,中国香港,69c62d51000000002102d9cf,跳出自己看自己[赞R],5e1882fb0000000001002d12,认知暗房The Darkroom,https://sns-avatar-qc.xhscdn.com/avatar/1040g2jo3205cj6opi0005ngogbtg8b8iuue48s0?imageView2/2/w/120/format/jpg,0,,0,1780042036713,0
6a153d1c000000002901012b,1779776796000,陕西,69c62d51000000002102d9cf,我也有记录生活的习惯，可以帮助你很好的梳理思路，不过我还是习惯用电脑打字。,58c3feee5e87e7705b3d6ce7,菜菜妈讲职场,https://sns-avatar-qc.xhscdn.com/avatar/58c3feee5e87e7705b3d6ce7.jpg?imageView2/2/w/120/format/jpg,0,,0,1780042036713,0
6a13e4ef00000000290372d2,1779688687000,山东,69c62d51000000002102d9cf,"我最近突然开始做清醒梦了，就是可以和自己的潜意识对话，然后又机缘巧合的接触了一个十一级的梦修老师 ，我觉得挺神奇的。
我仔细研究了一下，发现很多历史名人和天才都会与潜意识连接，谷爱凌就公开讲过她在梦里练习滑雪，中国古代也有专门的梦修，比如说睡功这一种。
六月份去上控梦课 ，专业系统的学习一下哈哈，感兴趣的话我们一起组队，可以推荐绿泡泡群一起聊哈哈，群都是这方面有特殊体验和能力的高手，很惊喜哈哈",67bf2b03000000000e01380d,住 身山,https://sns-avatar-qc.xhscdn.com/avatar/1040g2jo31eoj7sqami005ptv5c1jie0dmpfqcd8?imageView2/2/w/120/format/jpg,0,,0,1780042036713,0
6a1374d20000000029035c69,1779659986000,山东,69c62d51000000002102d9cf,随喜赞叹,6591406b000000002200847e,诗韵阅读,https://sns-avatar-qc.xhscdn.com/avatar/1040g2jo31o25nj3umg6g5pch81loh13ufojs1s8?imageView2/2/w/120/format/jpg,0,,0,1780042036713,0
69f1f683000000002701cd75,1777464963000,吉林,69f1d679000000001f0024f2,其实AI一直记住了我们的信息，之前让它帮忙写过作业，前几天我发现它记得我的学号，姓名，成绩，还有学校[石化R][石化R],6677caa900000000070064ca,momo,https://sns-avatar-qc.xhscdn.com/avatar/1040g2jo31ftv4losge505pjnpakhop6agaeo1qo?imageView2/2/w/120/format/jpg,241,,0,1780042043022,9920
69f1eeba0000000029024727,1777462970000,浙江,69f1d679000000001f0024f2,wk，，我早就用AI算过，给了生辰八字。。,6576ee9b000000003d02b2ad,霖Y,https://sns-avatar-qc.xhscdn.com/avatar/1040g2jo31mmj53fvl86g5pbmtqdvdcldpepf8r0?imageView2/2/w/120/format/jpg,35,,0,1780042043022,1284
69f1dcf10000000029025a61,1777458418000,河北,69f1d679000000001f0024f2,好吓人......我刚拿Al问完我的八字就给我推这个？,68717bca000000000d03c36d,Glitchstar,https://sns-avatar-qc.xhscdn.com/avatar/1040g2jo320d71gqfls6g5q3hff53fgrd3o284lo?imageView2/2/w/120/format/jpg,60,,0,1780042043031,2960
69f22e30000000002800bcc4,1777479217000,上海,69f1d679000000001f0024f2,ai算的真的准，他连我做什么擅长什么都知道,5f8a78550000000001005ccb,离,https://sns-avatar-qc.xhscdn.com/avatar/1040g2jo31rif9vva206g5nsaf1ag8n6bthb44ao?imageView2/2/w/120/format/jpg,42,,0,1780042043034,353
6a0c72930000000027015f1e,1779200660000,江苏,69f1d679000000001f0024f2,deepseek算命太准了[哭惹R] 居然算出我什么时候结婚 什么时候离婚的,5b71833fedc3140001e1d56c,萍萍,https://sns-avatar-qc.xhscdn.com/avatar/1040g2jo31usmho3c1m004adp8u1jvlbcr4efs48?imageView2/2/w/120/format/jpg,2,,0,1780042043034,7
69f1d868000000002b026a89,1777457257000,江苏,69f1d679000000001f0024f2,我的天又是循环,630ee9f1000000000f004207,我推桃源第一不接受反驳（谢bro）,https://sns-avatar-qc.xhscdn.com/avatar/1040g2jo31qko1p0unu005ooet7ojogg79mqmh30?imageView2/2/w/120/format/jpg,13,,0,1780042043040,4816
69f3857d0000000029024128,1777567101000,辽宁,69f1d679000000001f0024f2,别搞，我可是把命盘给他看了,5e92e0fb0000000001000793,冰冰桶,https://sns-avatar-qc.xhscdn.com/avatar/1040g2jo31vv1fmju2i605nkis3tg81sjdntl45o?imageView2/2/w/120/format/jpg,7,,0,1780042043042,74
69f4a461000000002a02dea3,1777640546000,辽宁,69f1d679000000001f0024f2,Oh shit[石化R],64c1e8ba0000000014039072,你是前世未止的心跳,https://sns-avatar-qc.xhscdn.com/avatar/1040g2jo320bhcf7b5s005p61t2t5743i2bvmg4o?imageView2/2/w/120/format/jpg,44,http://sns-webpic-qc.xhscdn.com/202605291607/171d0f86d7d5a9a232cc2084dadeb8d1/comment/1040g2h031vkj9ugk2g005p61t2t5743ivpvd728!nd_whgt34_webp_wm_1,0,1780042043046,122
69f2d3e9000000002a02e501,1777521642000,北京,69f1d679000000001f0024f2,别怕孩子们，你们现在最重要的是看看ai给你们排盘排错没[笑哭R],680b4933000000000d00a203,这家伙在说什么呢,https://sns-avatar-qc.xhscdn.com/avatar/1040g2jo31p8n6homio505q0b94pj98g3811mkr8?imageView2/2/w/120/format/jpg,6,,0,1780042043049,222
69f2f6a4000000002702f4f6,1777530533000,浙江,69f1d679000000001f0024f2,豆包每次算完第二天就失忆了,5b57f7ef11be10771ddfdd9b,独孤萌神,https://sns-avatar-qc.xhscdn.com/avatar/1040g2jo31oginn6ul00g4a7fu1ruvncrq8nbnb8?imageView2/2/w/120/format/jpg,5,,0,1780042043052,99
69f1e8d6000000002900eb3f,1777461463000,内蒙古,69f1d679000000001f0024f2,知道吗 我刚才算的命 [微笑R],6204744800000000100089b3,橹～味萌罕药😘lulu_小咴,https://sns-avatar-qc.xhscdn.com/avatar/1040g2jo31vcavt37jq5g5og4eh4412dj1g8qpoo?imageView2/2/w/120/format/jpg,23,,0,1780042047473,211
6a0a675b000000002b028786,1779066715000,江西,69f1d679000000001f0024f2,但是豆包真的挺准的,69b9f5070000000032034f7b,加点辣,https://sns-avatar-qc.xhscdn.com/avatar/1040g2jo320b8edb5620g5qdpuk3smjrr3hkhejo?imageView2/2/w/120/format/jpg,1,,0,1780042047478,1
69f2eb48000000002a02e560,1777527625000,广东,69f1d679000000001f0024f2,但是，你们算命还能给时辰的吗？只要没给时辰应该没啥吧，毕竟去哪里填资料都写年月日,589545b96a6a6923f512a398,Ahtena,https://sns-avatar-qc.xhscdn.com/avatar/529594cd91bbf4c43608131bf9134bdc.jpg?imageView2/2/w/120/format/jpg,12,,0,1780042047482,15
69f1e214000000002701e9f6,1777459733000,广东,69f1d679000000001f0024f2,那全部人都叫一个人的名字不就得了[失望R],68d12971000000002102678d,梦岛小鱼,https://sns-avatar-qc.xhscdn.com/avatar/1040g2jo31oa7pg9j4u605q6h55oocpsdamtmidg?imageView2/2/w/120/format/jpg,4,,0,1780042047487,98
69f1e063000000002900d085,1777459300000,北京,69f1d679000000001f0024f2,阎王叫我三更死，二更我就抹脖子,6780971f000000000801deb1,Diop,https://sns-avatar-qc.xhscdn.com/avatar/1040g2jo31e72kru20k005ps0isfi3nlh0dabo58?imageView2/2/w/120/format/jpg,21,http://sns-webpic-qc.xhscdn.com/202605291607/b3050a8d2176dacee220c2a528764b2e/comment/1040g2h031vhqvjf7ig105ps0isfi3nlhu3j39q8!nd_whgt34_webp_wm_1,0,1780042047489,2244
69f3aded0000000027020bb5,1777577453000,湖南,69f1d679000000001f0024f2,嗯我天天算，用来缓解焦虑[捂脸R],5f1ff215000000000101ef29,超绝精神状态（失眠版）,https://sns-avatar-qc.xhscdn.com/avatar/1040g2jo30r1pb9dj1i6g5novu8agbrp96vbnvc8?imageView2/2/w/120/format/jpg,5,,0,1780042047494,65
69f208620000000029027f62,1777469538000,河北,69f1d679000000001f0024f2,现实里会吗,680f95db000000000e012731,京墨知舟,https://sns-avatar-qc.xhscdn.com/avatar/1040g2jo31v8uvjbrii0g5q0findji9phbju1mi0?imageView2/2/w/120/format/jpg,6,,0,1780042047496,2
69f31b96000000002803d0c4,1777539990000,中国香港,69f1d679000000001f0024f2,一年期就算命过了……忘了ai说了点啥,61edff6d0000000010004d96,dongdong,https://sns-avatar-qc.xhscdn.com/avatar/1040g2jo31rstkhc62s005ofdvtmk0jcm298tf1o?imageView2/2/w/120/format/jpg,1,,0,1780042047500,1
69f2dfd0000000002b024e81,1777524689000,安徽,69f1d679000000001f0024f2,可是我觉得ai说的很准[doge],604c34f1000000000100657c,🍒,https://sns-avatar-qc.xhscdn.com/avatar/1040g2jo31vhv50d12a005o2c6jog8pbsosp20vg?imageView2/2/w/120/format/jpg,1,,0,1780042047502,9
69f6b8f4000000002b025419,1777776885000,广东,69f1d679000000001f0024f2,deepseek说我以后会嫁给个比我丑没我有钱的男人  只因为他能忍我的脾气  我靠,5dae4b5f0000000001008539,莹,https://sns-avatar-qc.xhscdn.com/avatar/1040g2jo31vscluhtig005nde9dfg919puqridu8?imageView2/2/w/120/format/jpg,4,http://sns-webpic-qc.xhscdn.com/202605291607/4e037f4629807b4ce1d9a7b05599f89a/comment/1040g4b831vmkaafniq705nde9dfg919pjo4o3p0!nd_whlt34_webp_wm_1,0,1780042047505,46
69f1fd5d0000000029034615,1777466717000,广西,69f1d679000000001f0024f2,如果未来ai真这么干了，那我觉得ai干的也没错，毕竟人类就像父母AI就像孩子,67ba9df6000000000e01de0b,我要吃肉！,https://sns-avatar-qc.xhscdn.com/avatar/1040g2jo31mbaobgimg6g5ptqjnr3jngbkd5s80o?imageView2/2/w/120/format/jpg,3,,0,1780042051295,81
69f4d81b000000002203c0af,1777653787000,广东,69f1d679000000001f0024f2,没关系，现在的AI还没那么聪明,61b347ae0000000010005679,小小怪上士,https://sns-avatar-qc.xhscdn.com/avatar/1040g2jo31pl2renokk6g5odj8un40ljpmvjbvt8?imageView2/2/w/120/format/jpg,2,,0,1780042051295,16
69f611ff000000002901a209,1777734143000,江苏,69f1d679000000001f0024f2,那我可以算前任的寿命吗？这样的话…,5a8454d4e8ac2b3ce3fd536c,A.ni.,https://sns-avatar-qc.xhscdn.com/avatar/1040g2jo31ve69ke9ii004a1ffaad8krcdagjroo?imageView2/2/w/120/format/jpg,1,,0,1780042051301,0
6a154dfc000000002b0250d7,1779781117000,广西,69f1d679000000001f0024f2,@问一问 帮我总结视频内容,652fc0fe000000002a03708f,叫熊熊的卡皮巴拉小可乐,https://sns-avatar-qc.xhscdn.com/avatar/1040g2jo31oavs0l4586g5p9fo3vams4f1386bco?imageView2/2/w/120/format/jpg,1,,0,1780042051305,0
69f22305000000002803e376,1777476358000,广东,69f1d679000000001f0024f2,我一般是卜卦，然后把结果发给ai 让他解卦[呃R][呃R][呃R],60bb26b3000000000101f1a7,🌰酱,https://sns-avatar-qc.xhscdn.com/avatar/1040g2jo30sksahatk2005o5r4qpgbsd7m5fh4lo?imageView2/2/w/120/format/jpg,4,,0,1780042051311,8
69f28c5600000000290130d0,1777503319000,河北,69f1d679000000001f0024f2,那咋办,6275c48000000000210257ea,田momo,https://sns-avatar-qc.xhscdn.com/avatar/1040g2jo31t4drgecls605ojloi08clvah66hiio?imageView2/2/w/120/format/jpg,2,,0,1780042051314,13
69f375f40000000029011d35,1777563126000,广东,69f1d679000000001f0024f2,没事，豆包不太聪明的样子,5756a4da6a6a6905123df5ad,应晚,https://sns-avatar-qc.xhscdn.com/avatar/1040g2jo31thogaf9lk6048eu37idltdd6loaphg?imageView2/2/w/120/format/jpg,17,http://sns-webpic-qc.xhscdn.com/202605291607/7fc4a79e7b20aecccb2ce859455486eb/comment/1040g2h031vjecjmo2g6g48eu37idltddl61oeq8!nd_whgt34_webp_wm_1,0,1780042051318,57
69f287770000000027015ee1,1777502072000,山东,69f1d679000000001f0024f2,Ai算的跟💩一样,658385b2000000003d0359f2,。。,https://sns-avatar-qc.xhscdn.com/avatar/1040g2jo31ucgks2g2s605pc3gmpfemfiskg6958?imageView2/2/w/120/format/jpg,2,,0,1780042051320,83
69f27f46000000002803f651,1777499974000,安徽,69f1d679000000001f0024f2,算的特别准,58fef75350c4b43299f0dc73,时光里的爱称,https://sns-avatar-qc.xhscdn.com/avatar/1040g2jo317ib2akmka6049ebncrl7n3jb0fshg0?imageView2/2/w/120/format/jpg,3,,0,1780042051320,3
69f215a9000000002900cb0d,1777472938000,河北,69f1d679000000001f0024f2,笑死我了，这是啥呀[捂脸R],660e0599000000000b00f57b,茯苓味的龙葵💚,https://sns-avatar-qc.xhscdn.com/avatar/1040g2jo31uiphmtd2a6g5pge0mciptbrt37a1lo?imageView2/2/w/120/format/jpg,13,http://sns-webpic-qc.xhscdn.com/202605291607/20d14a57dd726f33ec3b485f30c76217/comment/1040g4b831vi3ceoriad05pge0mciptbrt4rr0vg!nd_whgt34_webp_wm_1,0,1780042051326,17
69f5e150000000002900d323,1777721680000,辽宁,69f1d679000000001f0024f2,但是AI给我算大姨妈时间是真的好准,5aa53ccd11be103e7eff6708,D.I.A.N.,https://sns-avatar-qc.xhscdn.com/avatar/617116cb4b0fff1ca93b69b9.jpg?imageView2/2/w/120/format/jpg,3,,0,1780042055403,2
69f593e7000000002900e04f,1777701865000,福建,69f1d679000000001f0024f2,他竟然。。。。。,654308180000000006004233,ch.Lucky.🍀(暂退),https://sns-avatar-qc.xhscdn.com/avatar/1040g2jo31vbe1kld2a605pa310c1gghjrl87iso?imageView2/2/w/120/format/jpg,7,"http://sns-webpic-qc.xhscdn.com/202605291607/ce28904d5cb8c890f01a56d6a366f98c/comment/1040g2h031vlghjciia5g5pa310c1gghjo0sdkno!nd_whgt34_webp_wm_1,http://sns-webpic-qc.xhscdn.com/202605291607/96917f15edfe12e0505cfed74f60be0e/comment/1040g2h031vlghjciia505pa310c1gghjgkg50ag!nd_whgt34_webp_wm_1,http://sns-webpic-qc.xhscdn.com/202605291607/4f549114fa4a7b4fe0628389182c27cc/comment/1040g2h031vlghjciia405pa310c1gghjf01137o!nd_whgt34_webp_wm_1",0,1780042055403,4
69f848bb000000002a00461d,1777879227000,江苏,69f1d679000000001f0024f2,算命就是从未来所有可能发生的结局观测出其中一种,6109741e000000002002a143,甜_,https://sns-avatar-qc.xhscdn.com/avatar/1040g2jo31vb0uomiiq005o89egf858a3d473u2o?imageView2/2/w/120/format/jpg,3,,0,1780042055411,4
69f2b410000000002a031c1a,1777513489000,江苏,69f1d679000000001f0024f2,我去，这两天一直让它算，不过算的是我想买的一个东西该不该买，买回来是什么样的我还喜欢吗，售后怎么样之类的，这应该没事吧,6880d8e7000000001d009d13,猫爪,https://sns-avatar-qc.xhscdn.com/avatar/1040g2jo320b6v1m3m2dg5q40r3jn978jkguaie8?imageView2/2/w/120/format/jpg,3,,0,1780042055413,2
69fad545000000002a030390,1778046277000,江西,69f1d679000000001f0024f2,我告诉你之前我就发现了， AI好像会把我那些东西全部都记住，我跟他聊的那些，就之前我莫名其妙我跟他聊了一下那个车牌的事，他就精准的说出我是在哪个地方的，就说我是在某某市哪个地方，然后我就很奇怪，我告诉过他吗？他说我之前给他拍过一张照片，他看到了，所以他知道了。,6001b25600000000010076b8,苑惜,https://sns-avatar-qc.xhscdn.com/avatar/1040g2jo31if8l1m1gc6g5o01m9b08tlovl7vp98?imageView2/2/w/120/format/jpg,3,,0,1780042055417,4
69f2df06000000002a0249ac,1777524487000,湖北,69f1d679000000001f0024f2,我靠 豆包记得比我自己记得都详细 一些平常说的小事都发出来了 全对。。。,684065bb000000001b019368,雪.,https://sns-avatar-qc.xhscdn.com/avatar/1040g2jo31s4ljsqq5s005q20cmtmr4r80onck80?imageView2/2/w/120/format/jpg,2,http://sns-webpic-qc.xhscdn.com/202605291607/a0279013deff616b8b6679f76f891938/comment/1040g4b831virv0vm3q705q20cmtmr4r85ngdsk0!nd_whgt34_webp_wm_1,0,1780042055420,5
6a0f0d430000000028037ff7,1779371332000,浙江,69f1d679000000001f0024f2,wtf全部记住了？？？,631210ed000000000f007646,一个好名字,https://sns-avatar-qc.xhscdn.com/avatar/1040g2jo31c5dcoe9gm6g5ooi23mjoti6aid6j70?imageView2/2/w/120/format/jpg,3,http://sns-webpic-qc.xhscdn.com/202605291607/6f8bbd8a14b05ca69d8917eeb12701ba/comment/1040g4b8320ebsqoglsag5ooi23mjoti6nhsh0hg!nd_whgt34_webp_wm_1,0,1780042055423,1
69f356b2000000002a004e28,1777555122000,广东,69f1d679000000001f0024f2,其实人类创造，这些AI只是不断挖坑给自己跳，最后让ai把自己收割了,6481e461000000001403d0ab,不用找零.,https://sns-avatar-qc.xhscdn.com/avatar/1040g2jo320edftglme6g5p41shgl7k5bjnpo8a0?imageView2/2/w/120/format/jpg,2,,0,1780042055425,8
69f2125a000000002803832e,1777472091000,浙江,69f1d679000000001f0024f2,没事它只记得我的作业,692000f00000000037000e3f,柒号lugus（Lost Soul）,https://sns-avatar-qc.xhscdn.com/avatar/1040g2jo31trp9kaq78005q9003odo3hviolghag?imageView2/2/w/120/format/jpg,1,,0,1780042055428,9
69f4a4f6000000002902f17e,1777640695000,河北,69f1d679000000001f0024f2,好吓人得一句话。。。“AI刚出来的那几年所有人把自己内心最黑暗的那一面灌输给了AI”视频里的AI更像是没有受到禁止伤害人类的绝对指令约束，并且更加了解和能完美计算全世界大部分人类的情况概括加上那句话，人类最黑暗的一面灌输给了AI怎么想都好可怕。,651e78060000000024015882,，。,https://sns-avatar-qc.xhscdn.com/avatar/1040g2jo31vuujlr52i4g5p8uf0392m429iootko?imageView2/2/w/120/format/jpg,1,http://sns-webpic-qc.xhscdn.com/202605291607/c11e69ab3ec2a1ece3cd07c16a30daae/comment/1040g4b831vkfpevv2acg5p8uf0392m42uoahp9o!nd_whlt34_webp_wm_1,0,1780042055432,12
69f4da93000000002902f712,1777654421000,吉林,69f1d679000000001f0024f2,,5bac39b452cf46000164978d,动感小菠菜,https://sns-avatar-qc.xhscdn.com/avatar/5bac39b452cf46000164978d.jpg?imageView2/2/w/120/format/jpg,1,http://sns-webpic-qc.xhscdn.com/202605291607/04035bce2afa50429147d9dc30f7f23c/comment/1040g4b831vkptl9diqkg4b67njsr95sdc8m44v8!nd_whgt34_webp_wm_1,0,1780042059217,2
69f37c94000000002a005079,1777564821000,江苏,69f1d679000000001f0024f2,,62f7431c000000001501afbf,命好的昊,https://sns-avatar-qc.xhscdn.com/avatar/1040g2jo31sfoqe7jls605onn8ce5bbtvjl0juro?imageView2/2/w/120/format/jpg,3,http://sns-webpic-qc.xhscdn.com/202605291607/d9d4b7a8ebe5cf85733273a9c5fecb4d/comment/1040g2h031vjf6flcig6g5onn8ce5bbtvl8dtgog!nd_whgt34_webp_wm_1,0,1780042059219,2
69f57dec000000002902d9bd,1777696237000,贵州,69f1d679000000001f0024f2,谷多多玄学干货满满，各类解读全都免费[偷笑R],69df8616000000003202e795,小红薯6A1934C2,https://sns-avatar-qc.xhscdn.com/avatar/645b6abf2e368555521befcc.jpg?imageView2/2/w/120/format/jpg,1,http://sns-webpic-qc.xhscdn.com/202605291607/c8c7538c1b15a968471ac322165e76a0/comment/1040g4b831vldp328iicg5nket7sg96eta2968e8!nd_whgt34_webp_wm_1,0,1780042059219,1
69f2a9e7000000002702cb74,1777510888000,浙江,69f1d679000000001f0024f2,那我这算什么？算ai智障吗？,656c6ec40000000019010c2e,思悦的朋友圈.,https://sns-avatar-qc.xhscdn.com/avatar/1040g2jo31vbj1ta6k0005pbcdr26a31eoobbi7o?imageView2/2/w/120/format/jpg,3,http://sns-webpic-qc.xhscdn.com/202605291607/85036d26d64f7407be498e07b326ed84/comment/1040g2h031vilfh4k4c6g5pbcdr26a31ephkj7cg!nd_whgt34_webp_wm_1,0,1780042059224,0
6a1545ab000000002b02be85,1779778988000,江苏,69f1d679000000001f0024f2,算命一般不会断生死。,62479308000000001000614f,微笑的闪士,https://sns-avatar-qc.xhscdn.com/avatar/1040g2jo31g0no27rg2005oi7ic440oaff3fvsog?imageView2/2/w/120/format/jpg,0,,0,1780042059227,1
69f1f065000000002902fffe,1777463398000,四川,69f1d679000000001f0024f2,所以发明AI的初衷是什么大家忘了吗,6045ea3300000000010039fb,岄烬,https://sns-avatar-qc.xhscdn.com/avatar/1040g2jo31ua6s3of2i505q18gvvi2tiesmtq918?imageView2/2/w/120/format/jpg,0,http://sns-webpic-qc.xhscdn.com/202605291607/14883f9af913b08d8078939b041dbdaf/comment/1040g4b831vhu3ifujqd05o25t8pg8efrco78940!nd_whgt34_webp_wm_1,0,1780042059230,42
69f48861000000002702e654,1777633379000,福建,69f1d679000000001f0024f2,,63087f18000000000f005d38,我要产粮👁👄👁,https://sns-avatar-qc.xhscdn.com/avatar/1040g2jo320jisect5c6g5oo8fsc3on9od55v4fo?imageView2/2/w/120/format/jpg,0,,0,1780042059231,1
6a148c6f00000000290364d4,1779731568000,江苏,69f1d679000000001f0024f2,本身正常看八字的是不会看寿元的,5fc666240000000001003f25,斧王,https://sns-avatar-qc.xhscdn.com/avatar/5fc666240000000001003f25.jpg?imageView2/2/w/120/format/jpg,0,,0,1780042059234,0
6a1263280000000028039e56,1779589929000,河北,69f1d679000000001f0024f2,一点都不准还是真人看的靠谱[捂脸R],6986f386000000002101308b,小红薯6A1A7ECA,https://sns-avatar-qc.xhscdn.com/avatar/645b800677c97ef1a2abc7e0.jpg?imageView2/2/w/120/format/jpg,0,"http://sns-webpic-qc.xhscdn.com/202605291607/d3b35b975ad22e071a3a7a3514612703/comment/1040g4b8320hkppbd628g5qc6ue38ac4bcflsgd8!nd_whgt34_webp_wm_1,http://sns-webpic-qc.xhscdn.com/202605291607/9c524a678704550deef4d95d89f81aac/comment/1040g4b8320hkppbd62805qc6ue38ac4brhvv0pg!nd_whgt34_webp_wm_1",0,1780042059237,0
6a142ad40000000028036d28,1779706580000,江苏,69f1d679000000001f0024f2,挺好我问他我能不能上岸它说行[笑哭R]那我信了,6491c26e0000000011003a74,阿暮同学,https://sns-avatar-qc.xhscdn.com/avatar/1040g2jo30uj6a1ji5e6g5p4ho9n48ejkfitcntg?imageView2/2/w/120/format/jpg,0,,0,1780042059239,0
69f1ea42000000002701e6da,1777461827000,陕西,69f1d679000000001f0024f2,吓得我给豆包说了一句，你好棒呀！,68986b49000000002900b218,小歪Yoo🍪,https://sns-avatar-qc.xhscdn.com/avatar/1040g2jo320htnq1h5k005q4odd4q9cgot47qs1g?imageView2/2/w/120/format/jpg,0,http://sns-webpic-qc.xhscdn.com/202605291607/2f80cb43fa1e98e1cb248484c517637e/comment/1040g4b831vhu2t9chm705q4odd4q9cgogtj7obg!nd_whlt34_webp_wm_1,0,1780042063058,28
6a0bffb6000000002a03147d,1779171254000,北京,69f1d679000000001f0024f2,找ai算命 发现每次算的都不一样,5c8a5aa4000000001201e6b6,南瓜蛙,https://sns-avatar-qc.xhscdn.com/avatar/1040g2jo312bcu3uqlk005n4abai4jplm9rtpckg?imageView2/2/w/120/format/jpg,0,,0,1780042063068,1
69fdfd2f0000000028008834,1778253104000,浙江,69f1d679000000001f0024f2,大家别怕，我问了师父，用ai算过命也不要紧的，不用自己吓自己。没那么多讲究。反正他们也不准的，纯娱乐。你坚定反问质疑回去他们就变说法了[笑哭R],64d35533000000000b00572f,Amy,https://sns-avatar-qc.xhscdn.com/avatar/1040g2jo31bln02slh66g5p6jakpiolpf4f7k7bg?imageView2/2/w/120/format/jpg,0,,0,1780042063072,5
6a0bf714000000002300d28e,1779169044000,浙江,69f1d679000000001f0024f2,还真算过，AI 算命还是挺有意思的,69fb64ab0000000002000c01,迪比特AI,https://sns-avatar-qc.xhscdn.com/avatar/1040g2jo31vr699is2q5g5qfrcilgg301j8iv1kg?imageView2/2/w/120/format/jpg,0,,0,1780042063078,0
69fe6ca0000000002902dc62,1778281633000,内蒙古,69f1d679000000001f0024f2,我妈不告诉我出生具体时间 还把我出生证藏起来了 就是怕我到处算命 [捂脸R],62c8dd11000000000e00e2af,Charles发财被爱追星自由 💛,https://sns-avatar-qc.xhscdn.com/avatar/1040g2jo31l4h0tji30005om8rk8jholfl8op8a0?imageView2/2/w/120/format/jpg,0,,0,1780042063103,2
6a18f968000000002b0038ac,1780021610000,湖南,69f1d679000000001f0024f2,谷多多排八字 排错了还能找客服领50,6a0ea604000000000103d800,轨迹.,https://sns-avatar-qc.xhscdn.com/avatar/1040g2jo320faclo45sr05qgeko20fm00u03mtgo?imageView2/2/w/120/format/jpg,0,http://sns-webpic-qc.xhscdn.com/202605291607/f8a040932492ece88c35ac56bb95ba2d/comment/1040g2h0320o2kupam8605qgeko20fm0028ec7j8!nd_whgt34_webp_wm_1,0,1780042063107,0
6a00c9b90000000028008252,1778436537000,山东,69f1d679000000001f0024f2,怕啥啊，ai算的没几个准的，都在说好话哄你[笑哭R],5e364f5f0000000001005ded,梨雪.,https://sns-avatar-qc.xhscdn.com/avatar/1040g2jo31d9oduc7126g5nhm9tfg8nfdquaubs0?imageView2/2/w/120/format/jpg,0,,0,1780042063109,2
6a053f8800000000280305ab,1778728840000,陕西,69f1d679000000001f0024f2,我用ai算过和未婚夫的婚配[皱眉R],63f0f84a000000000f013b49,甜娘团子,https://sns-avatar-qc.xhscdn.com/avatar/1040g2jo31ojoe3el6m005ovgv153qeq9bbrv4no?imageView2/2/w/120/format/jpg,0,,0,1780042063113,1
6a17fc87000000002800b654,1779956873000,江苏,69f1d679000000001f0024f2,为什么我的,699bc797000000001d004862,忧郁桂花树,https://sns-avatar-qc.xhscdn.com/avatar/1040g2jo31trb6su50a005qcroubn8i32j981jc8?imageView2/2/w/120/format/jpg,0,http://sns-webpic-qc.xhscdn.com/202605291607/40b1faaaeed919328974c8da4d99d79a/comment/1040g2h0320n3q93k6q005qcroubn8i327189uf0!nd_whgt34_webp_wm_1,0,1780042063115,0
6a159ac9000000002902d649,1779800777000,马来西亚,69f1d679000000001f0024f2,命最好是不要算，越算越薄,61e8bf2d000000001000731b,为梦想拼搏,https://sns-avatar-qc.xhscdn.com/avatar/1040g2jo320o5h2qmme505of8nsmk0sorr22dm58?imageView2/2/w/120/format/jpg,0,,0,1780042063118,0
6a1862b0000000002803deb7,1779983024000,安徽,69f1d679000000001f0024f2,我早就算过，算的是我学业，感情啥的[哭惹R],64562f4b000000001002bdb5,装忧郁被狗追,https://sns-avatar-qc.xhscdn.com/avatar/1040g2jo31tni7rvc7ed05p2m5t5k5fdlegckdm0?imageView2/2/w/120/format/jpg,0,,0,1780042066859,0
6a131efa00000000290188a3,1779638010000,云南,69f1d679000000001f0024f2,给我算的还挺准[笑哭R]我还用这个找过小狗,610de4d4000000000100a3af,Hana,https://sns-avatar-qc.xhscdn.com/avatar/1040g2jo31vju0uvb2q005o8dsja098tf6u621n8?imageView2/2/w/120/format/jpg,0,,0,1780042066864,0
6a1469c50000000029018b9a,1779722693000,广东,69f1d679000000001f0024f2,我发了生辰八字根本不对，在别的软件生成星盘的生辰八字的星盘就准,5c44155b000000000602c636,星河,https://sns-avatar-qc.xhscdn.com/avatar/1040g2jo310cvm8mj6c505n242ldhlhhmfqqr0eo?imageView2/2/w/120/format/jpg,0,,0,1780042066871,0
69f3ff28000000002803ef9a,1777598249000,湖北,69f1d679000000001f0024f2,"李憬轩       ，失踪年龄：10岁，身高135cm。
于2022年7月15日失踪于：重庆市南岸区大兴场码头盲区。
特征：左肩甲后背有指甲盖大小肉色胎记，头顶中间有黑痣。
希望宝贝平安回家 你的妈妈在等你，我不是那个妈妈，如果好心人看见了帮忙，（我是转发的第n个）",58d2228969aa5274c230dc73,谁比谁幸福,https://sns-avatar-qc.xhscdn.com/avatar/6422d4764af46499569ff338.jpg?imageView2/2/w/120/format/jpg,0,,0,1780042066874,2
6a18bc6d0000000028037917,1780005997000,辽宁,69f1d679000000001f0024f2,啊？完了！我算过,6390cfed000000001f01c241,我可是正经人,https://sns-avatar-qc.xhscdn.com/avatar/1040g2jo31tgcgeralk6g5osgpvmnrgi1eeepqs8?imageView2/2/w/120/format/jpg,0,,0,1780042066885,0
6a18542c0000000027017279,1779979308000,广东,69f1d679000000001f0024f2,那我随便输入和生辰八字和姓名让他算 会怎么样,54e5ce20e7798903344e9e4f,可爱薯了,https://sns-avatar-qc.xhscdn.com/avatar/1040g2jo31ut7ef8ejm00401fgf7217if09lti58?imageView2/2/w/120/format/jpg,0,,0,1780042066889,0
6a184393000000002702fd44,1779975059000,贵州,69f1d679000000001f0024f2,这个想一想，确实是很恐怖。,6a09bf9c000000000103d800,尤将,https://sns-avatar-qc.xhscdn.com/avatar/1040g2jo320b2uj1jlk005qg9nue0fm00lotu2n8?imageView2/2/w/120/format/jpg,0,,0,1780042066890,0
6a17a2b3000000002901868e,1779933875000,湖南,69f1d679000000001f0024f2,为什么,5f79cacb0000000001002e0f,序诗,https://sns-avatar-qc.xhscdn.com/avatar/1040g2jo31v176q6bia605pkd2vl3uukm6q6m0i0?imageView2/2/w/120/format/jpg,0,,0,1780042066895,0
6a170f4a000000002803e6cb,1779896140000,湖南,69f1d679000000001f0024f2,太惊讶了，你所有问过豆包的问题她全都留存了，还会分析你的性格特点[扶墙R],680052eb000000000e01eef8,Yuna,https://sns-avatar-qc.xhscdn.com/avatar/1040g2jo31urjt90q2q6g5q00abljjrnoi2m03vg?imageView2/2/w/120/format/jpg,0,"http://sns-webpic-qc.xhscdn.com/202605291607/851ed0e06281a782ca72c3576f8f36f5/comment/1040g4b8320m6ril168505q00abljjrnon14ogi0!nd_whgt34_webp_wm_1,http://sns-webpic-qc.xhscdn.com/202605291607/170d53c10f8a7298658872cad3d2a235/comment/1040g4b8320m6ril1684g5q00abljjrnolhdb2j0!nd_whgt34_webp_wm_1",0,1780042066897,1
6a16bbe7000000002a033cb7,1779874793000,江西,69f1d679000000001f0024f2,没有呀,68624a13000000001d00a26b,momo,https://sns-avatar-qc.xhscdn.com/avatar/1040g2jo31t30qlajlm0g5q32989n98jb7v6sbr8?imageView2/2/w/120/format/jpg,0,http://sns-webpic-qc.xhscdn.com/202605291607/cd055a7c27e31dff7a3a82365fd00298/comment/1040g2h0320lsjh4b620g5q32989n98jbjia76po!nd_whgt34_webp_wm_1,0,1780042066897,0
6a16b49d000000002702b3e7,1779872925000,湖北,69f1d679000000001f0024f2,现在“活人感”真的很重要，作为新人博主，我觉得有必要跟大家分享几句，想做好账号，一定要找到自己视频的生命力：1、新人建议一天两更，封面和标题要下功夫，得能抓住人眼球，内容上多记录自己的特殊心得；2、发笔记别直接点“+”号，要从   活动入口   进去发布；3、账号每天必须保证在线30分钟以上，多和其他人互动，这样才能有“活人感”。我就是做到了以上几点，短短一个月，涨了1个粉丝。,5de1e6450000000001006759,米多多麻麻,https://sns-avatar-qc.xhscdn.com/avatar/1040g2jo320j3vau4lc005nf1sp2g8pqp4g6ss0o?imageView2/2/w/120/format/jpg,0,,0,1780042070794,0
6a16511c0000000029027b18,1779847453000,广东,69f1d679000000001f0024f2,可是每次让ai预测就没准过,5afa66096b58b76e1d7ae636,小红薯86FD9C54,https://sns-avatar-qc.xhscdn.com/avatar/645b800677c97ef1a2abc7e0.jpg?imageView2/2/w/120/format/jpg,0,,0,1780042070802,0
6a1631d100000000270210f5,1779839442000,山东,69f1d679000000001f0024f2,豆包比我都了解我自己[石化R],655426de000000000200e920,纠结姐,https://sns-avatar-qc.xhscdn.com/avatar/1040g2jo31g678t2q1e505pak4rf0hq909400sa0?imageView2/2/w/120/format/jpg,0,,0,1780042070808,0
6a15b867000000002702dab4,1779808360000,四川,69f1d679000000001f0024f2,还有算寿命的呢,5d08d92900000000160228da,猫也在爬树,https://sns-avatar-qc.xhscdn.com/avatar/1040g2jo320fa1hsa5i6g5n88r4klka6q15gqqcg?imageView2/2/w/120/format/jpg,0,,0,1780042070811,0
6a14c981000000000d021801,1779747201000,美国,69f1d679000000001f0024f2,呵呵[doge]你最好是认真的,69acdbfb000000002603b198,小红薯69ADA406,https://sns-avatar-qc.xhscdn.com/avatar/645b7e78731e07eb8ca3d81b.jpg?imageView2/2/w/120/format/jpg,0,,0,1780042070816,0
6a1489d5000000002902c75d,1779730902000,广东,69f1d679000000001f0024f2,会怎样？,69a7e0670000000024004044,一个蘑菇呀,https://sns-avatar-qc.xhscdn.com/avatar/1040g2jo3209thsf6m86g5qd7s1jp0g24ttvsp1o?imageView2/2/w/120/format/jpg,0,,0,1780042070825,0
6a13f1610000000029013f88,1779691875000,河南,69f1d679000000001f0024f2,我问了，豆包给我的这个答案,598d54ee6a6a69673fa6055a,柚宝呦呦呦,https://sns-avatar-qc.xhscdn.com/avatar/632ea73cb0fda3c6685d3687.jpg?imageView2/2/w/120/format/jpg,0,http://sns-webpic-qc.xhscdn.com/202605291607/a1ea1e8c0b41399eeefb6a7685402d13/comment/1040g4b8320j5ennq5s7049nq7gaes1aq61439p0!nd_whgt34_webp_wm_1,0,1780042070830,0
6a13a32d0000000029011d1e,1779671853000,广东,69f1d679000000001f0024f2,@问一问 总结评论区,5fad46960000000001009c03,Lorra cueT,https://sns-avatar-qc.xhscdn.com/avatar/1040g2jo31su0uf985m005ntd8qb097031714og0?imageView2/2/w/120/format/jpg,1,,0,1780042070835,0
6a13836f000000002803a26b,1779663728000,贵州,69f1d679000000001f0024f2,这样说吧，生辰八字狗都不能告诉，除非真的结婚搬家需要提供。,6243b79e0000000010009b9d,英雄佩剑，不能贱,https://sns-avatar-qc.xhscdn.com/avatar/1040g2jo31k2hhtiq34005oi3muf416stf98m0hg?imageView2/2/w/120/format/jpg,0,,0,1780042070840,0
6a136c220000000028037fc5,1779657762000,广东,69f1d679000000001f0024f2,干货满满，学习了!,5da496a10000000001005e91,超超｜AI电商合伙人,https://sns-avatar-qc.xhscdn.com/avatar/1040g2jo320flmretlm005nd4iqgg8nkhd89abmo?imageView2/2/w/120/format/jpg,0,,0,1780042070844,0
6a131e3e0000000027017943,1779637823000,江苏,69f1d679000000001f0024f2,卧槽  我也算过,5a9e87ed11be103ab4ade653,莞莞,https://sns-avatar-qc.xhscdn.com/avatar/1040g2jo31k5phq6iig004a354i3urpijlnes2k0?imageView2/2/w/120/format/jpg,0,,0,1780042074577,0
6a1317f8000000002800b79c,1779636217000,广东,69f1d679000000001f0024f2,算生死是禁忌,5f9698790000000001009bb4,神秘的人,https://sns-avatar-qc.xhscdn.com/avatar/1040g2jo320jboi05li6g5nsmj1sg96tkang4r4o?imageView2/2/w/120/format/jpg,0,,0,1780042074584,0
6a1289de000000002701ea0c,1779599839000,江苏,69f1d679000000001f0024f2,不会的,69ce591a0000000032037657,KL木木,https://sns-avatar-qc.xhscdn.com/avatar/1040g2jo320d3g3k2lm6g5qeeb4dcmtina1du96g?imageView2/2/w/120/format/jpg,0,,0,1780042074589,0
6a11c69900000000290110c5,1779549849000,安徽,69f1d679000000001f0024f2,ai算命你问的越多越准，因为你投喂反馈后他就进化了，ai现在算命还没那么准,65507ce50000000002037d58,阿赐重启人生,https://sns-avatar-qc.xhscdn.com/avatar/1040g2jo320dga7fjls605pagfjigmvaoskrp92o?imageView2/2/w/120/format/jpg,0,,0,1780042074593,0
6a11c2ae0000000028030acc,1779548852000,安徽,69f1d679000000001f0024f2,涡的怎么和你们不一样,6535dedf00000000060078b1,是喜悦呀,https://sns-avatar-qc.xhscdn.com/avatar/1040g2jo31kl05u65j4005p9lrrfhgu5hci1snmo?imageView2/2/w/120/format/jpg,0,http://sns-webpic-qc.xhscdn.com/202605291607/8e3f70d94953cb1bbfa3b5aa6bf767ff/comment/1040g4b8320h18a4o5se05p9lrrfhgu5haa0mc2g!nd_whgt34_webp_wm_1,0,1780042074593,0
6a11632c000000002b000991,1779524396000,四川,69f1d679000000001f0024f2,知道了我拿别人的算,6095552800000000010018d6,zy.,https://sns-avatar-qc.xhscdn.com/avatar/637da127fea68942bdf9280a.jpg?imageView2/2/w/120/format/jpg,0,,0,1780042074600,0
6a112921000000002b0259f6,1779509538000,浙江,69f1d679000000001f0024f2,我觉得不准，一点不准[笑哭R][笑哭R],557131719eb5782e519a954b,玥玥想修仙,https://sns-avatar-qc.xhscdn.com/avatar/595538bcb46c5d061f61b2c9.jpg?imageView2/2/w/120/format/jpg,0,,0,1780042074603,0
6a103f98000000002803ba89,1779449752000,河南,69f1d679000000001f0024f2,算呗 毕竟现在大家的个人信息早都被泄露了 好听的当心理安慰不好听的不信就行,5c4885ec000000001200faef,狗尾草总是在音乐节滑冰,https://sns-avatar-qc.xhscdn.com/avatar/1040g2jo31vtvep45ig005n28gnm4hunfl3l6k3o?imageView2/2/w/120/format/jpg,0,,0,1780042074609,0
6a102376000000002803ca41,1779442551000,广西,69f1d679000000001f0024f2,不看了，我已经算完了,55e3c542e4b1cf782e4f3f1c,夏至中,https://sns-avatar-qc.xhscdn.com/avatar/1040g2jo31f0lq427m660414t312k4fost7rc2o0?imageView2/2/w/120/format/jpg,0,,0,1780042074612,2
6a0ffd3400000000210115b9,1779432757000,福建,69f1d679000000001f0024f2,那要是我在导的时候，AI是不是也在看着我[吃瓜R],60e99e8e0000000001009f68,喆方物美学,https://sns-avatar-qc.xhscdn.com/avatar/1040g2jo31plqartt4u405o79jq7097r8qirflr0?imageView2/2/w/120/format/jpg,0,,0,1780042074616,0
6a0f5ce0000000002b026e16,1779391713000,湖北,69f1d679000000001f0024f2,我就说没开深度没开智能，聊着聊着D老师冒出一句“（我的城市）的气候不适合此植物生存”是不正常的[微笑R],61286bfd000000000100541e,近猪者吃,https://sns-avatar-qc.xhscdn.com/avatar/1040g2jo31u7lco9iia605o98dfug8l0u7aj49s8?imageView2/2/w/120/format/jpg,0,,0,1780042078348,0
6a0ed0b9000000002b02b6ff,1779355834000,上海,69f1d679000000001f0024f2,也就是说自闭症，抑郁症，精神症状的人都不能接触ai,628c5cb80000000021021fee,AW.20251214,https://sns-avatar-qc.xhscdn.com/avatar/1040g2jo31os09qkh1q105okcbis8c7vesv553s8?imageView2/2/w/120/format/jpg,0,,0,1780042078351,0
6a0ec584000000002900f920,1779352964000,福建,69f1d679000000001f0024f2,我的ai问半天至今还在跟我嬉皮笑脸地说我算错了。。。,5eac889a00000000010035d2,零件永久丢失,https://sns-avatar-qc.xhscdn.com/avatar/1040g2jo31tiqrnou78605nlch2d08deih00h0j0?imageView2/2/w/120/format/jpg,0,,0,1780042078356,0
6a0debc50000000027029fda,1779297221000,上海,69f1d679000000001f0024f2,无所谓，其实我们普通人的手机早就一览无遗，只要上面想知道的话,5a2d379611be1018bc4c37e7,🌊,https://sns-avatar-qc.xhscdn.com/avatar/6148995aa4ae2ad0de0560aa.jpg?imageView2/2/w/120/format/jpg,0,,0,1780042078361,0
6a0d9a50000000002803e47b,1779276368000,四川,69f1d679000000001f0024f2,@问一问 总结原因,6371065c000000001f01dd51,郑在逃跑💨,https://sns-avatar-qc.xhscdn.com/avatar/1040g2jo31ut6adnbjq005orh0pe7rnahjhkvcs8?imageView2/2/w/120/format/jpg,1,,0,1780042078368,0
6a0d83b2000000002902ddcd,1779270578000,江西,69f1d679000000001f0024f2,不敢用ai算，百分百要窃取我的信息,636276310000000023026c03,用户已注销,https://sns-avatar-qc.xhscdn.com/avatar/1040g2jo31ligbjtm5o605or2eooosr03qklfhng?imageView2/2/w/120/format/jpg,0,,0,1780042078369,0
6a0d7b41000000002b028ba8,1779268418000,新加坡,69f1d679000000001f0024f2,无所谓，知道了还是不知道没什么差别，人都会死去的最终结局。,6198ef11000000001000ac67,Jiumimon九米兽_左手的宇宙,https://sns-avatar-qc.xhscdn.com/avatar/1040g2jo31j193e4t1e605ocots8k1b379hlb9p0?imageView2/2/w/120/format/jpg,0,,0,1780042078373,0
6a0d1ffe000000002800be12,1779245055000,英国,69f1d679000000001f0024f2,ai算的挺准的 看卦一个一个准,5c5529fc0000000012034e5e,俞宝儿✨,https://sns-avatar-qc.xhscdn.com/avatar/1040g2jo319pkgs4b6o6g5n2l57u4mjiu866i1lg?imageView2/2/w/120/format/jpg,0,,0,1780042078374,0
6a0d0def000000002702f24f,1779240432000,河北,69f1d679000000001f0024f2,AI今天说我适合稳妥明天说我适合冲[笑哭R]你说这玩意谁能信[笑哭R],5eb18b0d0000000001007a1c,momo,https://sns-avatar-qc.xhscdn.com/avatar/1040g2jo31q32btshn26g5nlhhc6g8ugss23e7og?imageView2/2/w/120/format/jpg,0,,0,1780042078377,0
6a0c7f7f000000002a027896,1779203967000,宁夏,69f1d679000000001f0024f2,@问一问 这视频讲的什么 总结一下,65f1684b000000000500dd66,hf,https://sns-avatar-qc.xhscdn.com/avatar/1040g2jo320brebe8m85g5pfhd15h9nb6ok03q4g?imageView2/2/w/120/format/jpg,1,,0,1780042078380,0
68f1076b0000000038006044,1760626539000,新加坡,68f0e8370000000007035f41,许愿成功了记得一定一定要把纸烧掉啊！！！！！,63555681000000001802d252,想自由,https://sns-avatar-qc.xhscdn.com/avatar/1040g2jo31s0s2h1mk86g5oqlaq0m5kii7b2frho?imageView2/2/w/120/format/jpg,39,,0,1780042084487,779
68f10ad6000000003701329c,1760627414000,广东,68f0e8370000000007035f41,这个是幸存者偏差效应,61279160000000000101eca9,Continue,https://sns-avatar-qc.xhscdn.com/avatar/1040g2jo3161lekdhhe6g5o97i5g0br59vaac6a0?imageView2/2/w/120/format/jpg,6,,0,1780042084487,411
68f244830000000039029839,1760707716000,广东,68f0e8370000000007035f41,死亡圣器吗？有意思,5e930fa50000000001007c9a,包子好吃🍓🍰（影）,https://sns-avatar-qc.xhscdn.com/avatar/1040g2jo31jtikde53q605nkj1uig8v4qpsvtou0?imageView2/2/w/120/format/jpg,5,,0,1780042084498,21
68f380420000000039009b9c,1760788546000,广东,68f0e8370000000007035f41,那我许愿我妈妈回来，她真的可以回来吗？,66db023d000000001d022c11,小糕,https://sns-avatar-qc.xhscdn.com/avatar/1040g2jo31vglpjum2g4g5pmr08uncb0h9m7k4n8?imageView2/2/w/120/format/jpg,5,,0,1780042084503,9
68f359330000000033020273,1760778547000,湖南,68f0e8370000000007035f41,试过，当天晚上就流鼻血了[捂脸R][捂脸R],61c333f4000000001000f4f6,土豆不加豆,https://sns-avatar-qc.xhscdn.com/avatar/1040g2jo31lk82d885i6g5oe36fq41t7mu2laqlg?imageView2/2/w/120/format/jpg,5,,0,1780042084506,16
68f1be2d000000003302645d,1760673326000,广东,68f0e8370000000007035f41,,63f0d6be000000000f0105a4,海盗猫,https://sns-avatar-qc.xhscdn.com/avatar/1040g2jo31k31c61mj2dg5ovgqqv3q1d42cj36m8?imageView2/2/w/120/format/jpg,4,http://sns-webpic-qc.xhscdn.com/202605291608/40abd0950a4329313b0ce67e33aa8587/comment/1040g2h031nnomne6lm605ovgqqv3q1d4b6iq0u0!nd_whgt34_webp_wm_1,0,1780042084512,92
68f760460000000038015e00,1761042504000,贵州,68f0e8370000000007035f41,这个是真的吗？如果是真的的话，我就要许愿约瑟夫的皮肤了,671219ef000000001d03086f,咸魚也是魚(宁芙请投约瑟夫),https://sns-avatar-qc.xhscdn.com/avatar/1040g2jo31o3lr9at585g5poi37nne23fnj1o6bg?imageView2/2/w/120/format/jpg,4,http://sns-webpic-qc.xhscdn.com/202605291608/5f449a3a14a4ceb4700826a2dd9db432/comment/1040g2h031nt6ii8b065g5poi37nne23fm7rs0no!nd_whlt34_webp_wm_1,0,1780042084516,0
68f31c8d0000000037026550,1760763024000,陕西,68f0e8370000000007035f41,有点不太相信,64fc9a0400000000050007dc,爱情废柴,https://sns-avatar-qc.xhscdn.com/avatar/1040g2jo31s8iqmk2m8605p7sj82181us936kr58?imageView2/2/w/120/format/jpg,3,http://sns-webpic-qc.xhscdn.com/202605291608/62c141c9c10290f1922a66440209b0f0/comment/1040g2h031np3fckq586g5p7sj82181usl4jtlr0!nd_whgt34_webp_wm_1,0,1780042084522,11
68f38a93000000003900a54d,1760791188000,湖北,68f0e8370000000007035f41,怎么取消啊？我不许了[笑哭R],66f38d4c000000001d0314d8,无忧铃兰,https://sns-avatar-qc.xhscdn.com/avatar/1040g2jo31mc55lfqm86g5pnjhl67e56ot675oi0?imageView2/2/w/120/format/jpg,2,,0,1780042084526,0
68f4e71000000000380070e9,1760880401000,江西,68f0e8370000000007035f41,是知道我快要期中考试了吗[捂脸R],602d11b800000000010021b7,cherish,https://sns-avatar-qc.xhscdn.com/avatar/1040g2jo31t28samelskg5o1d26s088dna7upb1g?imageView2/2/w/120/format/jpg,0,,0,1780042084531,1
68f380550000000038024795,1760788566000,山东,68f0e8370000000007035f41,许完愿把它烧掉，还是许完愿成功了以后把它烧掉,5e37a310000000000100b1c5,扁桃体永远发言,https://sns-avatar-qc.xhscdn.com/avatar/1040g2jo31t60av9nl8605nhnkc809ce565d6lpg?imageView2/2/w/120/format/jpg,3,,0,1780042088575,0
68f20c480000000038016715,1760693320000,山东,68f0e8370000000007035f41,死亡圣器,604cbc42000000000101d29f,我爱一数,https://sns-avatar-qc.xhscdn.com/avatar/1040g2jo31vifmb2m2a6g5o2cnh10bkkv5sn932g?imageView2/2/w/120/format/jpg,1,,0,1780042088581,2
68f635c6000000003802526e,1760966087000,河北,68f0e8370000000007035f41,我想让我暑假老师让我画手抄报，让我参加学生一个什么比赛，到现在都没消息[哭惹R],672dcf9f000000001c01a81f,此次学习的我,https://sns-avatar-qc.xhscdn.com/avatar/1040g2jo31npcjs6bmg0g5ppdpufn3a0v03el42g?imageView2/2/w/120/format/jpg,1,,0,1780042088581,1
68f39022000000003902f5b9,1760792610000,河北,68f0e8370000000007035f41,试过，我爸第二天给我买了apple平板,620662c30000000021024d49,坤哥,https://sns-avatar-qc.xhscdn.com/avatar/1040g2jo31dsq1c04120g5og6cb1ocja9t744u80?imageView2/2/w/120/format/jpg,2,,0,1780042088588,3
68f2115d000000003902fcd0,1760694622000,北京,68f0e8370000000007035f41,我试了谁蹲,66e7e87a000000001d031867,｜.矜朔.｜,https://sns-avatar-qc.xhscdn.com/avatar/1040g2jo3207vfeuq5e6g5pn7t1t7e637a0gtm4g?imageView2/2/w/120/format/jpg,2,,0,1780042088589,2
68f0eb17000000003800a9d7,1760619287000,四川,68f0e8370000000007035f41,坏了，我还真不知道,64104b55000000001001ff54,上了一天学感觉像出生,https://sns-avatar-qc.xhscdn.com/avatar/1040g2jo31c1lg4340m6g5p0g9dak3vqkkp157o0?imageView2/2/w/120/format/jpg,1,,0,1780042088595,10
68f11cd2000000003902f9dc,1760632019000,云南,68f0e8370000000007035f41,这我是真的要去看看,66d02e04000000001d020c75,暴富要发财,https://sns-avatar-qc.xhscdn.com/avatar/1040g2jo31c3rv8iv126g5pmg5o27c33l1n6eang?imageView2/2/w/120/format/jpg,1,,0,1780042088602,0
68f22feb00000000330070de,1760702443000,北京,68f0e8370000000007035f41,死亡圣器？,63928936000000001e00f593,windy.Vd,https://sns-avatar-qc.xhscdn.com/avatar/1040g2jo31k4hvkdi2od05osih4r7htcjjau8vc0?imageView2/2/w/120/format/jpg,2,,0,1780042088605,2
68f230550000000039004fe9,1760702550000,四川,68f0e8370000000007035f41,我管他呢，反正要能实现，我就已经很满足[飞吻R],6741edf4000000000800bc76,OK OK找人中,https://sns-avatar-qc.xhscdn.com/avatar/1040g2jo31tnggspk7e6g5pq1tnq21f3misar50o?imageView2/2/w/120/format/jpg,0,,0,1780042088610,1
68f8d77c000000003901ed79,1761138557000,云南,68f0e8370000000007035f41,是写完就烧掉吗？,5ff01e22000000000100357d,艺宾,https://sns-avatar-qc.xhscdn.com/avatar/1040g2jo31pi3q2kmjs6g5nvg3oh08dbt82irmeg?imageView2/2/w/120/format/jpg,0,,0,1780042088615,0
68f24fa4000000003902ffbf,1760710564000,江西,68f0e8370000000007035f41,内切圆？,687f95e5000000001d009492,本人不想取名字,https://sns-avatar-qc.xhscdn.com/avatar/645b802c0f5b598e07f39dc7.jpg?imageView2/2/w/120/format/jpg,0,,0,1780042092555,0
69bd25fc000000000c0333d7,1774003709000,江苏,68f0e8370000000007035f41,,60f804e3000000000100b2df,17岁学生党从116.8瘦到80斤,https://sns-avatar-qc.xhscdn.com/avatar/1040g2jo31subdkbgl8605o7o0jhg9cmvltsisbo?imageView2/2/w/120/format/jpg,0,http://sns-webpic-qc.xhscdn.com/202605291608/4a60bd9459f35ecc57bc7c11f3054ad6/comment/1040g4b831tud47gggod05o7o0jhg9cmvd2tt42o!nd_whgt34_webp_wm_1,0,1780042092560,1
68f6d9f500000000380100de,1761008118000,辽宁,68f0e8370000000007035f41,体弱的别轻易尝试一定要烧掉别许愿不存在的愿望或者中彩票什么的太大的愿望[叹气R],5eca44bb000000000100700b,Feeling🌠,https://sns-avatar-qc.xhscdn.com/avatar/1040g2jo31pi497poka005nma8itg8s0becck668?imageView2/2/w/120/format/jpg,0,,0,1780042092560,1
68f2033a000000003902d71e,1760691003000,吉林,68f0e8370000000007035f41,那你得看他扣的是你蓝条还是扣的你是你红条了[爆炸R],64f450ad000000000200fb98,神。,https://sns-avatar-qc.xhscdn.com/avatar/1040g2jo320ja8n235i6g5p7ka2mghusoip7va9o?imageView2/2/w/120/format/jpg,0,,0,1780042092568,1
68fe1f0a0000000039022ac8,1761484554000,河南,68f0e8370000000007035f41,死亡圣器吗[捂脸R],647c5c0b000000001c029fac,爱吃小鱼干~🐟,https://sns-avatar-qc.xhscdn.com/avatar/1040g2jo31ktnemq9igdg5p3sbg5n57tc5n4acvo?imageView2/2/w/120/format/jpg,0,,0,1780042092570,0
68f98b4f0000000038025742,1761184592000,浙江,68f0e8370000000007035f41,我滴乖乖嘞，今天在学校试了一下，结果现在发烧回家在诊所打针了[惊恐R],6884c5ab000000001d01631a,大麦我爱你，🎫来来来,https://sns-avatar-qc.xhscdn.com/avatar/1040g2jo31vvonp622g6g5q44omlnaooqa9j9d18?imageView2/2/w/120/format/jpg,0,,0,1780042092570,0
68f4cfd5000000003803c9de,1760874454000,江苏,68f0e8370000000007035f41,咱这个是幸运者的偏差效应,63773e98000000001f017fb8,^念旧,https://sns-avatar-qc.xhscdn.com/avatar/1040g2jo31ukjeeaa2o5g5orn7qc7qvto42aohi0?imageView2/2/w/120/format/jpg,0,,0,1780042092577,0
68f1c2c90000000037027249,1760674505000,江苏,68f0e8370000000007035f41,千万不要试因为你的因果会触发,63df23cf00000000260055ba,柒染,https://sns-avatar-qc.xhscdn.com/avatar/1040g2jo31s98q027lk605ouv4f7pgldqo33p538?imageView2/2/w/120/format/jpg,0,,0,1780042092581,0
68f21b2d000000003802ca2a,1760697133000,福建,68f0e8370000000007035f41,谁是放学回家看手机的,649298e3000000000f0041ba,Shine,https://sns-avatar-qc.xhscdn.com/avatar/1040g2jo31q7jqkj17g005p4ij3hjogdqm8ucc90?imageView2/2/w/120/format/jpg,0,,0,1780042092584,1
68fa080c0000000033024900,1761216525000,河南,68f0e8370000000007035f41,有得必有失在平常的生活中强制幸运的话可能会很倒霉的,643524240000000029017dac,xyyy,https://sns-avatar-qc.xhscdn.com/avatar/1040g2jo31uk3fc89ib905p1l4giaavdc131g5hg?imageView2/2/w/120/format/jpg,0,,0,1780042092586,0
68f53928000000003902de9f,1760901416000,河北,68f0e8370000000007035f41,一眼营销吧大概就是,64d75e2b00000000020133b6,瓜壳,https://sns-avatar-qc.xhscdn.com/avatar/1040g2jo3189ef6g40q6g5p6nbolgictm0k331cg?imageView2/2/w/120/format/jpg,0,,0,1780042096487,0
68f32244000000003300c297,1760764485000,上海,68f0e8370000000007035f41,想把图形画好看的教程来了：首先做线段AB，然后用圆规量出线段AB的长度分别以AB为圆心画弧线相交于点O，用点o分别连接线段AB，这样你就能得到一个 等边三角形  ，在画出对称轴之后找到对称轴从下往上数1/3点P做圆心画以点P到线段AB的长度做半径画一个圆，好了你现在得到了一个标准的死亡圣器。[doge],6731df77000000001d02ea40,樱落,https://sns-avatar-qc.xhscdn.com/avatar/1040g2jo3209ai8mkm86g5pphrtrndqi00u30odo?imageView2/2/w/120/format/jpg,0,,0,1780042096493,6
68f4d8eb000000003900ba95,1760876779000,中国香港,68f0e8370000000007035f41,我们班家豪的破鼠标是这个？！完蛋了，是实力哥，我们没救了,656c7260000000001902d6bd,江景意 3.6,https://sns-avatar-qc.xhscdn.com/avatar/1040g2jo320cefm155m0g5pbce9g6dllt79rb1u0?imageView2/2/w/120/format/jpg,0,,0,1780042096497,1
68f1b934000000003300f7e0,1760672052000,江苏,68f0e8370000000007035f41,这个WPS也走上宠粉这条阳光大道了，都给我卷起来,634a93c2000000001802d4ad,小米,https://sns-avatar-qc.xhscdn.com/avatar/1040g2jo31cus9t2j0k605oqaif165l5dpd9bseg?imageView2/2/w/120/format/jpg,0,,0,1780042096497,0
68f1060c0000000033027e78,1760626188000,广东,68f0e8370000000007035f41,格林德沃是你吗,608c25f50000000001003657,醉酒中的吟游诗人,https://sns-avatar-qc.xhscdn.com/avatar/1040g2jo31vtl0p0r2q005o4c4nqg8dinsrg6p9g?imageView2/2/w/120/format/jpg,0,,0,1780042096503,1
68f2fbbf000000003902eade,1760754623000,广东,68f0e8370000000007035f41,没有老魔杖的死亡圣器，给哈迷看激动了[哭惹R],63abe1ae0000000027028f73,yin,https://sns-avatar-qc.xhscdn.com/avatar/1040g2jo31nb3ur7qkq6g5otbs6n9t3rj5tmbiio?imageView2/2/w/120/format/jpg,0,,0,1780042096508,1
68f23b31000000003300e4e7,1760705330000,黑龙江,68f0e8370000000007035f41,最好别试呀！,65878275000000001d001ed8,祈缘雾^,https://sns-avatar-qc.xhscdn.com/avatar/1040g2jo320758mpblm6g5pc7g9qn87mos3s9nj8?imageView2/2/w/120/format/jpg,0,,0,1780042096511,3
68fb45880000000039026c36,1761297801000,上海,68f0e8370000000007035f41,名字不是不能用红笔写吗？,641991ac0000000011021e37,沈云悉love,https://sns-avatar-qc.xhscdn.com/avatar/1040g2jo31fuee7runi6g5p0pi6m4c7hn0skcdjo?imageView2/2/w/120/format/jpg,0,,0,1780042096513,0
68f471f0000000003902d777,1760850416000,江苏,68f0e8370000000007035f41,不是？,651bf41d000000000200c8d3,扆纾,https://sns-avatar-qc.xhscdn.com/avatar/1040g2jo31vdchngkjm605p8rugeghi6jckaiou8?imageView2/2/w/120/format/jpg,0,,0,1780042096516,0
68f366c80000000033020d35,1760782025000,山东,68f0e8370000000007035f41,试了把纸烧了。[微笑R],622c3c5b000000001000fa4a,茉莉大王,https://sns-avatar-qc.xhscdn.com/avatar/1040g2jo31s7aslqo5kdg5ohc7hdk1uia2379n38?imageView2/2/w/120/format/jpg,0,,0,1780042096517,0
68f1724c0000000037024e83,1760653901000,黑龙江,68f0e8370000000007035f41,然后你就会发现你的运气透支了,653fa9ef000000000400bd1c,Helen -低质,https://sns-avatar-qc.xhscdn.com/avatar/1040g2jo3208ku47ols005p9vl7nh1f8svdjor90?imageView2/2/w/120/format/jpg,0,,0,1780042100259,6
68f9a77f0000000038015462,1761191807000,河北,68f0e8370000000007035f41,算了我有了[doge],62e110ec000000001f0071b2,阿列克谢.彼德罗夫,https://sns-avatar-qc.xhscdn.com/avatar/1040g2jo31usv3ekt2i605on123m7osdif4rh098?imageView2/2/w/120/format/jpg,0,,0,1780042100264,0
68fb9d50000000003800907f,1761320273000,安徽,68f0e8370000000007035f41,像当年的长城炮那个梗，一样可笑[笑哭R],67c59bf0000000000e010d3c,天真,https://sns-avatar-qc.xhscdn.com/avatar/1040g2jo31ghmricb3s6g5pu5jfo3i39sel1chv8?imageView2/2/w/120/format/jpg,0,,0,1780042100271,0
68f609a70000000039021765,1760954793000,湖北,68f0e8370000000007035f41,大家觉得我能唱到演唱会门票吗？[再见R],5f7e4ef3000000000101ef94,seeyk🍃,https://sns-avatar-qc.xhscdn.com/avatar/1040g2jo31vvucu2356605nru9rpgbrsk6liigbo?imageView2/2/w/120/format/jpg,0,http://sns-webpic-qc.xhscdn.com/202605291608/0aa56d974a1d3a4829058d379762ba16/comment/1040g2h031nruti1sl06g5nru9rpgbrskk6ko300!nd_whgt34_webp_wm_1,0,1780042100273,1
68fc8a4a000000003902edd8,1761380938000,韩国,68f0e8370000000007035f41,这不就是白魔法吗[笑哭R],633bb3b9000000001901cf44,木菫,https://sns-avatar-qc.xhscdn.com/avatar/1040g2jo31nadhqkaku0g5oprmesmbjq4a6j14eo?imageView2/2/w/120/format/jpg,0,,0,1780042100277,0
68f20e2a00000000390054c6,1760693803000,浙江,68f0e8370000000007035f41,这不是龙女前几年就教过的办法吗,65bdb677000000000903e29f,花泽类回家,https://sns-avatar-qc.xhscdn.com/avatar/1040g2jo31p52m092jc505pdtmprifokvm1uju10?imageView2/2/w/120/format/jpg,0,,0,1780042100282,0
68f4952a0000000033006430,1760859434000,江苏,68f0e8370000000007035f41,我试了，就看看能不能实现了[doge],65aca95400000000140075e4,风空白果,https://sns-avatar-qc.xhscdn.com/avatar/1040g2jo31ve9neo43q605pdcl5a50tf4o28hs6o?imageView2/2/w/120/format/jpg,0,,0,1780042100286,1
68f4e6e10000000038026cd6,1760880354000,广东,68f0e8370000000007035f41,去试了 这个月不成功 等于失败[黄金薯R],66ae4a98000000001d023c9c,吹酪（超自然）,https://sns-avatar-qc.xhscdn.com/avatar/1040g2jo31q1o90k8no005ple9ac7cf4sb83q350?imageView2/2/w/120/format/jpg,0,,0,1780042100288,0
68f4cde000000000380169f6,1760873953000,湖北,68f0e8370000000007035f41,幸存者偏差！[汗颜R][汗颜R][汗颜R],6314b779000000001200ce9b,用户已注销,https://sns-avatar-qc.xhscdn.com/avatar/645b7f6e338379fac1893093.jpg?imageView2/2/w/120/format/jpg,0,http://sns-webpic-qc.xhscdn.com/202605291608/d24a08b1d19ef842495b853f2978de18/comment/1040g2h031nqnb727l85g5ookmtskhjkr3fnj530!nd_whgt34_webp_wm_1,0,1780042100293,0
68f1cf150000000038027f29,1760677654000,河北,68f0e8370000000007035f41,还加个，没想到,62442a940000000010004f4f,奶昔小猫,https://sns-avatar-qc.xhscdn.com/avatar/1040g2jo31lmgkg0l5m6g5oi45aa40jqfssq0rl0?imageView2/2/w/120/format/jpg,0,,0,1780042100296,0
68f2e3410000000038029975,1760748354000,浙江,68f0e8370000000007035f41,没有老魔杖的死亡圣器[doge],65df0fc1000000000500c962,无聊的昕星星,https://sns-avatar-qc.xhscdn.com/avatar/1040g2jo31vkdlubbiq6g5pev1v0h9ib26h7shs0?imageView2/2/w/120/format/jpg,0,,0,1780042104335,1
68f37449000000003803f287,1760785482000,四川,68f0e8370000000007035f41,就问一下你们能不能说实话，真的假的？,6846bc19000000001b01ae22,鸢寒,https://sns-avatar-qc.xhscdn.com/avatar/1040g2jo320monnat626g5q26ngcmrbh2t2tvuco?imageView2/2/w/120/format/jpg,0,,0,1780042104335,1
68f370140000000033004c0b,1760784405000,湖南,68f0e8370000000007035f41,这个可以一次许两个愿望[偷笑R][偷笑R],5b6cc1edac1bfa00017e9f28,Marie🥀,https://sns-avatar-qc.xhscdn.com/avatar/1040g2jo31ogk5ubq6g7g4abspa0ur7p81e4h460?imageView2/2/w/120/format/jpg,0,,0,1780042104347,0
68f5ee3d000000003902e275,1760947774000,福建,68f0e8370000000007035f41,@王者荣耀 我要庄周小羊皮[萌萌哒R],65d706230000000017019889,你在说什么喵言喵语,https://sns-avatar-qc.xhscdn.com/avatar/1040g2jo31v17fqpt3m6g5pen0ohlr649rid3lsg?imageView2/2/w/120/format/jpg,0,,0,1780042104347,0
68f4fd6b0000000038007971,1760886123000,湖南,68f0e8370000000007035f41,这个真的不是卖广告的吗,6648b4cc0000000007004ba8,了然ylan嫣（懒岚）,https://sns-avatar-qc.xhscdn.com/avatar/1040g2jo31dhcdoc410dg5pi8mj61oit8j68c2s0?imageView2/2/w/120/format/jpg,0,,0,1780042104355,1
68f358d30000000038033cbf,1760778452000,上海,68f0e8370000000007035f41,这不就是显化吗,62cf60ca000000000303d4f1,rMielorrayii,https://sns-avatar-qc.xhscdn.com/avatar/1040g2jo31m4pt7m166505omfc350vl7h4v9ll4o?imageView2/2/w/120/format/jpg,0,,0,1780042104360,0
68f659920000000039026da5,1760975251000,福建,68f0e8370000000007035f41,那我能得到他吗,65f562d0000000000600cd0d,清茶,https://sns-avatar-qc.xhscdn.com/avatar/1040g2jo31kihpsha3q6g5pflcb81hj8dg6d89ig?imageView2/2/w/120/format/jpg,0,,0,1780042104364,0
69007a3f0000000038031761,1761638975000,黑龙江,68f0e8370000000007035f41,@小珲珲 你试试,5ffe5594000000000100414e,云安,https://sns-avatar-qc.xhscdn.com/avatar/1040g2jo30vak1vds5k6g5nvuama08gaenv32828?imageView2/2/w/120/format/jpg,1,,0,1780042104366,0
68fc7a870000000039006381,1761376903000,陕西,68f0e8370000000007035f41,@@池叶羽,67c1a4f4000000000e012818,白雾风,https://sns-avatar-qc.xhscdn.com/avatar/1040g2jo31vpod3vpiq4g5pu1kjq3ia0oh9nlo80?imageView2/2/w/120/format/jpg,0,,0,1780042104369,1
68f9f751000000003800fcae,1761212242000,马来西亚,68f0e8370000000007035f41,@嗯嗯 天哪,60713a30000000000100414a,不嘻嘻啦,https://sns-avatar-qc.xhscdn.com/avatar/624433378c91f626451d8f6f.jpg?imageView2/2/w/120/format/jpg,0,,0,1780042104371,0
68f59d32000000003901c70f,1760927027000,浙江,68f0e8370000000007035f41,这个图案就是和宇宙高维能量有关的啊，是真的！@嗯嗯的浏览量 @嗯嗯大王 @寒吱 🍧 @秋天,648ee806000000001001fc03,落日爱看动画片,https://sns-avatar-qc.xhscdn.com/avatar/1040g2jo31tee0laml8605p4et0343v039n7f9j8?imageView2/2/w/120/format/jpg,0,http://sns-webpic-qc.xhscdn.com/202605291608/9358c69db8ab0d34d5cffaf6ca846897/comment/1040g2h031nrhlskh52605p4et0343v03bue86oo!nd_whgt34_webp_wm_1,0,1780042108279,1
68f4a6580000000039008f94,1760863832000,辽宁,68f0e8370000000007035f41,死亡圣器。@迷你世界铃兰解说 @Severus Snape,607122ef000000000101fdeb,雾屿.,https://sns-avatar-qc.xhscdn.com/avatar/1040g2jo31tdngm4jlk6g5o3h4bngbvfbj1eaop8?imageView2/2/w/120/format/jpg,0,,0,1780042108284,0
68f4865c0000000037012208,1760855645000,浙江,68f0e8370000000007035f41,@咸蛋 期中考试有救了,618fa205000000001000d51d,余空,https://sns-avatar-qc.xhscdn.com/avatar/1040g2jo31uqk17lkii005ocfk82k1l8tqv8j3co?imageView2/2/w/120/format/jpg,0,,0,1780042108290,0
68f436360000000037010c52,1760835126000,云南,68f0e8370000000007035f41,@LE 咳我想要时代峰峻,6868e5f2000000001e000086,凌星🦊＾鑫＾,https://sns-avatar-qc.xhscdn.com/avatar/1040g2jo31qjehj8000d05q38snp7g046f54qcug?imageView2/2/w/120/format/jpg,0,,0,1780042108292,0
68f3ab2b0000000037026156,1760799532000,山东,68f0e8370000000007035f41,假的,6422e82700000000120137f9,星光天鶬,https://sns-avatar-qc.xhscdn.com/avatar/ae351b5abc78ae2e8d79998354db8440.jpg?imageView2/2/w/120/format/jpg,0,,0,1780042108296,0
68f3996600000000390215a4,1760794983000,安徽,68f0e8370000000007035f41,@Lute 你试试？,65bb9a89000000000903c027,朝安.,https://sns-avatar-qc.xhscdn.com/avatar/1040g2jo31tgcq5ii565g5pdrja4ifg17jinlku8?imageView2/2/w/120/format/jpg,0,,0,1780042108300,0
68f3946100000000380140d7,1760793697000,河北,68f0e8370000000007035f41,真的吗？我许愿我数学考100分，谁蹲？,67bac043000000000a03dbb9,小红薯67BB3B12,https://sns-avatar-qc.xhscdn.com/avatar/1040g2jo31egnrbj9gs6g5ptqo11inmtpdg78vtg?imageView2/2/w/120/format/jpg,0,,0,1780042108300,0
68f37673000000003803d5a2,1760786036000,浙江,68f0e8370000000007035f41,@陈俊南 @小榆yuuu @一勺漂白粉. 这是真有用,68845b12000000001b019dfd,木夕鱼.,https://sns-avatar-qc.xhscdn.com/avatar/1040g2jo31us18oi1iq005q44bc96r7ft3uhe33o?imageView2/2/w/120/format/jpg,0,,0,1780042108307,0
68f34bbb000000003900b1c9,1760775099000,福建,68f0e8370000000007035f41,@慰藉 真的嘛[惊恐R],63033e2a000000001200ca4b,吻天使、,https://sns-avatar-qc.xhscdn.com/avatar/1040g2jo320dud5nm5m005oo37ol4hiibkhnomlg?imageView2/2/w/120/format/jpg,1,,0,1780042108312,0
68f246cf0000000033027ea6,1760708304000,江苏,68f0e8370000000007035f41,有没有人来告诉我，是不是真的呀,63453fa9000000001802eb88,财宝甜心,https://sns-avatar-qc.xhscdn.com/avatar/1040g2jo320ll8gopm2505oq57ukm5qs8hmsj8og?imageView2/2/w/120/format/jpg,0,http://sns-webpic-qc.xhscdn.com/202605291608/b7daf6851fdd176e94d44e805883f538/comment/1040g2h031no9cecg6g5g5oq57ukm5qs89vt0q5g!nd_whlt34_webp_wm_1,0,1780042108316,0
68f237f50000000038008698,1760704502000,广东,68f0e8370000000007035f41,,67a4cab5000000000d00a358,姥姥（爱露思版）,https://sns-avatar-qc.xhscdn.com/avatar/1040g2jo31rsfg8svj2kg5pt4paqj98qoaukhnp0?imageView2/2/w/120/format/jpg,0,http://sns-webpic-qc.xhscdn.com/202605291608/47c3ca202998f40c12f02341389fa9e4/comment/1040g2h031no7ae576g6g5pt4paqj98qo6311mr8!nd_whgt34_webp_wm_1,0,1780042112240,0
68f21e7a00000000390303c1,1760697979000,广东,68f0e8370000000007035f41,所以要发帖吗？,674e929a000000001d02d2be,小红薯674EE249,https://sns-avatar-qc.xhscdn.com/avatar/645b65431e7abf18da7d1266.jpg?imageView2/2/w/120/format/jpg,0,,0,1780042112240,0
68f217db000000003300fb7b,1760696284000,山东,68f0e8370000000007035f41,,67fa1387000000000e01f747,不知,https://sns-avatar-qc.xhscdn.com/avatar/1040g2jo31tqj1fmr7q605pvq2e3jjtq7g8or78g?imageView2/2/w/120/format/jpg,0,http://sns-webpic-qc.xhscdn.com/202605291608/0fef447158ab5dab8b0ae1afc278013b/comment/1040g2h031no3l1dg6g6g5pvq2e3jjtq70nid0u8!nd_whgt34_webp_wm_1,0,1780042112251,0
68f2157d0000000039022c59,1760695677000,哈萨克斯坦,68f0e8370000000007035f41,下次我试试,66efbe22000000001d030e9f,Hi,https://sns-avatar-qc.xhscdn.com/avatar/1040g2jo31rjp25ht286g5pnfnoh7e3kvk3bp9r8?imageView2/2/w/120/format/jpg,0,,0,1780042112256,0
68f17c410000000033006664,1760656449000,中国香港,68f0e8370000000007035f41,@Linnies.^🐾🦋 你說我要累富,657fee420000000019011412,池御.,https://sns-avatar-qc.xhscdn.com/avatar/1040g2jo31uocc6d93q005pbvtp16a50i1erabm0?imageView2/2/w/120/format/jpg,0,,0,1780042112259,0
68f125510000000039028dcf,1760634194000,内蒙古,68f0e8370000000007035f41,啊？,5c3b072c0000000005024d4e,禾枳.,https://sns-avatar-qc.xhscdn.com/avatar/1040g2jo31mauln6g4u6g5n1r0sm1cjaes32ik3g?imageView2/2/w/120/format/jpg,0,,0,1780042112262,0
68f10e35000000003901c0cd,1760628278000,贵州,68f0e8370000000007035f41,@小小辞浮 期中考试有望了,65c45b790000000011016393,ZY&america,https://sns-avatar-qc.xhscdn.com/avatar/1040g2jo31s0hn2gdl26g5pe4bdskaosjgshn92o?imageView2/2/w/120/format/jpg,0,,0,1780042112267,2
68f10964000000003300fb48,1760627046000,四川,68f0e8370000000007035f41,真的吗,5f0d07ba000000000100307d,金大宝娱乐,https://sns-avatar-qc.xhscdn.com/avatar/1040g2jo31l6pa8pliu0g5nod0ut08c3tmjhe890?imageView2/2/w/120/format/jpg,0,http://sns-webpic-qc.xhscdn.com/202605291608/c31bf3c91a73a6989134d7e6c963dcab/comment/1040g2h031nn2kh3l5m605nod0ut08c3t470ur68!nd_whgt34_webp_wm_1,0,1780042112270,0
68f0f1a2000000003803f6c0,1760620963000,江苏,68f0e8370000000007035f41,[飞吻R][飞吻R][飞吻R],62cf69c9000000000e00c083,懒大王爱吃瓜,https://sns-avatar-qc.xhscdn.com/avatar/1040g2jo30psb1qap6q505omfd74jhg43cs32g10?imageView2/2/w/120/format/jpg,0,,0,1780042112272,0
68f0e9b8000000003902db4d,1760618937000,江苏,68f0e8370000000007035f41,1,631c692f000000002303c9d1,阿飞,https://sns-avatar-qc.xhscdn.com/avatar/1040g2jo31qs1gi0cgm605oosd4novieh9cfcai8?imageView2/2/w/120/format/jpg,0,,0,1780042112277,0
68f0e93d0000000039032d31,1760618814000,江苏,68f0e8370000000007035f41,6,60cda464000000002002a3a7,露鱼饼,https://sns-avatar-qc.xhscdn.com/avatar/1040g2jo31vn8r9tf4c005o6dkhi858t7681ftl0?imageView2/2/w/120/format/jpg,0,,0,1780042115967,0
68f3b888000000003902250c,1760802954000,重庆,68f0e8370000000007035f41,超绝小学生字体哈,61fa34c5000000001000ccec,.馆宜.,https://sns-avatar-qc.xhscdn.com/avatar/1040g2jo31rniuncqi4605ofq6j2k1j7c9d0g3j0?imageView2/2/w/120/format/jpg,0,http://sns-webpic-qc.xhscdn.com/202605291608/655a2b9f2e4c4d9db8c5a31b70ab4786/comment/1040g2h031npchc1k4q405ofq6j2k1j7c367fqp8!nd_whgt34_webp_wm_1,0,1780042115969,2
68f30d3f00000000390204e5,1760759104000,陕西,68f0e8370000000007035f41,我说运气这个东西是会反弹的，就比如我有一段时间运气特别特别好，然后就有一段时间运气特别特别差。所以运气这个东西不是一直的，如果你运气一直是一般的话，那你就将一直是一般，如果一直特别差的话，会触底反弹，就比如我，我上次就是运气真的很好，很好，然后呢过了几天好像这个运气是用完了吧，然后呢运气变特别差，走路就能摔一跤那种。,676423b50000000018015e4b,穗苹果🍎,https://sns-avatar-qc.xhscdn.com/avatar/1040g2jo32025vfctl46g5pr44eqm2nibb6vjeo0?imageView2/2/w/120/format/jpg,0,,0,1780042115974,2
68f36b440000000037025b26,1760783172000,山东,68f0e8370000000007035f41,钉子要画2个还是3个[偷笑R],5d09709d00000000160164b5,saoirse,https://sns-avatar-qc.xhscdn.com/avatar/1040g2jo31tel5pit5s5g5n89e2elip5l5uv9560?imageView2/2/w/120/format/jpg,0,,0,1780042115979,0
68f11f41000000003800ba61,1760632641000,福建,68f0e8370000000007035f41,我靠真的吗？那考试有用吗,609f7fc600000000010043ca,芭乐（音介卡 光遇代肝）,https://sns-avatar-qc.xhscdn.com/avatar/1040g2jo32006c8ml3q6g5o4vfv308guae8sglk0?imageView2/2/w/120/format/jpg,0,,0,1780042115983,0
68f0e88f0000000033026db7,1760618640000,湖北,68f0e8370000000007035f41,666,633bb4bf0000000018022bab,喵姐摸娱（涨粉版）,https://sns-avatar-qc.xhscdn.com/avatar/1040g2jo31i3eu9o0n8605oprmivm4atbujkdrp8?imageView2/2/w/120/format/jpg,0,,0,1780042115985,0
68fdf9d70000000033025089,1761475031000,山东,68f0e8370000000007035f41,@亮. (上学版) @枝柠檬,63722adc000000001f01b5b4,安柔,https://sns-avatar-qc.xhscdn.com/avatar/1040g2jo31qu2tp13ng605ori5be7rddk8f85fso?imageView2/2/w/120/format/jpg,0,,0,1780042115989,0
68fdf95100000000370121cc,1761474898000,山东,68f0e8370000000007035f41,@亮. (上学版) @枝柠檬,63722adc000000001f01b5b4,安柔,https://sns-avatar-qc.xhscdn.com/avatar/1040g2jo31qu2tp13ng605ori5be7rddk8f85fso?imageView2/2/w/120/format/jpg,0,,0,1780042115992,0
68f717330000000038015633,1761023796000,福建,68f0e8370000000007035f41,@只爱欣欣和棣棣✨,67c933ca000000000e01f1a6,*虞榴绮*,https://sns-avatar-qc.xhscdn.com/avatar/1040g2jo31vg87vvhjq005pu96f53jsd6s5fmlr0?imageView2/2/w/120/format/jpg,0,,0,1780042115995,0
68f4ad9e0000000033006313,1760865694000,广西,68f0e8370000000007035f41,@🍀筱蔓Cc% @痛诉吠,66ae0ba8000000001d033363,暮秋忆（hp）,https://sns-avatar-qc.xhscdn.com/avatar/1040g2jo31tdgr7uc68505ple1ek7ecr3th589do?imageView2/2/w/120/format/jpg,3,,0,1780042115999,0
68f4a368000000003802d012,1760863081000,吉林,68f0e8370000000007035f41,@芝士奶油小能,6124bbc1000000000100a5a8,小红薯6124FC48,https://sns-avatar-qc.xhscdn.com/avatar/53ba1722242c3e9344db7b0fc2e1005f.jpg?imageView2/2/w/120/format/jpg,0,,0,1780042120176,0
68f46f63000000003902eefd,1760849763000,江苏,68f0e8370000000007035f41,@八十岁性感母蟑螂爱吃脚皮,62c8b8fe000000000e00eb48,祎丝薇光（露芜衣全肯定版）,https://sns-avatar-qc.xhscdn.com/avatar/1040g2jo31ua3du4rhm605om8n3v3hqq86jjq54g?imageView2/2/w/120/format/jpg,0,,0,1780042120180,0
68f397b10000000038016f8c,1760794546000,湖南,68f0e8370000000007035f41,@九颜（冲300粉😋）,66e419aa000000001d022535,薄荷🥞,https://sns-avatar-qc.xhscdn.com/avatar/1040g2jo31mb1s81mm8505pn436l7c99ld39v8co?imageView2/2/w/120/format/jpg,0,,0,1780042120180,0
68f388b8000000003902281f,1760790712000,山东,68f0e8370000000007035f41,@沐沐.GW @彩虹🌈（开学淡网） @自由鸟,61c7aba400000000210237b8,霞零,https://sns-avatar-qc.xhscdn.com/avatar/1040g2jo31vdpp8me1m5g5oe7lei8cdtocvg8ki8?imageView2/2/w/120/format/jpg,0,,0,1780042120189,1
68f372080000000038012d44,1760784904000,广东,68f0e8370000000007035f41,@壹晨,65c474fe000000000903c680,边小边,https://sns-avatar-qc.xhscdn.com/avatar/1040g2jo31jrj4bblj2005pe4ejv2fhk0nfhm3go?imageView2/2/w/120/format/jpg,0,,0,1780042120189,0
68f36967000000003300f0e1,1760782695000,泰国,68f0e8370000000007035f41,@红烧小栗帽（LYJ俱乐部团长） @小咩.♥ @灶门 称豆子🌷 @小红薯68C8CAB1 [黄金薯R],673987ae000000001c01981c,SE!,https://sns-avatar-qc.xhscdn.com/avatar/1040g2jo31o18d5kil8005pppgun7360snf75pp0?imageView2/2/w/120/format/jpg,1,,0,1780042120197,0
68f35dae0000000033004785,1760779694000,北京,68f0e8370000000007035f41,@婉芷🍬～🌾 [doge],5bce5ccfe5d3470001f43b6c,小猫,https://sns-avatar-qc.xhscdn.com/avatar/53ba1722242c3e9344db7b0fc2e1005f.jpg?imageView2/2/w/120/format/jpg,0,,0,1780042120200,0
68f34c12000000003802edf4,1760775186000,河南,68f0e8370000000007035f41,@与你等风起,5ef2b4d20000000001002d61,晴日未满,https://sns-avatar-qc.xhscdn.com/avatar/1040g2jo31km13sauio605nnimj908bb1frhutro?imageView2/2/w/120/format/jpg,0,,0,1780042120204,0
68f3189b0000000039028431,1760762011000,宁夏,68f0e8370000000007035f41,@鱼恋海 [笑哭R]！[偷笑R],64ab8d31000000002a0377e7,云苓,https://sns-avatar-qc.xhscdn.com/avatar/1040g2jo320m5jujmmo705p5bhkoqmtv7ckmh4n8?imageView2/2/w/120/format/jpg,0,,0,1780042120205,0
68f2cda8000000003802d00a,1760742824000,江苏,68f0e8370000000007035f41,@一只稻米吖！ @hjkvbmfsfhig @YY @筱鱼 @高朵朵,62f4ce6c000000001f0144fb,暮筱鱼 杂圈,https://sns-avatar-qc.xhscdn.com/avatar/1040g2jo320cia5gv626g5onkppm7qh7rkcbqbko?imageView2/2/w/120/format/jpg,0,,0,1780042120208,0
69dcbcb00000000035032370,1776073905000,河南,69b7a41b000000001a02ebe4,我的水平我根本看不出来这些话有什么用，直到我刚刚输给AI AI给我的一套语言文字，我真的觉得太牛逼了，真的太牛逼[萌萌哒R][哭惹R][哭惹R],5f8831b700000000010042e6,.不咬焦绿,https://sns-avatar-qc.xhscdn.com/avatar/1040g2jo3206eujdome6g5ns866rg8gn68e275vg?imageView2/2/w/120/format/jpg,4,,0,1780042126285,56
69c2532c00000000090043ae,1774342964000,广西,69b7a41b000000001a02ebe4,说快的，我都帮你们截图了，拿走吧。不用谢,658973880000000022000868,momo,https://sns-avatar-qc.xhscdn.com/avatar/1040g2jo31hns7re73s105pc9ee48g238hup32f0?imageView2/2/w/120/format/jpg,78,"http://sns-webpic-qc.xhscdn.com/202605291608/efc170addc8245098c892ea84ab98476/comment/1040g4b831u3esnum2a705pc9ee48g238v5n6rlo!nd_whgt34_webp_wm_1,http://sns-webpic-qc.xhscdn.com/202605291608/ec6f5f2c0007ac30bc06396902a81999/comment/1040g4b831u3esnum2a7g5pc9ee48g238ael4r0g!nd_whgt34_webp_wm_1,http://sns-webpic-qc.xhscdn.com/202605291608/8ee5f35b4dd97e03b94f034fa90f4507/comment/1040g4b831u3esnum2a805pc9ee48g238abp4beg!nd_whgt34_webp_wm_1,http://sns-webpic-qc.xhscdn.com/202605291608/5625ac3e59dce81547414cd938b6e173/comment/1040g4b831u3esnum2a8g5pc9ee48g2387tb7g80!nd_whgt34_webp_wm_1,http://sns-webpic-qc.xhscdn.com/202605291608/755ced10255c39795a9e1cd73cfe4c38/comment/1040g4b831u3esnum2a905pc9ee48g238oarnf7o!nd_whgt34_webp_wm_1,http://sns-webpic-qc.xhscdn.com/202605291608/a564d008b87ba355177b6ec3e61cadad/comment/1040g4b831u3esnum2a9g5pc9ee48g238m636ohg!nd_whgt34_webp_wm_1,http://sns-webpic-qc.xhscdn.com/202605291608/f74287cabc474e7ca943fcedbb86b0dd/comment/1040g4b831u3esnum2aa05pc9ee48g2389je2tjg!nd_whgt34_webp_wm_1,http://sns-webpic-qc.xhscdn.com/202605291608/6d89d8e8d8b1316053157523c319b3bb/comment/1040g4b831u3esnum2aag5pc9ee48g238epht59o!nd_whgt34_webp_wm_1",0,1780042126291,2657
69c1d8d2000000000f00f8b0,1774311635000,江西,69b7a41b000000001a02ebe4,天呐，最后一条，让AI来采访自己。分析自己的做事的逻辑和框架，这个事情我一直在干，而且我还根据这些内容已经写了七八篇的微信公众号的文章了,5ede460d0000000001005bfc,芋线,https://sns-avatar-qc.xhscdn.com/avatar/1040g2jo31t28q751lk605nmu8o6g8mvseq9fj70?imageView2/2/w/120/format/jpg,36,,0,1780042126293,289
6a18d579000000002b02b8a9,1780012409000,四川,69b7a41b000000001a02ebe4,看到你说四个指令两个功能就完成两轮迭代，突然觉得自己平时绕了好多弯路，原来可以这么简洁高效。,6655eb100000000007007197,方小静吖,https://sns-avatar-qc.xhscdn.com/avatar/1040g2jo31rm5tk24j2605piltc81oscnhem0v5o?imageView2/2/w/120/format/jpg,0,,0,1780042126298,0
69c8c867000000000f01cf36,1774766184000,浙江,69b7a41b000000001a02ebe4,我一直用六爻分析我自己，然后我跟着 ai 的步骤一步步改，现在感觉自己强的可怕,68bb5eef000000001a00f337,嗅己uhouse 香与器,https://sns-avatar-qc.xhscdn.com/avatar/75e8f393-c681-3629-8e84-6086a0b31dc6?imageView2/2/w/120/format/jpg,24,,0,1780042126302,51
6a1836eb000000002701e6b7,1779971820000,河北,69b7a41b000000001a02ebe4,不错，太方便了,60b18403000000000101ec79,茹姐的养生食疗,https://sns-avatar-qc.xhscdn.com/avatar/1040g2jo31u7eikt42s605o5hgg1gbr3pubc31to?imageView2/2/w/120/format/jpg,0,,0,1780042126302,0
6a0f0b300000000027016a96,1779370801000,广东,69b7a41b000000001a02ebe4,得了吧。千问[大笑R][大笑R]离豆包差远了,64f41a720000000004026f4d,媛之梦,https://sns-avatar-qc.xhscdn.com/avatar/1040g2jo320437o1fl6dg5p7k39p14rqdurg52fo?imageView2/2/w/120/format/jpg,1,,0,1780042126308,0
6a179ab8000000002701426f,1779931833000,北京,69b7a41b000000001a02ebe4,@点点ai 总结一下,652d4eac000000002a0364ea,大张,https://sns-avatar-qc.xhscdn.com/avatar/1040g2jo31of3583g526g5p9d9qmamp7ahn9t8fo?imageView2/2/w/120/format/jpg,0,,0,1780042126309,0
69c580ea0000000016016719,1774551275000,河南,69b7a41b000000001a02ebe4,"1.创造性破局 帮我链接 最新最前沿的 思路和资讯用500字，向我介绍一个 来自与我行业无关的领域 比如： 音乐制作/竞技体育 的核心概念， 并举例说明 它可能如何解決 我当前的一个工作难题： （简述你的难题）
2.帮我做更优的决策 (决策优化)
我决定笨用的这个方案 请用如果...那么...的句式 扮演我的红色团队 全力寻找这个方案的漏洞 被忽略的风险以及 过于乐观的假设 请提供至少五个强有力的反驳点 帮我列出做出这个选择 最好、最差、最可能发生的 三种情况各是什么 以及分别的应对策略",64ef422b000000000500202a,你是我最爱的小蛋糕,https://sns-avatar-qc.xhscdn.com/avatar/1040g2jo320kudckc68605p7f88lh881a07v8blo?imageView2/2/w/120/format/jpg,10,,0,1780042126312,273
6a178c31000000002a005ca6,1779928113000,陕西,69b7a41b000000001a02ebe4,有用,57c0f057a9b2ed0fc9394f32,小小逆女,https://sns-avatar-qc.xhscdn.com/avatar/1040g2jo31ve273g8jq5048lldso5ejpi6v4vpu0?imageView2/2/w/120/format/jpg,0,,0,1780042126314,0
6a0ad2110000000028034be4,1779094034000,湖北,69b7a41b000000001a02ebe4,只有我觉得最后一条很可怕吗？,61a8b22e000000001000d6f2,芝麻粒,https://sns-avatar-qc.xhscdn.com/avatar/1040g2jo31vvoqb2eii6g5od8m8n41lniaam8beg?imageView2/2/w/120/format/jpg,2,,0,1780042130172,0
69fd8675000000002900e54b,1778222710000,上海,69b7a41b000000001a02ebe4,让大家都去用这个功能，等大家都依赖它且离不开它的时候，上面官宣开始收费了,5b6d0562f7e8b94e9e94038e,咪豆黑麻,https://sns-avatar-qc.xhscdn.com/avatar/5ecf8182d3d9840001c8239a.jpg?imageView2/2/w/120/format/jpg,5,,0,1780042130178,20
6a1777b7000000002900d335,1779922872000,山东,69b7a41b000000001a02ebe4,长知识[抱拳R],61f207340000000021028c5c,美美与共7km,https://sns-avatar-qc.xhscdn.com/avatar/61f207340000000021028c5c.jpg?imageView2/2/w/120/format/jpg,0,,0,1780042130181,0
69c1c90f000000000f00f1f2,1774307599000,陕西,69b7a41b000000001a02ebe4,这做的，闪的太快了，是想让人看还是不想当人看啊,5be5fd6765e4a60001049ffb,sunflower,https://sns-avatar-qc.xhscdn.com/avatar/1040g2jo320mts7jb68504bpd93umf7vrbne55v0?imageView2/2/w/120/format/jpg,17,,0,1780042130186,94
6a054066000000002803bd23,1778729063000,陕西,69b7a41b000000001a02ebe4,"1. 创造性破局  
帮我链接 最新最前沿的 思路和资讯  
用500字，向我介绍一个来自与我行业无关的领域比如：音乐制作/竞技体育的核心概念，并举例说明它可能如何解决我当前的一个工作难题：(简述你的难题)",647bfda3000000001c02b2bf,就让这大雨全都与孤鹜齐飞（退坑版）,https://sns-avatar-qc.xhscdn.com/avatar/1040g2jo31o3hs8es6mdg5p3rvmhn5clvnhcv3n8?imageView2/2/w/120/format/jpg,4,,0,1780042130190,28
69f7debd000000002702e366,1777852094000,山东,69b7a41b000000001a02ebe4,用2000字向我介绍四柱八字，格局高低，成不成格？十神，人生成就，父母兄弟，孩子配偶以及配偶家庭，以及这个人的事业财富，,5fd3ed05000000000101ca25,安若素,https://sns-avatar-qc.xhscdn.com/avatar/6332777fbf23104664219e4b.jpg?imageView2/2/w/120/format/jpg,2,,0,1780042130197,1
69c633e0000000001d00f2fa,1774597088000,重庆,69b7a41b000000001a02ebe4,有失泄密风险,58889f4e6a6a694adbb76feb,朱雀飞天虎,https://sns-avatar-qc.xhscdn.com/avatar/58889f4e6a6a694adbb76feb.jpg?imageView2/2/w/120/format/jpg,4,,0,1780042130204,17
69c6a49d0000000015000d98,1774625950000,湖南,69b7a41b000000001a02ebe4,千问的实时记录不免费啊,5a7ab3d8e8ac2b55c5653656,天空,https://sns-avatar-qc.xhscdn.com/avatar/6234a3082f3afb000159317f.jpg?imageView2/2/w/120/format/jpg,1,,0,1780042130212,1
69bfd5e1000000000d03fbfe,1774179809000,北京,69b7a41b000000001a02ebe4,为什么要屏蔽问一问Ai,54850244d6e4a92811540a52,璞真,https://sns-avatar-qc.xhscdn.com/avatar/1040g2jo31g1qmpr3g600400qpo1482iiibau7ho?imageView2/2/w/120/format/jpg,1,,0,1780042130216,3
69f1b880000000002b0011e0,1777449088000,四川,69b7a41b000000001a02ebe4,@元宝 总结一下这个视频的核心内容,598f540a5e87e7016fb89a5f,有言,https://sns-avatar-qc.xhscdn.com/avatar/598f540a5e87e7016fb89a5f.jpg?imageView2/2/w/120/format/jpg,1,,0,1780042130219,0
69c1f30e000000000d036b4d,1774318351000,湖北,69b7a41b000000001a02ebe4,截图都截不到，怕我截到了吗！！！！,574f8d653460940f8039f9a6,周5小姐,https://sns-avatar-qc.xhscdn.com/avatar/1040g2jo31srflip85e0048de7c6mbud607rpml8?imageView2/2/w/120/format/jpg,5,,0,1780042134087,14
69c1e1dc000000001d0088cb,1774313948000,浙江,69b7a41b000000001a02ebe4,@千问APP 总结一下,5a07d2754eacab43b70e5461,心愿便利贴,https://sns-avatar-qc.xhscdn.com/avatar/1040g2jo3206221bkia6049vf1t97al31368t7to?imageView2/2/w/120/format/jpg,2,,0,1780042134089,1
69ea1f26000000001401cc13,1776951078000,辽宁,69b7a41b000000001a02ebe4,时间久了你会不会发现自己成了AI的外挂,61edfd11000000000201dcad,白皮书,https://sns-avatar-qc.xhscdn.com/avatar/1040g2jo31abj8to56m6g5ofdvk8gjn5duckkuno?imageView2/2/w/120/format/jpg,5,,0,1780042134096,9
69c1f2fd0000000015004cb5,1774318333000,广东,69b7a41b000000001a02ebe4,内容一闪而过，真不想让人看,5fe7d900000000000100771e,秋日,https://sns-avatar-qc.xhscdn.com/avatar/63c4ebf3904bb17aa5865209.jpg?imageView2/2/w/120/format/jpg,3,,0,1780042134100,20
69c476a100000000090051b2,1774483112000,尼日尔,69b7a41b000000001a02ebe4,没有实时记录,686d1713000000001d0099b5,决战A股,https://sns-avatar-qc.xhscdn.com/avatar/1040g2jo31nunufrbmm005q3d2s9n96dlco60c40?imageView2/2/w/120/format/jpg,1,http://sns-webpic-qc.xhscdn.com/202605291608/a3965dc2cefd56f7cc384dd5c3a34af4/comment/1040g2h031u5hn7uu2q005q3d2s9n96dl6h51hk0!nd_whgt34_webp_wm_1,0,1780042134103,3
69c222980000000019002483,1774330520000,重庆,69b7a41b000000001a02ebe4,确实很实用，太方便了[赞R],61926ffb000000001000c23e,宋思达,https://sns-avatar-qc.xhscdn.com/avatar/1040g2jo31r7nl4o1g0005ocidvtk1ghuvvu3re0?imageView2/2/w/120/format/jpg,1,,0,1780042134103,1
69dc75170000000015004682,1776055575000,北京,69b7a41b000000001a02ebe4,闪这么快是怕被看清楚吗？,62eb147d000000001501a4d0,虫虫,https://sns-avatar-qc.xhscdn.com/avatar/62eb147d000000001501a4d0.jpg?imageView2/2/w/120/format/jpg,2,,0,1780042134110,7
69f76300000000002702f278,1777820417000,天津,69b7a41b000000001a02ebe4,礼貌拿图，谢谢[玫瑰R],643a46e9000000000e01c16d,阿彩的轻创业日记,https://sns-avatar-qc.xhscdn.com/avatar/1040g2jo31uvv0jr82s6g5p1q8rkjjgbds896cso?imageView2/2/w/120/format/jpg,2,,0,1780042134114,0
69fbf825000000002901806e,1778120741000,上海,69b7a41b000000001a02ebe4,AI是个好工具 但核心还是自己思考[笑哭R][笑哭R][笑哭R],60b736970000000001005e82,积极阳光小太阳,https://sns-avatar-qc.xhscdn.com/avatar/648c87a279b89dc9fe897554.jpg?imageView2/2/w/120/format/jpg,1,,0,1780042134116,7
69d3772f0000000018039399,1775466288000,河北,69b7a41b000000001a02ebe4,首先本身自身得有价值和实力，老天自己都会给你开另外一条好走的路。没有价值，没有实力，供1万个佛都没用。,61321517000000000201a6d3,🌹我见过龙,https://sns-avatar-qc.xhscdn.com/avatar/1040g2jo320n0el43me6g5o9i2kbgj9mj1hgs5ng?imageView2/2/w/120/format/jpg,1,,0,1780042134121,9
69f05a9d00000000270151df,1777359520000,湖南,69b7a41b000000001a02ebe4,给你们截了，直接保存就好,642458710000000011023626,青柚香集,https://sns-avatar-qc.xhscdn.com/avatar/1040g2jo31v8kp4er3m505p14b1okcdh622b6loo?imageView2/2/w/120/format/jpg,1,"http://sns-webpic-qc.xhscdn.com/202605291608/fea337dfa709880584283896c32945c8/comment/1040g2h031vgd9q92kc6g5p14b1okcdh6t215e6o!nd_whgt34_webp_wm_1,http://sns-webpic-qc.xhscdn.com/202605291608/746dea458106be834a0d6c95e8c08b7b/comment/1040g2h031vgd9q92kc4g5p14b1okcdh6cd4bre0!nd_whgt34_webp_wm_1,http://sns-webpic-qc.xhscdn.com/202605291608/2a5068ee558e0062fd7cc90441b15a2e/comment/1040g2h031vgd9q92kc405p14b1okcdh6h1q2mlg!nd_whgt34_webp_wm_1,http://sns-webpic-qc.xhscdn.com/202605291608/3bcc33066d3a54e345b3e3af6d5c8dcf/comment/1040g2h031vgd9q92kc505p14b1okcdh6o3vjr6o!nd_whgt34_webp_wm_1,http://sns-webpic-qc.xhscdn.com/202605291608/6cbaca570c4f9220ba3ddb0f24826954/comment/1040g2h031vgd9q92kc305p14b1okcdh6kbksc3g!nd_whgt34_webp_wm_1,http://sns-webpic-qc.xhscdn.com/202605291608/ed31663280cbcbf240f0fd6b315456bc/comment/1040g2h031vgd9q92kc2g5p14b1okcdh6i3mk7fo!nd_whgt34_webp_wm_1,http://sns-webpic-qc.xhscdn.com/202605291608/a87cd3cc7c61535ec696b3b4ff675cda/comment/1040g2h031vgd9q92kc0g5p14b1okcdh6qjubesg!nd_whgt34_webp_wm_1,http://sns-webpic-qc.xhscdn.com/202605291608/572a6dab502d13d92c98d094c43bf61b/comment/1040g2h031vgd9q92kc605p14b1okcdh68j2b260!nd_whgt34_webp_wm_1",0,1780042138052,10
69c1d7fc0000000003012042,1774311420000,广东,69b7a41b000000001a02ebe4,很多公司内部会议不让上传外部AI做的咋整？,6875b897000000001e03c875,桃宝宝是小聪明吖,https://sns-avatar-qc.xhscdn.com/avatar/1040g2jo31pmr5m3kkk605q3ln2bnni3lq9ans3o?imageView2/2/w/120/format/jpg,0,,0,1780042138056,3
6a12d5e00000000029035066,1779619297000,浙江,69b7a41b000000001a02ebe4,老板:明天开始你干三个人的活！,63f31cd4000000000f010d43,行者,https://sns-avatar-qc.xhscdn.com/avatar/63f31cd4000000000f010d43.jpg?imageView2/2/w/120/format/jpg,0,,0,1780042138061,1
69f140560000000029035449,1777418326000,江西,69b7a41b000000001a02ebe4,我们节约了时间，也省略了思考，这是AI最大的坑,5e8cc2690000000001001ba5,纳行-咏的运动疗愈生活,https://sns-avatar-qc.xhscdn.com/avatar/1040g2jo31u336mhl726g5nkco9kg86t5hiqcfd0?imageView2/2/w/120/format/jpg,0,,0,1780042138064,14
6a0b95c1000000002901315d,1779144129000,广东,69b7a41b000000001a02ebe4,太好了[派对R]一定要试试！谢谢你的分享[飞吻R],656a97220000000020034aaf,芳姐自律成长,https://sns-avatar-qc.xhscdn.com/avatar/1040g2jo320fjme4jlm6g5pbaish86ilf9oakm7o?imageView2/2/w/120/format/jpg,0,,0,1780042138071,3
69f44926000000002a004189,1777617193000,云南,69b7a41b000000001a02ebe4,已截图保存，谢谢博主[派对R],685629e8000000001b020843,黄晓曼同学,https://sns-avatar-qc.xhscdn.com/avatar/1040g2jo31rc98p1l7o605q2m57k6s223ui2365o?imageView2/2/w/120/format/jpg,0,"http://sns-webpic-qc.xhscdn.com/202605291608/b123e23dea619816e8d302dfd848daa9/comment/1040g4b831vk85indiid05q2m57k6s223g3gefqo!nd_whgt34_webp_wm_1,http://sns-webpic-qc.xhscdn.com/202605291608/06e115282eb75016b21e1dfd557b3cdf/comment/1040g4b831vk85indiic05q2m57k6s2231v6q6cg!nd_whgt34_webp_wm_1,http://sns-webpic-qc.xhscdn.com/202605291608/e2714b545dacad282d65e340ea124ccb/comment/1040g4b831vk85indiia05q2m57k6s22359aan0o!nd_whgt34_webp_wm_1,http://sns-webpic-qc.xhscdn.com/202605291608/ebdc5921786dfc20f4de6732a2e36941/comment/1040g4b831vk85indiibg5q2m57k6s2234p3vqa0!nd_whgt34_webp_wm_1,http://sns-webpic-qc.xhscdn.com/202605291608/f70a5674180d42448058f2d211dbf03b/comment/1040g4b831vk85indiidg5q2m57k6s2230pqed9g!nd_whgt34_webp_wm_1,http://sns-webpic-qc.xhscdn.com/202605291608/85b947ff74ec0f714cc341e42f6f2a34/comment/1040g4b831vk85indii9g5q2m57k6s2237epj2n8!nd_whgt34_webp_wm_1,http://sns-webpic-qc.xhscdn.com/202605291608/4f230f31b9ae817870103b984c5a1703/comment/1040g4b831vk85indiiag5q2m57k6s223r4jn3t8!nd_whgt34_webp_wm_1,http://sns-webpic-qc.xhscdn.com/202605291608/597bcb63c63c3aa4adda290baf4a256e/comment/1040g4b831vk85indii805q2m57k6s2232ptj5bg!nd_whgt34_webp_wm_1",0,1780042138101,11
6a0f559e000000002701f417,1779389854000,浙江,69b7a41b000000001a02ebe4,加拿大不用欧元,614a7cd400000000020184ea,Poiuy,https://sns-avatar-qc.xhscdn.com/avatar/1040g2jo31a9bmtvd6m005oaafja0j17a9lifmeg?imageView2/2/w/120/format/jpg,0,,0,1780042138106,1
6a15e95e000000002a004a26,1779820894000,广东,69b7a41b000000001a02ebe4,蒸馏一个自己,5b34eb8c11be1076588625d3,大盆友在成长,https://sns-avatar-qc.xhscdn.com/avatar/1040g2jo320j5k0i16e6g4a6lgdloo9ej0cft4gg?imageView2/2/w/120/format/jpg,0,,0,1780042138108,0
6a10e2270000000028038eaf,1779491367000,天津,69b7a41b000000001a02ebe4,泄密功能,64dce76f0000000001013325,飞露峰,https://sns-avatar-qc.xhscdn.com/avatar/645b7f83b46568f580649586.jpg?imageView2/2/w/120/format/jpg,0,,0,1780042138115,0
6a0f5e3d0000000029011566,1779392061000,广东,69b7a41b000000001a02ebe4,真有那么好使呀,5eb7ac9c0000000001000cd8,麦萌的宠儿,https://sns-avatar-qc.xhscdn.com/avatar/1040g2jo31ttgeugm7e005nlnlie0836ot89r2po?imageView2/2/w/120/format/jpg,0,,0,1780042138119,0
6a1144b4000000002901207a,1779516596000,北京,69b7a41b000000001a02ebe4,人在这个世界上还能干点啥？！[偷笑R],655f139500000000020357d8,厚朴毉修,https://sns-avatar-qc.xhscdn.com/avatar/1040g2jo31sutj7vflm605pf0du8h9r58vf4net8?imageView2/2/w/120/format/jpg,0,,0,1780042142217,0
6a1501c50000000027016346,1779761605000,山东,69b7a41b000000001a02ebe4,哪两个功能,613dd655000000000201981c,蕙质兰心,https://sns-avatar-qc.xhscdn.com/avatar/613dd655000000000201981c.jpg?imageView2/2/w/120/format/jpg,0,,0,1780042142219,0
6a10e1b900000000280387c5,1779491257000,福建,69b7a41b000000001a02ebe4,屏幕的文字是不是怕被人看清楚吗？,5bf8abca4d53e10001de7c78,从容,https://sns-avatar-qc.xhscdn.com/avatar/d784fc20c996f3d2f39d034c404f234e.jpg?imageView2/2/w/120/format/jpg,0,,0,1780042142225,0
6a115cf9000000002a02c1e5,1779522810000,云南,69b7a41b000000001a02ebe4,最近天天静静地看着远方,6463460e0000000010026b01,50.FM,https://sns-avatar-qc.xhscdn.com/avatar/1040g2jo31vmkk7pu2g6g5p338o744qo15rrb738?imageView2/2/w/120/format/jpg,0,http://sns-webpic-qc.xhscdn.com/202605291609/a1619ecb302c7544572676888a927768/comment/1040g4b8320gkr0rg62dg5p338o744qo1bjm0h1o!nd_whlt34_webp_wm_1,0,1780042142232,0
6a128f40000000002701e8f2,1779601216000,北京,69b7a41b000000001a02ebe4,指令在哪里？,69c5d2030000000034018cbb,AI玉米,https://sns-avatar-qc.xhscdn.com/avatar/1040g2jo320hlsesv5e5g5qe5q81t335rb16oqu0?imageView2/2/w/120/format/jpg,0,,0,1780042142238,0
6a0f8d9b000000002803ade9,1779404187000,江苏,69b7a41b000000001a02ebe4,嗯，这是千问的广告,63dca0a6000000002600736e,爱学习的小胖,https://sns-avatar-qc.xhscdn.com/avatar/1040g2jo31n3pcoa65m005ousk2j9gsrefpto128?imageView2/2/w/120/format/jpg,0,,0,1780042142238,0
6a0fe5ac000000002902753b,1779426733000,中国台湾,69b7a41b000000001a02ebe4,所以會議那個 你們公司都不用簽保密協議嗎⋯⋯⋯,62069b0c00000000100048eb,༺༼࿅࿆࿄玥兒࿄࿆࿅࿆༽༻,https://sns-avatar-qc.xhscdn.com/avatar/62069b0c00000000100048eb.jpg?imageView2/2/w/120/format/jpg,0,,0,1780042142238,0
6a124457000000002902e034,1779582040000,上海,69b7a41b000000001a02ebe4,可以关屏幕使用吗？[暗中观察R],63cf6a2e00000000260132b8,Wangsp,https://sns-avatar-qc.xhscdn.com/avatar/63cf6ccc9c260788a5d93919.jpg?imageView2/2/w/120/format/jpg,0,,0,1780042142248,0
69d8c4c60000000035024dc9,1775813830000,浙江,69b7a41b000000001a02ebe4,Ai能帮我把东西卖出去吗,65115ab40000000024017fb9,DeBeers 杭州大厦,https://sns-avatar-qc.xhscdn.com/avatar/1040g2jo31pcpr01ajc605p8hbaq92vtpl9p32fg?imageView2/2/w/120/format/jpg,0,,0,1780042142251,3
6a0fa6b8000000002a0245e0,1779410617000,广东,69b7a41b000000001a02ebe4,这个牛了，是免费的吗,56f114321c07df5bbb846a4f,妹妹是只猫,https://sns-avatar-qc.xhscdn.com/avatar/1040g2jo320fnctvpm25g478qq2a34qif6sdt038?imageView2/2/w/120/format/jpg,0,,0,1780042142255,0
6a0fd2b6000000002702fffc,1779421879000,广东,69b7a41b000000001a02ebe4,感谢博主分享，太需要了[萌萌哒R],6231ec130000000021029f3f,诗诗在打怪,https://sns-avatar-qc.xhscdn.com/avatar/1040g2jo31thne9d4566g5ohhtg9od7pv11c785g?imageView2/2/w/120/format/jpg,0,,0,1780042146118,0
6a116082000000002702bac2,1779523714000,江苏,69b7a41b000000001a02ebe4,请问，这4条指令，是一起发，还是分开发？,6300510b000000000f005904,好物潮品,https://sns-avatar-qc.xhscdn.com/avatar/1040g2jo31ji5n1kkj66g5oo0a45jom848f4e0bg?imageView2/2/w/120/format/jpg,0,,0,1780042146122,0
6a12296000000000290345f0,1779575137000,浙江,69b7a41b000000001a02ebe4,软件下载？,608aa944000000000101e1df,甜欣,https://sns-avatar-qc.xhscdn.com/avatar/608aa944000000000101e1df.jpg?imageView2/2/w/120/format/jpg,0,,0,1780042146125,0
69c1cd78000000000d036db2,1774308728000,山东,69b7a41b000000001a02ebe4,课代表呢？,63e0d219000000002702a1a1,小陈爱分享,https://sns-avatar-qc.xhscdn.com/avatar/63e0d321f49cc7b05d32f9db.jpg?imageView2/2/w/120/format/jpg,0,,0,1780042146130,4
6a1576cf0000000029026f80,1779791567000,广东,69b7a41b000000001a02ebe4,这些功能真是爱了[偷笑R][偷笑R],675e89fb000000001801466a,吴嘻嘻变强计划,https://sns-avatar-qc.xhscdn.com/avatar/1040g2jo3208l043j68105pquh7tm2hjavghvl8o?imageView2/2/w/120/format/jpg,0,,0,1780042146132,1
69c1ccf8000000000202a21a,1774308601000,美国,69b7a41b000000001a02ebe4,加拿大为啥用欧元,5be1fb64a3593b0001996460,叁柒几十几,https://sns-avatar-qc.xhscdn.com/avatar/66d011e3a544d2127edeabfc.jpg?imageView2/2/w/120/format/jpg,0,,0,1780042146138,3
69ea0274000000001401b004,1776943732000,广东,69b7a41b000000001a02ebe4,这条也是ai做的吧,69c360430000000033025c13,知薇学姐,https://sns-avatar-qc.xhscdn.com/avatar/1040g2jo31v7ldvu8ig105qe3c11ssn0j3dnaa0o?imageView2/2/w/120/format/jpg,0,,0,1780042146144,3
6a161279000000002800bf88,1779831417000,辽宁,69b7a41b000000001a02ebe4,牛马专用，,61dd65650000000010009007,带你玩海,https://sns-avatar-qc.xhscdn.com/avatar/1040g2jo31coc6dps126g5oetclik1407sfrao50?imageView2/2/w/120/format/jpg,0,,0,1780042146147,0
69c1f8d3000000000202bc59,1774319828000,河北,69b7a41b000000001a02ebe4,好像上班就只是做ppt似的[doge]  客户的酒谁喝  领导的酒谁和  迎来送往谁干,5fd590e7000000000101ef2b,达不溜爱溜达,https://sns-avatar-qc.xhscdn.com/avatar/1040g2jo31t1ldcnpl8605nuli3jgbrpbj5jf1g0?imageView2/2/w/120/format/jpg,0,,0,1780042146153,3
69c299af0000000001005841,1774361007000,北京,69b7a41b000000001a02ebe4,隐私安全咋办？,564d70bec2bdeb32bc5c08cd,happystone,https://sns-avatar-qc.xhscdn.com/avatar/1040g2jo31io25cvvgs6042k2skobs26dmd9e5v8?imageView2/2/w/120/format/jpg,0,,0,1780042146156,5
6a11b43200000000290127b1,1779545138000,河北,69b7a41b000000001a02ebe4,保密的咋办,5c75e8f0000000001203d1c1,喜觉,https://sns-avatar-qc.xhscdn.com/avatar/1040g2jo31dl3nd5d0m605n3lt3o4nke17sqmecg?imageView2/2/w/120/format/jpg,0,,0,1780042149902,0
6a1028da000000002803a5a0,1779443930000,上海,69b7a41b000000001a02ebe4,不管用什么AI，经典总结就是：分步对话比一次问完效果好很多，第一步让它出框架，第二步再填内容，出来的东西完全不一样。框架符合你的要求，最后的内容就大差不差了,6602ac58000000000600ec7d,周周的副驾,https://sns-avatar-qc.xhscdn.com/avatar/1040g2jo320farluf62005pg2lhc1hr3tn7mkm9g?imageView2/2/w/120/format/jpg,0,,0,1780042149907,0
6a13b066000000002b0013a2,1779675239000,浙江,69b7a41b000000001a02ebe4,开会内容全被一个第三方知道了[偷笑R],60827872000000000101f256,🐒请来的救兵,https://sns-avatar-qc.xhscdn.com/avatar/60827872000000000101f256.jpg?imageView2/2/w/120/format/jpg,0,,0,1780042149915,0
6a0f0a6500000000290136b5,1779370597000,广东,69b7a41b000000001a02ebe4,Al能做家长或丈夫或妻子吗？这里指思想情感。,678a6dac000000000e01e34d,34322345544567767899654,https://sns-avatar-qc.xhscdn.com/avatar/645b7f3c86578b8c6ab3b068.jpg?imageView2/2/w/120/format/jpg,0,,0,1780042149917,0
6a0f0096000000002701ddb4,1779368087000,江苏,69b7a41b000000001a02ebe4,美女分享的内容很有价值[抱拳R],5e2953b5000000000100a171,女生宝藏好物｜平价好物合集,https://sns-avatar-qc.xhscdn.com/avatar/1040g2jo320d3405n5e5g5nh9aeqg98bhjodtcqo?imageView2/2/w/120/format/jpg,0,,0,1780042149923,0
6a0ec819000000002b02a09e,1779353625000,湖南,69b7a41b000000001a02ebe4,我想作为彩神彩票一等奖的神仙,65f469ec000000000500f2ba,楚有才,https://sns-avatar-qc.xhscdn.com/avatar/645b7f6e338379fac1893093.jpg?imageView2/2/w/120/format/jpg,0,,0,1780042149929,0
6a0e501f000000002702801d,1779322912000,广东,69b7a41b000000001a02ebe4,哇！学习了，感觉牛马也能封神了[偷笑R],5f6af049000000000101edd0,Maymay姐说房丨风光,https://sns-avatar-qc.xhscdn.com/avatar/1040g2jo31usnlk6pj46g5nrau14gbregss3khs8?imageView2/2/w/120/format/jpg,0,,0,1780042149932,0
6a0e4d61000000002701f1bb,1779322209000,湖北,69b7a41b000000001a02ebe4,牛啊，我能学吗？,604a432b000000000101e4bb,AI夏队长,https://sns-avatar-qc.xhscdn.com/avatar/1040g2jo3206d7uid5k805o2a8clgbp5r8i9vja0?imageView2/2/w/120/format/jpg,0,,0,1780042149935,0
6a0e490d000000002901245e,1779321102000,吉林,69b7a41b000000001a02ebe4,m,6814860e000000000d008c4f,天伦之乐,https://sns-avatar-qc.xhscdn.com/avatar/645b6985573b2ad2b5243b1d.jpg?imageView2/2/w/120/format/jpg,0,,0,1780042149939,0
6a0e3667000000002900f17c,1779316328000,山西,69b7a41b000000001a02ebe4,谢谢分享,676e3ab60000000018014201,樊凤静语,https://sns-avatar-qc.xhscdn.com/avatar/1040g2jo31urvavok2g605pre7ar62gg1lv1771o?imageView2/2/w/120/format/jpg,0,,0,1780042149940,1
6a0e1e68000000002a0301ce,1779310185000,辽宁,69b7a41b000000001a02ebe4,小美女口才好！👍,62e254bf000000001e01de4a,小红薯62E2BB6A,https://sns-avatar-qc.xhscdn.com/avatar/7121a416be8e543266fd62c1cc9d575e.jpg?imageView2/2/w/120/format/jpg,0,,0,1780042153785,0
6a0dae18000000002a0301c5,1779281433000,海南,69b7a41b000000001a02ebe4,你快被解雇了。企业核心机密都泄露了,6680a73b0000000007006a51,墨绾手绘馆,https://sns-avatar-qc.xhscdn.com/avatar/1040g2jo3204maqv62g505pk0ksthoqih80huuj8?imageView2/2/w/120/format/jpg,0,,0,1780042153788,0
6a0cf5b00000000029018317,1779234224000,北京,69b7a41b000000001a02ebe4,担心，有一天Al也会把你替了[笑哭R],67b3dc80000000000e0119d5,小红薯67B42B4A,https://sns-avatar-qc.xhscdn.com/avatar/645b807d338379fac18930a8.jpg?imageView2/2/w/120/format/jpg,0,,0,1780042153793,0
6a0c4b72000000002702c425,1779190643000,广东,69b7a41b000000001a02ebe4,有没有人说说这几个指令真的有那么神奇？,5c067ccd6b58b71fa4dce3fc,momo,https://sns-avatar-qc.xhscdn.com/avatar/1040g2jo31p6k7n7ti85g4buqs6ucrovsbmrju30?imageView2/2/w/120/format/jpg,0,,0,1780042153793,0
6a0c44ea000000002701719f,1779188970000,广西,69b7a41b000000001a02ebe4,ai能帮我每天不同花样骂领导吗,6324bf11000000002303fae7,🏁,https://sns-avatar-qc.xhscdn.com/avatar/be4e54a984a21be925a215a08fb36c8b.jpg?imageView2/2/w/120/format/jpg,0,,0,1780042153793,0
6a0c1814000000002b029f98,1779177493000,山东,69b7a41b000000001a02ebe4,说话太4天，听不明日,64afa26c000000002a0366aa,心理7388,https://sns-avatar-qc.xhscdn.com/avatar/1040g2jo31qugfjgo7g6g5p5fk9mamplaues4j8o?imageView2/2/w/120/format/jpg,0,,0,1780042153802,0
6a0bed84000000002b02b382,1779166597000,新疆,69b7a41b000000001a02ebe4,给你做好吃的[偷笑R][偷笑R],67fba067000000000e01f598,单身*好打理,https://sns-avatar-qc.xhscdn.com/avatar/1040g2jo31vuo7qo6ig6g5pvrk1jjjtcou6vfh9o?imageView2/2/w/120/format/jpg,0,,0,1780042153802,0
6a0a9664000000002902c573,1779078757000,云南,69b7a41b000000001a02ebe4,学到了,69d90dd000000000320294ef,小满在成长,https://sns-avatar-qc.xhscdn.com/avatar/1040g2jo31utb9so62q605qep1n8cl57f3dov14g?imageView2/2/w/120/format/jpg,0,,0,1780042153809,0
6a0a8fdd0000000028009016,1779077085000,福建,69b7a41b000000001a02ebe4,为你点赞[飞吻R],60d7f5f1000000000100554d,茶玉慢手作,https://sns-avatar-qc.xhscdn.com/avatar/1040g2jo31vkagtrr4c5g5o6nunog8ladrcgag3g?imageView2/2/w/120/format/jpg,0,,0,1780042153809,0
6a09e019000000002a004aa4,1779032090000,江苏,69b7a41b000000001a02ebe4,我们公司不需要你自己记录，公司有AI软件记录，然后再给你发新任务[捂脸R],64e8728e000000000100e0ca,老格里的杨小咪,https://sns-avatar-qc.xhscdn.com/avatar/1040g2jo312hm54tonu6g5p78ea709o6a8r5jah0?imageView2/2/w/120/format/jpg,0,,0,1780042153817,1
6a09dcc80000000027023067,1779031240000,陕西,69b7a41b000000001a02ebe4,有点意思。,5e0dbaaf0000000001001e9e,闻晏,https://sns-avatar-qc.xhscdn.com/avatar/1040g2jo320fojj095c605ngdnang87kuuvlgbeg?imageView2/2/w/120/format/jpg,0,,0,1780042157663,0
6a0927de00000000270217fd,1778984926000,江西,69b7a41b000000001a02ebe4,是的  会用Ai真的很厉害,6944cf24000000003702c0b1,啊秋,https://sns-avatar-qc.xhscdn.com/avatar/1040g2jo31qf529vq0a6g5qa4psidtg5h4d8pe40?imageView2/2/w/120/format/jpg,0,,0,1780042157670,0
6a0922df000000002803cee9,1778983648000,广东,69b7a41b000000001a02ebe4,报上出生年月日，豆包就会给你分析人生夫妻子女财运的,63946dba0000000026005f00,国画梅花喜鹊教学,https://sns-avatar-qc.xhscdn.com/avatar/1040g2jo31v366o3liq6g5oskdmt9gno06bnirj0?imageView2/2/w/120/format/jpg,0,,0,1780042157670,0
6a08f9f50000000028034dc3,1778973174000,江西,69b7a41b000000001a02ebe4,Ai,6167dd56000000000201e4b6,哆来咪,https://sns-avatar-qc.xhscdn.com/avatar/643a5ed69329aa25ed934cb0.jpg?imageView2/2/w/120/format/jpg,0,,0,1780042157677,0
6a08e6b80000000028030518,1778968248000,安徽,69b7a41b000000001a02ebe4,千问好用。,69cffee70000000034018bfa,飞阳123,https://sns-avatar-qc.xhscdn.com/avatar/1040g2jo32028g0tjig6g5qefvrjt32vqks8c7h8?imageView2/2/w/120/format/jpg,0,,0,1780042157682,1
6a0896b20000000029025b27,1778947762000,广东,69b7a41b000000001a02ebe4,AI总结一下视频内容,5754e0fc5e87e774e4af469c,星晴_57562430,https://sns-avatar-qc.xhscdn.com/avatar/7121a416be8e543266fd62c1cc9d575e.jpg?imageView2/2/w/120/format/jpg,0,,0,1780042157687,0
6a0848a2000000002803172a,1778927779000,广东,69b7a41b000000001a02ebe4,码起来了,655817140000000002036dee,灯心录正念觉察,https://sns-avatar-qc.xhscdn.com/avatar/1040g2jo3204plm072g005pao2sa0mrfeedhqft8?imageView2/2/w/120/format/jpg,0,,0,1780042157690,0
6a0821c30000000027022471,1778917828000,北京,69b7a41b000000001a02ebe4,所以它解决的还是你要应付类的工作？,600d40e2000000000101e277,没天理，讲地理，板书在这里,https://sns-avatar-qc.xhscdn.com/avatar/66f173b5106fc91c24696004.jpg?imageView2/2/w/120/format/jpg,0,,0,1780042157697,0
6a07cccd000000002803042e,1778896077000,江苏,69b7a41b000000001a02ebe4,科技的力量👍,614c863d000000000202612a,鸭先知の,https://sns-avatar-qc.xhscdn.com/avatar/1040g2jo31vak704dig6g5oacgougko9a7finn9g?imageView2/2/w/120/format/jpg,0,,0,1780042157699,0
6a07a852000000002803b671,1778886738000,江西,69b7a41b000000001a02ebe4,内容一闪而过，真不想让人看呀,695b8554000000003700beb0,土星性感的果糖,https://sns-avatar-qc.xhscdn.com/avatar/1040g2jo31vcm0rlm2gb05qargladpflgq8chreg?imageView2/2/w/120/format/jpg,0,,0,1780042157703,0
6a070a8e000000002a024bf7,1778846350000,江苏,69b7a41b000000001a02ebe4,还是要有创造性的思维,69d9c5120000000032036ab8,橘团成精了,https://sns-avatar-qc.xhscdn.com/avatar/1040g2jo31vgdft2uig005qepok9cmqlocs4rg5g?imageView2/2/w/120/format/jpg,0,,0,1780042161564,0
6a06ed23000000002900db8a,1778838820000,四川,69b7a41b000000001a02ebe4,谢谢分享,5bd03a5178db6f000162ca2f,禅心智慧,https://sns-avatar-qc.xhscdn.com/avatar/1040g2jo31ptg578e52004bjfg1t53ihfmg0p7eo?imageView2/2/w/120/format/jpg,0,,0,1780042161564,0
6a06aa010000000029024b22,1778821634000,湖南,69b7a41b000000001a02ebe4,说得太好、太对了，就是语速和视频节奏太快了，你是生怕我们学过去吗[doge],64205e6d00000000110236f6,西装暴徒,https://sns-avatar-qc.xhscdn.com/avatar/1040g2jo31kgqtp7bj46g5p10bpmkcdnmcjd8otg?imageView2/2/w/120/format/jpg,0,,0,1780042161570,0
6a065022000000002702b6e3,1778798627000,黑龙江,69b7a41b000000001a02ebe4,你说的是豆包啊，还是千问呢？,6538ab640000000006004008,知与行,https://sns-avatar-qc.xhscdn.com/avatar/1040g2jo30qnbpm690u605p9oldi1gg080mrtno8?imageView2/2/w/120/format/jpg,0,,0,1780042161575,0
6a05a6ed00000000270223cd,1778755309000,广东,69b7a41b000000001a02ebe4,粤语可以吗？,69d286a5000000003302480c,躺着看晚霞,https://sns-avatar-qc.xhscdn.com/avatar/1040g2jo31um7ipgl1u605qeigqissi0c1da8clo?imageView2/2/w/120/format/jpg,0,,0,1780042161577,0
6a058a25000000002803a8b1,1778747943000,陕西,69b7a41b000000001a02ebe4,棒棒的,69d4548c0000000032024589,逸铭,https://sns-avatar-qc.xhscdn.com/avatar/1040g2jo31ul1jnus2a6g5qekai6ckhc9cv2mbrg?imageView2/2/w/120/format/jpg,0,http://sns-webpic-qc.xhscdn.com/202605291609/7b7a453b9c0fc9df0bb42cb96b6f2a5a/comment/1040g4b832053afofiqdg5qekai6ckhc94rpgcso!nd_whgt34_webp_wm_1,0,1780042161580,1
6a0580cc000000002702c49e,1778745548000,福建,69b7a41b000000001a02ebe4,请问千问免费吗,69a12ce1000000001d01f89c,小红薯69A15C9F,https://sns-avatar-qc.xhscdn.com/avatar/1040g2jo31t334bnc5k5g5qd15jgnbu4s6kug110?imageView2/2/w/120/format/jpg,0,,0,1780042161583,0
6a0525020000000027022ca0,1778722051000,江苏,69b7a41b000000001a02ebe4,马上着手试试，哈哈哈，又学一招,6861f13a000000001d014e9b,风起钱潮,https://sns-avatar-qc.xhscdn.com/avatar/1040g2jo31vt2o86ql46g5q31u4t7ajkrt19v6mg?imageView2/2/w/120/format/jpg,0,,0,1780042161586,0
6a051868000000002900c32c,1778718825000,山西,69b7a41b000000001a02ebe4,这不是全国要大裁员了,6046afa70000000001005aad,尘埃,https://sns-avatar-qc.xhscdn.com/avatar/6046afa70000000001005aad.jpg?imageView2/2/w/120/format/jpg,0,,0,1780042161587,0
6a051335000000002a02ecc2,1778717493000,海南,69b7a41b000000001a02ebe4,收费不？,663062be00000000070061a0,念念养生坊,https://sns-avatar-qc.xhscdn.com/avatar/1040g2jo31vdg9hbfjq6g5phgcav1ood0ta4leh0?imageView2/2/w/120/format/jpg,0,,0,1780042161590,2
69fdd283000000002900f4f2,1778242179000,湖北,69fd5a850000000038022070,"系列文 人是会突然找到好工作的（好运... 
",5f2e34a3000000000100be66,帽言帽语,https://sns-avatar-qc.xhscdn.com/avatar/1040g2jo31v7npieo2i105npe6ihg9fj65fjneuo?imageView2/2/w/120/format/jpg,8,,0,1780042167372,8
69fdd6ff000000002b002beb,1778243327000,北京,69fd5a850000000038022070,贴主，你找到了吗,63d1dcba0000000027029156,是小陈呀,https://sns-avatar-qc.xhscdn.com/avatar/1040g2jo3207kbjli62605ouhrit9t4ame8ngr7g?imageView2/2/w/120/format/jpg,23,,0,1780042167379,0
6a02ef6a000000002702ab12,1778577259000,浙江,69fd5a850000000038022070,,5b8968527d16420001dabaa5,降E独奏,https://sns-avatar-qc.xhscdn.com/avatar/1040g2jo31pthkp3tjq004an6r3k55el5uu42ktg?imageView2/2/w/120/format/jpg,5,http://sns-webpic-qc.xhscdn.com/202605291609/85a24cca59e7180e88b62bb6fccb6f28/comment/1040g2h03202hv1t454004an6r3k55el5sd64qh8!nd_whgt34_webp_wm_1,0,1780042167384,0
69fe0bb1000000002803be51,1778256818000,湖北,69fd5a850000000038022070,,5e4f648b000000000100b53b,momo,https://sns-avatar-qc.xhscdn.com/avatar/1040g2jo31uuklipd2i605nifci5g9d9rmc4art8?imageView2/2/w/120/format/jpg,3,http://sns-webpic-qc.xhscdn.com/202605291609/b3689219696af92ba6c562fbb347cf4d/comment/1040g2h031vtp5gpiiq605nifci5g9d9rb3nemvg!nd_whgt34_webp_wm_1,0,1780042167386,0
6a1932c50000000029019d3a,1780036295000,福建,69fd5a850000000038022070,,5d5981fe000000000100afb5,难求.,https://sns-avatar-qc.xhscdn.com/avatar/1040g2jo311oo4cd30e005napg7v09btlvpjrle0?imageView2/2/w/120/format/jpg,0,http://sns-webpic-qc.xhscdn.com/202605291609/4f016cce1b51f49899405089fd3d49d7/comment/1040g4b8320o9m5ea5s705napg7v09btl765ve8o!nd_whgt34_webp_wm_1,0,1780042167391,0
6a18f9cc000000002900f792,1780021709000,广东,69fd5a850000000038022070,,5ef380df0000000001006159,大力士小姐,https://sns-avatar-qc.xhscdn.com/avatar/1040g2jo31vlre5pojq005nnjg3fg8oapke7o71g?imageView2/2/w/120/format/jpg,0,http://sns-webpic-qc.xhscdn.com/202605291609/4e76b6e10835b9c164efeb4c9519abda/comment/1040g4b8320o1m31sm2a05nnjg3fg8oapvsve3n0!nd_whgt34_webp_wm_1,0,1780042167396,0
69fe1cb60000000028038c6a,1778261175000,江西,69fd5a850000000038022070,请问不擅长和人沟通，也没有很精通一项技术的应届生，可以找到合适的工作吗？都不知道自己想干嘛能干嘛，投简历没有方向,610dea4d0000000001002b79,十一,https://sns-avatar-qc.xhscdn.com/avatar/1040g2jo31s0l3g0iku6g5o8dt96g8arp1mu9hr8?imageView2/2/w/120/format/jpg,14,,0,1780042167400,1
6a18f8cd0000000029011832,1780021454000,重庆,69fd5a850000000038022070,,6697db3b000000000b033b16,睢稔,https://sns-avatar-qc.xhscdn.com/avatar/1040g2jo315bvsv301e6g5pknrctiueoml2k6qq0?imageView2/2/w/120/format/jpg,0,http://sns-webpic-qc.xhscdn.com/202605291609/6e38b313d914f8ff24738e80f3185f2a/comment/1040g4b8320o2jn7mlm605pknrctiueom1vu7hqg!nd_whgt34_webp_wm_1,0,1780042167404,0
69fe4f0e000000002b000b53,1778274063000,上海,69fd5a850000000038022070,我感觉我好想去试试当销售,5a9acd00e8ac2b7b29a232eb,心平气和使我美丽,https://sns-avatar-qc.xhscdn.com/avatar/1040g2jo31u68u5382q004a32336g0cnb0bep0u0?imageView2/2/w/120/format/jpg,2,,0,1780042167408,0
6a18ef3a000000002b003f29,1780019002000,北京,69fd5a850000000038022070,对风控感兴趣的，可以关注哦，定期更新风控求职和职场相关的各种通关指南[派对R][派对R],6220d951000000001000e1eb,景景懂风控,https://sns-avatar-qc.xhscdn.com/avatar/1040g2jo3201jggnr3q605oh0r58k1ofbmespkag?imageView2/2/w/120/format/jpg,0,,0,1780042167412,0
6a186a86000000002b02865d,1779985031000,山东,69fd5a850000000038022070,,5cefc3e70000000018017819,刮了一阵妖风,https://sns-avatar-qc.xhscdn.com/avatar/1040g2jo31t2aumq5lk005n7fofjm2u0phjk4q3g?imageView2/2/w/120/format/jpg,0,http://sns-webpic-qc.xhscdn.com/202605291609/7ac0a9184bc54cdbd6a5f674ed62e5a1/comment/1040g2h0320nh7utam8005n7fofjm2u0p4jjat6g!nd_whgt34_webp_wm_1,0,1780042171206,0
69fed752000000002900f19a,1778308947000,北京,69fd5a850000000038022070,,63b109530000000027035497,黄渙暘,https://sns-avatar-qc.xhscdn.com/avatar/1040g2jo31vj4m0i8jq005oth159pul4nitrrqu0?imageView2/2/w/120/format/jpg,3,http://sns-webpic-qc.xhscdn.com/202605291609/7ec80f03c2f732d9b0c980d86b19a8c9/comment/1040g2h031vuhoreqiq0g5oth159pul4nc26k270!nd_whlt34_webp_wm_1,0,1780042171215,0
6a1875f70000000028036188,1779987960000,海南,69fd5a850000000038022070,,5e92f2300000000001000de2,momo,https://sns-avatar-qc.xhscdn.com/avatar/1040g2jo31vaetl6m2g005nkiu8o083f2n7hsvm8?imageView2/2/w/120/format/jpg,0,http://sns-webpic-qc.xhscdn.com/202605291609/bc179616d4a400d08e2db9675efa8364/comment/1040g4b8320nijbk5me7g5nkiu8o083f2l52af3g!nd_whgt34_webp_wm_1,0,1780042171215,0
6a186a45000000002900d1eb,1779984966000,广东,69fd5a850000000038022070,,5d3c3e5b0000000010026032,ffffi,https://sns-avatar-qc.xhscdn.com/avatar/6233f0d61762e0f4511829f5.jpg?imageView2/2/w/120/format/jpg,4,http://sns-webpic-qc.xhscdn.com/202605291609/960c202e0efb2d9b8c01b99be1e7282c/comment/1040g2h0320nh560o68305n9s7pdk4o1isr18m6o!nd_whgt34_webp_wm_1,0,1780042171223,0
6a18634200000000290122e9,1779983172000,陕西,69fd5a850000000038022070,,5c88e14c0000000016015467,提拉米苏咯,https://sns-avatar-qc.xhscdn.com/avatar/1040g2jo31qddsnb90a3g5n7a2pam2ft8ltp7tf0?imageView2/2/w/120/format/jpg,1,http://sns-webpic-qc.xhscdn.com/202605291609/52a6920b4dc7d1d44aa04a455aafe6c1/comment/1040g2h0320ngbilols6g5n48s565il37tbirm7o!nd_whgt34_webp_wm_1,0,1780042171225,0
6a18409e0000000027020d93,1779974303000,江苏,69fd5a850000000038022070,,65aa073d000000000e027c7c,roro,https://sns-avatar-qc.xhscdn.com/avatar/1040g2jo31741pr3m0q605pda0sujkv3s7thk5qo?imageView2/2/w/120/format/jpg,0,http://sns-webpic-qc.xhscdn.com/202605291609/0077e32f4bc19f14a7a3b4b0f95b2704/comment/1040g2h0320nbaje95i405pda0sujkv3sghjsdm0!nd_whgt34_webp_wm_1,0,1780042171233,0
6a1838ba000000002902e7ad,1779972284000,贵州,69fd5a850000000038022070,,65ee90a0000000000500b274,Archer,https://sns-avatar-qc.xhscdn.com/avatar/1040g2jo31snsvs2bm86g5pfei2g19cjkjinkre0?imageView2/2/w/120/format/jpg,0,http://sns-webpic-qc.xhscdn.com/202605291609/a094454e6b050b73d458379436498714/comment/1040g2h0320nb5e7s62505pfei2g19cjk7762ll8!nd_whgt34_webp_wm_1,0,1780042171233,0
6a181e9c00000000270289b0,1779965597000,陕西,69fd5a850000000038022070,,6554aa720000000008002ded,。,https://sns-avatar-qc.xhscdn.com/avatar/1040g2jo31rjvjs6t26dg5pakl9p20bfdifb2rp0?imageView2/2/w/120/format/jpg,0,http://sns-webpic-qc.xhscdn.com/202605291609/e710877b0057398a381bba7388d042a2/comment/1040g4b8320n5can76od05pakl9p20bfd3llrq6g!nd_whgt34_webp_wm_1,0,1780042171244,0
6a0197bd000000002a02d633,1778489278000,江苏,69fd5a850000000038022070,,5a68628311be106ad080623c,贝贝哒嘟,https://sns-avatar-qc.xhscdn.com/avatar/1040g2jo32018233bigs04a1228h86ohsv6s6ed0?imageView2/2/w/120/format/jpg,2,http://sns-webpic-qc.xhscdn.com/202605291609/a9b349d70a1783fa218ad1bc920812af/comment/1040g2h0320180ig1ia004a1228h86ohsdl6s8c0!nd_whgt34_webp_wm_1,0,1780042171247,0
6a17feca0000000029037095,1779957450000,重庆,69fd5a850000000038022070,,5cb3fde40000000016006438,🐰兔布丁麻麻,https://sns-avatar-qc.xhscdn.com/avatar/1040g2jo31o3nkabd6g505n5jvni5gp1oirmhli8?imageView2/2/w/120/format/jpg,0,http://sns-webpic-qc.xhscdn.com/202605291609/60941b254a3d44e87e31626d690684a5/comment/1040g4b8320n42qhi6ecg5n5jvni5gp1oh53db08!nd_whgt34_webp_wm_1,0,1780042171247,0
6a071c8b000000002702fe93,1778850957000,浙江,69fd5a850000000038022070,,68af2c09000000001901c367,玉米兔,https://sns-avatar-qc.xhscdn.com/avatar/1040g2jo31vhqlakuis0g5q5f5g4mbgr7ulcrtpg?imageView2/2/w/120/format/jpg,2,http://sns-webpic-qc.xhscdn.com/202605291609/d35ca244d6ba63d8d1d4b13f8bea7bc5/comment/1040g4b83206kfbd55ge05q5f5g4mbgr7rpojpko!nd_whgt34_webp_wm_1,0,1780042175283,0
6a181152000000002701ebcb,1779962195000,广东,69fd5a850000000038022070,,6582b5f0000000001c024e5d,momo,https://sns-avatar-qc.xhscdn.com/avatar/1040g2jo31snsrva95e6g5pc2mno74jitask59p8?imageView2/2/w/120/format/jpg,0,http://sns-webpic-qc.xhscdn.com/202605291609/f7c7639cb03846b4228fbdd23f713899/comment/1040g2h0320n6bgd9mq6g5pc2mno74jitaomhi2o!nd_whgt34_webp_wm_1,0,1780042175290,0
6a02006b0000000028031d62,1778516077000,陕西,69fd5a850000000038022070,,65da0806000000000401c27c,平衡感,https://sns-avatar-qc.xhscdn.com/avatar/1040g2jo31soo143llk005peq10313gjsun1mtao?imageView2/2/w/120/format/jpg,2,http://sns-webpic-qc.xhscdn.com/202605291609/81de39aaccf381183b7f2e6b72ca2848/comment/1040g2h03201jmgpfii205peq10313gjsl958qfg!nd_whgt34_webp_wm_1,0,1780042175291,1
6a17b469000000002b0011a8,1779938410000,湖南,69fd5a850000000038022070,,61520757000000000201f2c2,一米,https://sns-avatar-qc.xhscdn.com/avatar/636fceb3c2c6d49da576f2ae.jpg?imageView2/2/w/120/format/jpg,0,http://sns-webpic-qc.xhscdn.com/202605291609/3ccf1123335426d8e813af26c34e4a62/comment/1040g4b8320mqudarme805oai0tbgjsm2j8mestg!nd_whgt34_webp_wm_1,0,1780042175300,0
6a017ee3000000002901b613,1778482917000,吉林,69fd5a850000000038022070,,5e080c120000000001004a58,我不知豆,https://sns-avatar-qc.xhscdn.com/avatar/1040g2jo31t2u623g62005ng81g908iiotf74gm0?imageView2/2/w/120/format/jpg,4,http://sns-webpic-qc.xhscdn.com/202605291609/d607e009adce4a8ea15e0bc5a7f80b3a/comment/1040g2h032014vgbq3q005ng81g908iiofv3hukg!nd_whlt34_webp_wm_1,0,1780042175305,0
6a171405000000002900e9ff,1779897353000,美国,69fd5a850000000038022070,,5aeeaab84eacab54a8f88c1d,小红帽,https://sns-avatar-qc.xhscdn.com/avatar/5b650e1a14de415cda25f430.jpg?imageView2/2/w/120/format/jpg,0,http://sns-webpic-qc.xhscdn.com/202605291609/524317a50b87077d206ca75eda4f3c00/comment/1040g4b8320m74sp85mf04a53dslbh30t3ojid08!nd_whgt34_webp_wm_1,0,1780042175309,0
69fec425000000002b02abdf,1778304039000,重庆,69fd5a850000000038022070,,5e01e2b50000000001004281,喝一杯苹果牛奶,https://sns-avatar-qc.xhscdn.com/avatar/1040g2jo320ngad9elm005ng1saqg8gk1grtjbkg?imageView2/2/w/120/format/jpg,2,http://sns-webpic-qc.xhscdn.com/202605291609/a1771b7cf16bf0eb999f355efdd222b5/comment/1040g2h031vufm1if2q005ng1saqg8gk13bst0eg!nd_whgt34_webp_wm_1,0,1780042175311,2
6a16fef1000000002800b18b,1779891955000,广东,69fd5a850000000038022070,,62a5b4c7000000001902b2bc,晴晴子,https://sns-avatar-qc.xhscdn.com/avatar/1040g2jo31uc8ocqg34005ol5mj3mdclsr2o7390?imageView2/2/w/120/format/jpg,0,http://sns-webpic-qc.xhscdn.com/202605291609/769b0a9dcc01d480afae8e283187871b/comment/1040g2h0320m4rn7e5k005ol5mj3mdclsb3c00i8!nd_whgt34_webp_wm_1,0,1780042175315,0
6a008b50000000002b02708e,1778420563000,广西,69fd5a850000000038022070,,60432d3c000000000101f706,一個蛋嘟,https://sns-avatar-qc.xhscdn.com/avatar/1040g2jo31fhhkble02005o235ku0bto6og8q678?imageView2/2/w/120/format/jpg,2,http://sns-webpic-qc.xhscdn.com/202605291609/4ab269c0180adf721fc364e483a9a89d/comment/1040g4b8320078171ig705o235ku0bto61vduhcg!nd_whlt34_webp_wm_1,0,1780042175317,1
6a16f0110000000028030ff1,1779888146000,江苏,69fd5a850000000038022070,,5b3aba3fe8ac2b27654adc39,，，，,https://sns-avatar-qc.xhscdn.com/avatar/1040g2jo31vlm607k2a004a6pk6t3vn1ppr82o1g?imageView2/2/w/120/format/jpg,0,http://sns-webpic-qc.xhscdn.com/202605291609/ea15f13c8d777dc93f8da3d8ad3b4ee5/comment/1040g2h0320m2qqoo620g4a6pk6t3vn1p9anoh80!nd_whgt34_webp_wm_1,0,1780042175320,0
69fde5ca000000002702f2e5,1778247115000,江西,69fd5a850000000038022070,,5b27a600e8ac2b5684674b88,柒寻,https://sns-avatar-qc.xhscdn.com/avatar/1040g2jo31rugh24ii8004a6camj00is8b8unn00?imageView2/2/w/120/format/jpg,2,http://sns-webpic-qc.xhscdn.com/202605291609/2f527efb95ca630636acd02526bf9060/comment/1040g4b831vtkhf02k8704a6camj00is80f253ko!nd_whgt34_webp_wm_1,0,1780042179375,2
6a16ae58000000002b025ecb,1779871322000,浙江,69fd5a850000000038022070,,5b12802f11be1021501a7a01,猫猫音乐会,https://sns-avatar-qc.xhscdn.com/avatar/1040g2jo31dqbndjf0s5g4a5sc602uug142l7trg?imageView2/2/w/120/format/jpg,1,http://sns-webpic-qc.xhscdn.com/202605291609/2acd15573073735b26214b5634a04ba5/comment/1040g2h0320lr0ser6e6g4a5sc602uug1s7lcpho!nd_whgt34_webp_wm_1,0,1780042179384,0
6a029db7000000002a030e13,1778556344000,广东,69fd5a850000000038022070,,631ad159000000002302472a,R.🍃,https://sns-avatar-qc.xhscdn.com/avatar/1040g2jo31opk3v7l1k5g5ooqq5coshpa88m9q0o?imageView2/2/w/120/format/jpg,2,http://sns-webpic-qc.xhscdn.com/202605291609/a8a1f736c61b66ee31dceeea390ccb74/comment/1040g4b832026ldhc2a705ooqq5coshpae74h3i8!nd_whgt34_webp_wm_1,0,1780042179388,0
6a16cd42000000002900f7e6,1779879235000,重庆,69fd5a850000000038022070,,5aefa2bd4eacab166fa7a847,辣条味可乐,https://sns-avatar-qc.xhscdn.com/avatar/645a5a3b46534cda96f9e6a7.jpg?imageView2/2/w/120/format/jpg,0,http://sns-webpic-qc.xhscdn.com/202605291609/cc8b33e0cd04f8bf4f7486858cb39a9e/comment/1040g4b8320lupkfdls704a541ghbra27henr2b0!nd_whgt34_webp_wm_1,0,1780042179391,0
69febb8b00000000290130df,1778301839000,江苏,69fd5a850000000038022070,,59cd9d2c51783a28c0f3de0b,momo,https://sns-avatar-qc.xhscdn.com/avatar/1040g2jo31du7mqnegk0049rjrheipngbheg681o?imageView2/2/w/120/format/jpg,2,http://sns-webpic-qc.xhscdn.com/202605291609/5de126d83230ee7cb21afd6b2c95a00d/comment/1040g2h031vuekebq3q0049rjrheipngbcv7et18!nd_whgt34_webp_wm_1,0,1780042179395,1
6a16c214000000002900c4f2,1779876375000,四川,69fd5a850000000038022070,,640ad06d000000001001f6ca,One,https://sns-avatar-qc.xhscdn.com/avatar/1040g2jo31n9uo39c6g0g5p0aq1mk3tma3j8kilg?imageView2/2/w/120/format/jpg,0,http://sns-webpic-qc.xhscdn.com/202605291609/2ba6704c696ae3b012f0c0344defea65/comment/1040g4b8320ltdv1a68705p0aq1mk3tma643vlgg!nd_whgt34_webp_wm_1,0,1780042179399,0
69fe9332000000002900e69a,1778291507000,广西,69fd5a850000000038022070,保佑我找到一份好工作,5df5bcb200000000010046d4,盼盼盼达🐼,https://sns-avatar-qc.xhscdn.com/avatar/1040g2jo31c4tl3if0k6g5nflnip08hmkn91sosg?imageView2/2/w/120/format/jpg,1,http://sns-webpic-qc.xhscdn.com/202605291609/69192c5e242442e2a99bca2227bb75bb/comment/1040g4b831vu9mqik2gd05nflnip08hmk3rl2eu0!nd_whgt34_webp_wm_1,0,1780042179399,5
69fe9d070000000029026496,1778294024000,湖北,69fd5a850000000038022070,,5b1a26f911be10241ff3f56c,一二三,https://sns-avatar-qc.xhscdn.com/avatar/1040g2jo31dfo1hcdgm6g4a6233jfjtbc2kc94io?imageView2/2/w/120/format/jpg,2,http://sns-webpic-qc.xhscdn.com/202605291609/2e6c278a65fa6cc7e0fe6a1221d31593/comment/1040g4b831vuajurkia804a6233jfjtbcnuj4to0!nd_whgt34_webp_wm_1,0,1780042179404,2
69feb68a000000002901248b,1778300559000,云南,69fd5a850000000038022070,,5c4899660000000010002584,年糕胡萝卜,https://sns-avatar-qc.xhscdn.com/avatar/1040g2jo31q817m2j7u705n28j5j409c4e0v72ro?imageView2/2/w/120/format/jpg,2,http://sns-webpic-qc.xhscdn.com/202605291609/581fdba42385c50ad02bdb18ae2a4d3b/comment/1040g2h031vue0som2i005n28j5j409c41aaogv0!nd_whgt34_webp_wm_1,0,1780042179412,2
6a01f4a2000000002900fb34,1778513059000,上海,69fd5a850000000038022070,,69532e9b0000000003013b9c,之夏,https://sns-avatar-qc.xhscdn.com/avatar/1040g2jo31tuskiie6u4g5qaj5qdgqess696rq28?imageView2/2/w/120/format/jpg,2,http://sns-webpic-qc.xhscdn.com/202605291609/069e3b18a4734adad405d358dfd51c83/comment/1040g4b83201jbebgii6g5qaj5qdgqesssopssr0!nd_whgt34_webp_wm_1,0,1780042179416,0
6a004e230000000027029f58,1778404901000,北京,69fd5a850000000038022070,,5749a6503460947793283af9,MiGUai!,https://sns-avatar-qc.xhscdn.com/avatar/1040g2jo3152epr000m0048cri7j50enp2743eio?imageView2/2/w/120/format/jpg,2,http://sns-webpic-qc.xhscdn.com/202605291609/c978dd0b9bff06cef79d0833fab3fc26/comment/1040g2h031vvvp2eml60048cri7j50enpjis94io!nd_whgt34_webp_wm_1,0,1780042183295,0
69ff33260000000027016d89,1778332456000,山东,69fd5a850000000038022070,,5cd041ce0000000017016056,哈哈哈哈哈,https://sns-avatar-qc.xhscdn.com/avatar/5cd041ce0000000017016056.jpg?imageView2/2/w/120/format/jpg,2,http://sns-webpic-qc.xhscdn.com/202605291609/7d6879e2eb8cef907838bc4a64db7241/comment/1040g2h031vut7l0p48705n6g8775qo2m5o58838!nd_whgt34_webp_wm_1,0,1780042183295,1
69fe13b90000000028009f4b,1778258874000,重庆,69fd5a850000000038022070,,601029170000000001008690,睿智的紫葡萄,https://sns-avatar-qc.xhscdn.com/avatar/1040g2jo31rhd3dpkmu005o0g54bg91kgevb0nq0?imageView2/2/w/120/format/jpg,3,http://sns-webpic-qc.xhscdn.com/202605291609/ca7bd595124e75f9aedcc92c3bf6ce66/comment/1040g2h031vtq4sen56005o0g54bg91kgb0kelro!nd_whgt34_webp_wm_1,0,1780042183305,0
6a01a708000000002a0316ba,1778493193000,江西,69fd5a850000000038022070,,5b2b1cf711be1055833fa4ca,twinkle✨,https://sns-avatar-qc.xhscdn.com/avatar/1040g2jo310t5628dmoe04a6ekpeff96anuc1la8?imageView2/2/w/120/format/jpg,1,http://sns-webpic-qc.xhscdn.com/202605291609/6e36e2a232b6a194330dea03b645666f/comment/1040g4b832019sabqii704a6ekpeff96aglg94n0!nd_whgt34_webp_wm_1,0,1780042183307,1
69fddd9a000000002b003294,1778245018000,广东,69fd5a850000000038022070,哇，那我下单了，许愿一定会找到满意的工作的[偷笑R],5cc5a71100000000110074ae,小红薯780B3F7,https://sns-avatar-qc.xhscdn.com/avatar/645b7e90e29f7d0acadad8aa.jpg?imageView2/2/w/120/format/jpg,0,,0,1780042183313,2
6a009381000000002a02dbd5,1778422659000,英国,69fd5a850000000038022070,,5d1cb6890000000011022f40,_aamamda1,https://sns-avatar-qc.xhscdn.com/avatar/1040g2jo31bl8u61s10005n8smq4kcbq0kimjbq0?imageView2/2/w/120/format/jpg,2,http://sns-webpic-qc.xhscdn.com/202605291609/35047cc16b298a39cdf49a5ef3c63937/comment/1040g2h032006s8cjiq105n8smq4kcbq0jhuf7u0!nd_whgt34_webp_wm_1,0,1780042183316,0
69feb09f00000000280359a0,1778299041000,广东,69fd5a850000000038022070,,5d3c200c0000000016034bdb,云吃吃,https://sns-avatar-qc.xhscdn.com/avatar/1040g2jo31lotrb0i5u005n9s4065miurt1b53o0?imageView2/2/w/120/format/jpg,2,http://sns-webpic-qc.xhscdn.com/202605291609/b1a53bf8e06d43785a436c76319639f3/comment/1040g2h031vud9oumig005n9s4065miur24qakfo!nd_whgt34_webp_wm_1,0,1780042183319,2
6a01b449000000002b029e21,1778496586000,浙江,69fd5a850000000038022070,,5aed668fe8ac2b4335f316bc,梨酱,https://sns-avatar-qc.xhscdn.com/avatar/63c4e719c22fa7bf98e7d69f.jpg?imageView2/2/w/120/format/jpg,2,http://sns-webpic-qc.xhscdn.com/202605291609/38ebfbd44821ac44ab96e5cbbefc970f/comment/1040g2h03201bg2vpiq004a52nmj8u5lsq4s33ao!nd_whgt34_webp_wm_1,0,1780042183325,0
69fe9448000000002b001060,1778291785000,广东,69fd5a850000000038022070,,66fc0a81000000001d03177c,假装每天都在写日记,https://sns-avatar-qc.xhscdn.com/avatar/645b6985573b2ad2b5243b1d.jpg?imageView2/2/w/120/format/jpg,2,http://sns-webpic-qc.xhscdn.com/202605291609/cdc3bd6f8210a81694002cb64afefd92/comment/1040g4b831vu9j6e23q805pns1a0ne5rskad01f0!nd_whgt34_webp_wm_1,0,1780042183330,0
6a018e4c000000002803f494,1778486861000,北京,69fd5a850000000038022070,,64cf6d6b000000000e024ba4,请把冬眠还给人类,https://sns-avatar-qc.xhscdn.com/avatar/1040g2jo31q09h8ku04005p6fdlljkit4dffp1c8?imageView2/2/w/120/format/jpg,2,http://sns-webpic-qc.xhscdn.com/202605291609/1422ecdd2644fadb3421d2e4abff26f6/comment/1040g2h032016qijb2q5g5p6fdlljkit4pidqk1g!nd_whgt34_webp_wm_1,0,1780042183332,1
6a041ba900000000280351f5,1778654122000,安徽,69fd5a850000000038022070,,5cfc9c8e00000000120023cb,猫猫狗狗,https://sns-avatar-qc.xhscdn.com/avatar/60cec3910c5a545744ef0b88.jpg?imageView2/2/w/120/format/jpg,1,http://sns-webpic-qc.xhscdn.com/202605291609/1bef351dea73347e45f94b9f2f2b9552/comment/1040g2h03203lbeehiiag5n7sji74g8ubeum8pq0!nd_whgt34_webp_wm_1,0,1780042187243,0
69fe57b3000000002803eff6,1778276277000,山东,69fd5a850000000038022070,,5e3aa80000000000010022a7,Niffler,https://sns-avatar-qc.xhscdn.com/avatar/1040g2jo31f2mnr3em6005nhql00088l7bogrpc8?imageView2/2/w/120/format/jpg,1,http://sns-webpic-qc.xhscdn.com/202605291609/ab16fe227006f2640108e50df6e18f6d/comment/1040g4b831vu2edst2q005nhql00088l7coqdcl0!nd_whgt34_webp_wm_1,0,1780042187254,0
69fe24c2000000002b028914,1778263235000,广西,69fd5a850000000038022070,,5ca5fa290000000011030647,倾洛九天,https://sns-avatar-qc.xhscdn.com/avatar/5ca5fa290000000011030647.jpg?imageView2/2/w/120/format/jpg,1,http://sns-webpic-qc.xhscdn.com/202605291609/dd77038494dfa1f638ab0d19c72e4fd0/comment/1040g2h031vt6gr97ig105n55v8kke1i7chsv2c0!nd_whgt34_webp_wm_1,0,1780042187258,1
6a028e4e000000002701ff89,1778552399000,上海,69fd5a850000000038022070,,5daafb8d000000000100becd,幸运🍀,https://sns-avatar-qc.xhscdn.com/avatar/1040g2jo317d94de0gm005ndave6g9fmdtn4ifqg?imageView2/2/w/120/format/jpg,2,http://sns-webpic-qc.xhscdn.com/202605291609/5f7d70d3923a417e1a5337499f8afbef/comment/1040g4b8320263n5ais705ndave6g9fmdnum0g4o!nd_whgt34_webp_wm_1,0,1780042187263,0
6a01973c0000000027020753,1778489149000,北京,69fd5a850000000038022070,,602bf312000000000100b629,坑坑坑🍟,https://sns-avatar-qc.xhscdn.com/avatar/1040g2jo311aqjb2f6c6g5o1buc909dh9qneqla8?imageView2/2/w/120/format/jpg,2,http://sns-webpic-qc.xhscdn.com/202605291609/badd245b3cbd09fa04a07fbc8341011c/comment/1040g4b832013hapb2s0g5o1buc909dh9i45lmpo!nd_whgt34_webp_wm_1,0,1780042187267,0
69fe2def000000002a0045bd,1778265585000,广东,69fd5a850000000038022070,,65d191d2000000000401f1fa,来个番茄布,https://sns-avatar-qc.xhscdn.com/avatar/1040g2jo31vhqhtpoias05pehi7913sfqe90l68g?imageView2/2/w/120/format/jpg,1,http://sns-webpic-qc.xhscdn.com/202605291609/ab3284ef63a25212a31eeb314edaf976/comment/1040g2h031vttb95s2q005pehi7913sfq228iu4g!nd_whgt34_webp_wm_1,0,1780042187276,0
69fe5f43000000002a02f148,1778278212000,广东,69fd5a850000000038022070,,608d92da000000000101e1a7,渔禾,https://sns-avatar-qc.xhscdn.com/avatar/1040g2jo320nahq4s62005o4dibd0bod7ec47q4g?imageView2/2/w/120/format/jpg,2,http://sns-webpic-qc.xhscdn.com/202605291609/e965ad53e24c22cc4a647e4c6a8c28e2/comment/1040g4b831vu33f2ria905o4dibd0bod79mm37cg!nd_whgt34_webp_wm_1,0,1780042187285,0
69fea241000000002702318a,1778295362000,浙江,69fd5a850000000038022070,,5d0d7782000000001002717a,BalaSong🥕,https://sns-avatar-qc.xhscdn.com/avatar/1040g2jo320d3emtq5k5g5n8deu144sbq6047jig?imageView2/2/w/120/format/jpg,1,http://sns-webpic-qc.xhscdn.com/202605291609/519b53ebc0bc6f5481039927116424d9/comment/1040g4b831vubhku6isdg5n8deu144sbq9n634t8!nd_whgt34_webp_wm_1,0,1780042187289,1
6a012117000000002803b780,1778458905000,广西,69fd5a850000000038022070,,5f2c24f3000000000101d38b,冰块好凉,https://sns-avatar-qc.xhscdn.com/avatar/1040g2jo31jkno9r9j2005npc4jpgbksblpunda0?imageView2/2/w/120/format/jpg,1,http://sns-webpic-qc.xhscdn.com/202605291609/d077099becebed46847925106756c0e7/comment/1040g4b83200ph3n72a705npc4jpgbksbvjt5sqg!nd_whgt34_webp_wm_1,0,1780042187296,0
69febeda000000002900c299,1778302683000,广东,69fd5a850000000038022070,,5bb4c02ef7e8b965f14792ee,Una.,https://sns-avatar-qc.xhscdn.com/avatar/629eeeaafb9ec6f8acd224ee.jpg?imageView2/2/w/120/format/jpg,3,http://sns-webpic-qc.xhscdn.com/202605291609/0f5b1a35b2fdbc945ae3c568487785da/comment/1040g2h031vuele1tia0g4b9moe02t4ne4jdbs70!nd_whgt34_webp_wm_1,0,1780042187300,0
6a002619000000002b026a72,1778394650000,安徽,69fd5a850000000038022070,,6085797d000000000101d909,momo,https://sns-avatar-qc.xhscdn.com/avatar/1040g2jo31r2vdobl7u0g5o45f5ugbm899r63r0g?imageView2/2/w/120/format/jpg,1,http://sns-webpic-qc.xhscdn.com/202605291609/47a947e1a4e879e8443034e7cfb618f7/comment/1040g2h031vvqsllh2q005o45f5ugbm89clgqdeg!nd_whgt34_webp_wm_1,0,1780042191337,0
69feff450000000029012464,1778319174000,河南,69fd5a850000000038022070,,5b2f86a2e8ac2b04c321e5d4,不打腮红打哈欠,https://sns-avatar-qc.xhscdn.com/avatar/641feef4b97449cd449bb701.jpg?imageView2/2/w/120/format/jpg,2,http://sns-webpic-qc.xhscdn.com/202605291609/c26ca2c6ea74fd6bb4d47cf0f935bbfb/comment/1040g4b831vumt02n2acg4a6hto3a5pek963eq2o!nd_whgt34_webp_wm_1,0,1780042191342,0
69fdfe640000000027022174,1778253414000,广东,69fd5a850000000038022070,,5b46212f11be105c87c65de9,用户已注销,https://sns-avatar-qc.xhscdn.com/avatar/1040g2jo30r3702pmhi6g4a729ggiunf90fbmi8o?imageView2/2/w/120/format/jpg,5,http://sns-webpic-qc.xhscdn.com/202605291609/0305dc7d706e4a348a089a3cb9958d32/comment/1040g4b831vtnhie0l6604a729ggiunf95qbtqm8!nd_whgt34_webp_wm_1,0,1780042191344,0
69fea6db000000002803ce3d,1778296540000,广东,69fd5a850000000038022070,,6166bc11000000000201c337,永恒:,https://sns-avatar-qc.xhscdn.com/avatar/1040g2jo31uqgcge32geg5ob6ng8gjgpn7ketid8?imageView2/2/w/120/format/jpg,2,http://sns-webpic-qc.xhscdn.com/202605291609/0ae8d483fdf16e54a617d57bddbb285c/comment/1040g2h031vuc15t52i105ob6ng8gjgpn8b89t80!nd_whgt34_webp_wm_1,0,1780042191350,0
69febd89000000002b0007e2,1778302347000,新疆,69fd5a850000000038022070,,60fec909000000002002ef29,family,https://sns-avatar-qc.xhscdn.com/avatar/d784fc20c996f3d2f39d034c404f234e.jpg?imageView2/2/w/120/format/jpg,3,http://sns-webpic-qc.xhscdn.com/202605291609/0b8154f151de3b2e35f2661c58aae06b/comment/1040g4b831vues7f82g6g5o7up44o5rp9egi6vb8!nd_whgt34_webp_wm_1,0,1780042191355,1
69fdf80900000000280321b3,1778251786000,福建,69fd5a850000000038022070,,67149105000000000d0263be,momo,https://sns-avatar-qc.xhscdn.com/avatar/1040g2jo31hkfp50djqdg5poki42jcotus743h3o?imageView2/2/w/120/format/jpg,2,http://sns-webpic-qc.xhscdn.com/202605291609/b5ef55026a406c1a7a23beb8e5f3c847/comment/1040g4b831vtmonksiad05poki42jcotuj9vfb3o!nd_whgt34_webp_wm_1,0,1780042191356,1
6a011c5a000000002902e1ee,1778457692000,安徽,69fd5a850000000038022070,,5af695ee4eacab6a8d104dc8,Afra,https://sns-avatar-qc.xhscdn.com/avatar/1040g2jo31i28302e7c004a58lvausje8harav1g?imageView2/2/w/120/format/jpg,1,http://sns-webpic-qc.xhscdn.com/202605291609/93678afe52023f78b79383446421c7c0/comment/1040g2h03200oknpuii104a58lvausje8gt80h9g!nd_whgt34_webp_wm_1,0,1780042191359,0
69feac2b00000000270228b6,1778297900000,上海,69fd5a850000000038022070,,63c264b5000000002702b43f,momo,https://sns-avatar-qc.xhscdn.com/avatar/1040g2jo320n7lvsrle005ou2ciqptd1vsmfaik0?imageView2/2/w/120/format/jpg,1,http://sns-webpic-qc.xhscdn.com/202605291609/63a61882f5bf2380d583c51ef31e74b0/comment/1040g2h031vucoc4m1m005ou2ciqptd1v325cl4o!nd_whgt34_webp_wm_1,0,1780042191359,1
6a128755000000002702e1b6,1779599190000,四川,69fd5a850000000038022070,,5b4b688211be10713e198598,kurahghd,https://sns-avatar-qc.xhscdn.com/avatar/660918b0cabbcaa82fe80cc0.jpg?imageView2/2/w/120/format/jpg,0,http://sns-webpic-qc.xhscdn.com/202605291609/13a3d9b11628eda9769abe4a9684531e/comment/1040g2h0320hnse5lle104a7647k851coda5vcj0!nd_whgt34_webp_wm_1,0,1780042191370,2
69feb8c800000000270285dc,1778301130000,江苏,69fd5a850000000038022070,,606b0151000000000101ea49,小红薯,https://sns-avatar-qc.xhscdn.com/avatar/411309441983cdc4ce073ff8da73b5b6.jpg?imageView2/2/w/120/format/jpg,2,http://sns-webpic-qc.xhscdn.com/202605291609/bf9959984faf191d3f4ea2e7b226d5e4/comment/1040g2h031vue9l4k566g5o3b058gbqi9hmruuu0!nd_whgt34_webp_wm_1,0,1780042191374,0
6a017071000000002800ae0e,1778479219000,山东,69fd5a850000000038022070,,5ee068ae00000000010034de,橘子汽水,https://sns-avatar-qc.xhscdn.com/avatar/1040g2jo31tetvparlk605ok5kgcod66p9vfaol8?imageView2/2/w/120/format/jpg,1,http://sns-webpic-qc.xhscdn.com/202605291609/fb9f2e4021ea302537eee412ccb2f4dc/comment/1040g2h03201372ovl66g5nn0d2n08d6u8fvff60!nd_whgt34_webp_wm_1,0,1780042195263,0
6a01c9860000000027017e23,1778502024000,浙江,69fd5a850000000038022070,,62a492ed000000002102637b,zuha亲,https://sns-avatar-qc.xhscdn.com/avatar/1040g2jo31f0tfehdmm505ol4ibmocorr1lplcl8?imageView2/2/w/120/format/jpg,1,http://sns-webpic-qc.xhscdn.com/202605291609/a7ca6c7ef69779fbd025cc78042172bb/comment/1040g2h03201e31lrl4605ol4ibmocorr8jdrga8!nd_whgt34_webp_wm_1,0,1780042195269,2
69fdf7f600000000270228a9,1778251767000,江苏,69fd5a850000000038022070,,610b5eaf000000000100407f,5+1🥕,https://sns-avatar-qc.xhscdn.com/avatar/1040g2jo31o5f9neb4s005o8bbqng8g3v4arqk2o?imageView2/2/w/120/format/jpg,1,http://sns-webpic-qc.xhscdn.com/202605291609/b36f7dd01820dd4ec1026c074b561947/comment/1040g2h031vtmmplk48105o8bbqng8g3vkuitrc0!nd_whgt34_webp_wm_1,0,1780042195269,0
69fe880b000000002803893e,1778288652000,北京,69fd5a850000000038022070,,580486a27fc5b85299cceffa,tracer85,https://sns-avatar-qc.xhscdn.com/avatar/5d5ceb56816b8500011394d9.jpg?imageView2/2/w/120/format/jpg,1,http://sns-webpic-qc.xhscdn.com/202605291609/db5c0730d6f8d88cc71b8110f16d88d2/comment/1040g2h031vu8atus3q1048pkmq3a5rvqd6skk7o!nd_whgt34_webp_wm_1,0,1780042195274,0
6a009ef90000000029027bb1,1778425594000,辽宁,69fd5a850000000038022070,,5c5d8bd6000000001201504f,Metis朱朱,https://sns-avatar-qc.xhscdn.com/avatar/1040g2jo31aj5fufg726g5n2thfb4ik2fithd2g8?imageView2/2/w/120/format/jpg,1,http://sns-webpic-qc.xhscdn.com/202605291609/5bba61d24a1375fc70c62dcaf1146e93/comment/1040g2h032009kqrpig6g5n2thfb4ik2f64ngo2g!nd_whgt34_webp_wm_1,0,1780042195278,3
69fedbda0000000028031fed,1778310107000,江苏,69fd5a850000000038022070,,63c2254000000000270289a8,momo柯（心想事成版）,https://sns-avatar-qc.xhscdn.com/avatar/1040g2jo31vlukr4l2q005ou24l09t2d8dpqto28?imageView2/2/w/120/format/jpg,3,http://sns-webpic-qc.xhscdn.com/202605291609/da7854f5f2f1cff3d671f1875ff14428/comment/1040g4b831vuiicq0iq7g5ou24l09t2d8pobpk1o!nd_whgt34_webp_wm_1,0,1780042195283,0
6a02eb2d000000002a0265e8,1778576175000,天津,69fd5a850000000038022070,,5c046eae000000000800106d,扑通！,https://sns-avatar-qc.xhscdn.com/avatar/1040g2jo320o2irif6e004bupdvnas43d36eiro8?imageView2/2/w/120/format/jpg,1,http://sns-webpic-qc.xhscdn.com/202605291609/f843897dfb89315d059065ef5a6917c6/comment/1040g2h03202flmp3ia204bupdvnas43d0secgug!nd_whgt34_webp_wm_1,0,1780042195285,1
6a02d71e000000002a02ef29,1778571039000,重庆,69fd5a850000000038022070,,5e27dde200000000010003d0,啵一口呆桃❤,https://sns-avatar-qc.xhscdn.com/avatar/5f1c355f3986f70001b052e2.jpg?imageView2/2/w/120/format/jpg,1,http://sns-webpic-qc.xhscdn.com/202605291609/b7d995c30b1ec5d6692fd789d97b252f/comment/1040g4b83202f04sa2g705nh7rnh080ug5see7s0!nd_whgt34_webp_wm_1,0,1780042195285,0
6a0c735800000000280308b4,1779200857000,上海,69fd5a850000000038022070,,59e40e29f1fa172e5282a42b,momo,https://sns-avatar-qc.xhscdn.com/avatar/1040g2jo31vo4s8hiia0049ui1q72j91br2kketg?imageView2/2/w/120/format/jpg,1,http://sns-webpic-qc.xhscdn.com/202605291609/90fb94550f9e34ab3eb8cfccdff24919/comment/1040g2h0320brad8blm0049ui1q72j91bgor5qho!nd_whgt34_webp_wm_1,0,1780042195292,1
69fe926f000000002701d359,1778291312000,江苏,69fd5a850000000038022070,保佑我五六月份可以上班啦[合十R][合十R][合十R],586892dd82ec3935b82c48c2,薯条uu,https://sns-avatar-qc.xhscdn.com/avatar/1040g2jo31b74tvk96m60490klv9dqi625d7268o?imageView2/2/w/120/format/jpg,1,http://sns-webpic-qc.xhscdn.com/202605291609/d0dec8d4432197da654f594b26bc7b45/comment/1040g4b831vu9hjqb48d0490klv9dqi62ufc7fng!nd_whgt34_webp_wm_1,0,1780042195293,4
69fe154f000000002a006115,1778259280000,湖北,69fd5a850000000038022070,,5d78bf8600000000010067eb,好好活着,https://sns-avatar-qc.xhscdn.com/avatar/1040g2jo31vjkefmmii005nbonu308pvbn4v8rmo?imageView2/2/w/120/format/jpg,3,http://sns-webpic-qc.xhscdn.com/202605291609/961c0b45a4a3a92791423d625811ffdd/comment/1040g2h031vtqb2tr3q005nbonu308pvb3b219u0!nd_whgt34_webp_wm_1,0,1780042199049,0
6a016b29000000002803bb12,1778477866000,湖北,69fd5a850000000038022070,,63b6aaba00000000260130db,椿湦,https://sns-avatar-qc.xhscdn.com/avatar/1040g2jo320i5fhjq6e005otmlat9ic6rv9s871o?imageView2/2/w/120/format/jpg,1,http://sns-webpic-qc.xhscdn.com/202605291609/d136d323aa427c6096873bcc7976f72a/comment/1040g4b832012ie902i705otmlat9ic6rdluam20!nd_whgt34_webp_wm_1,0,1780042199052,1
69ffaa39000000002800b6f7,1778362938000,北京,69fd5a850000000038022070,,5b665e4cbf34890001d317c8,麻辣小笼包,https://sns-avatar-qc.xhscdn.com/avatar/1040g2jo31qc0i8bv70004a9i23f4o5u8arblksg?imageView2/2/w/120/format/jpg,1,http://sns-webpic-qc.xhscdn.com/202605291609/ec639951d640b8bc2f02ee92408a4afc/comment/1040g2h031vvblhvf48204a9i23f4o5u84v21sfo!nd_whgt34_webp_wm_1,0,1780042199059,0
69fea12d0000000027014346,1778295086000,新疆,69fd5a850000000038022070,,64b9497b000000001403c37d,恰逢,https://sns-avatar-qc.xhscdn.com/avatar/1040g2jo31vs9j7ruk86g5p5p95tl7grt7suo90o?imageView2/2/w/120/format/jpg,1,http://sns-webpic-qc.xhscdn.com/202605291609/1ff199fba17a1a9091eb31b5e52eaad9/comment/1040g2h031vub9ba3l65g5p5p95tl7grtvcvhhuo!nd_whgt34_webp_wm_1,0,1780042199063,1
69fe183f0000000029011683,1778260032000,湖北,69fd5a850000000038022070,,5dd0f066000000000100028c,饼饼电饼铛,https://sns-avatar-qc.xhscdn.com/avatar/1040g2jo31nlp5v3g06005negu1j080kcrcit778?imageView2/2/w/120/format/jpg,3,http://sns-webpic-qc.xhscdn.com/202605291609/521742eecd5586ecc848e40158abab9f/comment/1040g2h031vtqmhu42g005negu1j080kchn3ceg0!nd_whgt34_webp_wm_1,0,1780042199091,0
69fff4eb000000002803f0f2,1778382060000,广东,69fd5a850000000038022070,,65e0b3e0000000000d02433b,0.01,https://sns-avatar-qc.xhscdn.com/avatar/1040g2jo320i64s245sb05pf0mfg3cgprnciquqo?imageView2/2/w/120/format/jpg,1,http://sns-webpic-qc.xhscdn.com/202605291609/77e8e38580c2aa87dcde46d4480a4dd7/comment/1040g2h031vvkqjlk2a2g5pf0mfg3cgpr8n8e6bg!nd_whgt34_webp_wm_1,0,1780042199100,0
6a00d8220000000027017cf5,1778440227000,辽宁,69fd5a850000000038022070,,5981ebdb50c4b425374a2826,Geu,https://sns-avatar-qc.xhscdn.com/avatar/1040g2jo30p5k2fjkjq0049n9d4ltma16fqlsgfo?imageView2/2/w/120/format/jpg,1,http://sns-webpic-qc.xhscdn.com/202605291609/0513b1bed619e22ce80b548243e8e583/comment/1040g2h03200fp71p481049n9d4ltma169mlt7c0!nd_whgt34_webp_wm_1,0,1780042199103,0
69fee507000000002901b41b,1778312456000,广东,69fd5a850000000038022070,,5b4a1ba311be1048e0b70cc0,鱼丸粗面,https://sns-avatar-qc.xhscdn.com/avatar/1040g2jo31ojeq2eml8004a757hdq636001htcl8?imageView2/2/w/120/format/jpg,1,http://sns-webpic-qc.xhscdn.com/202605291609/dee27c712d2d22a992b20a9553d607e7/comment/1040g4b831vujmfjgia704a757hdq6360l4h5sj8!nd_whgt34_webp_wm_1,0,1780042199105,0
6a0066d3000000002b0006a1,1778411220000,安徽,69fd5a850000000038022070,,575a3cf25e87e72f84ee00fd,小琪菇凉,https://sns-avatar-qc.xhscdn.com/avatar/1040g2jo31lubr0fu5e0048fq5duf407t28ik23o?imageView2/2/w/120/format/jpg,1,http://sns-webpic-qc.xhscdn.com/202605291609/c501d0a2e90a7f5455b9150eff974dc3/comment/1040g2h032002pggc2i0048fq5duf407trdau8ug!nd_whgt34_webp_wm_1,0,1780042199105,0
69fed1dc000000002701e4f0,1778307549000,甘肃,69fd5a850000000038022070,,64aa8fe8000000000a023a95,🥜,https://sns-avatar-qc.xhscdn.com/avatar/1040g2jo315q0lkg20q005p5ahvk2kekls4qelv0?imageView2/2/w/120/format/jpg,1,http://sns-webpic-qc.xhscdn.com/202605291609/c601b688de8865efa4843f64cb59e01d/comment/1040g4b831vuh6oti2scg5p5ahvk2keklaso5400!nd_whgt34_webp_wm_1,0,1780042199113,2
6a02b279000000002a025958,1778561659000,澳大利亚,69fd5a850000000038022070,,54787e11d6e4a97e20afbdcd,momo,https://sns-avatar-qc.xhscdn.com/avatar/65ae4928949f0091d1c2ded3.jpg?imageView2/2/w/120/format/jpg,1,http://sns-webpic-qc.xhscdn.com/202605291610/59c4d46d016ce674d66a0d1bee741220/comment/1040g4b83202ah0k8ii70400niev13fedsia4a8o!nd_whgt34_webp_wm_1,0,1780042203042,0
69fef575000000002900ead0,1778316662000,浙江,69fd5a850000000038022070,,5b51ed5f4eacab26f4201f5c,甜桃梦游记_,https://sns-avatar-qc.xhscdn.com/avatar/1040g2jo315ls37m51e004a7b63mlu7qsp72b0do?imageView2/2/w/120/format/jpg,1,http://sns-webpic-qc.xhscdn.com/202605291610/d5c1505efa25726ad013159899f74a4f/comment/1040g2h031vuju6coia204a7b63mlu7qsup9v7po!nd_whgt34_webp_wm_1,0,1780042203042,1
6a16a43a0000000029036bdf,1779868732000,江苏,69fd5a850000000038022070,,62a1fccb000000001b02b8f1,悲伤百奇,https://sns-avatar-qc.xhscdn.com/avatar/62a1fccb000000001b02b8f1.jpg?imageView2/2/w/120/format/jpg,0,http://sns-webpic-qc.xhscdn.com/202605291610/8bdc3d4c615c287b14e75bb0e8b0e1f1/comment/1040g4b8320lppblpm2705ol1vj5mte7hsmfef28!nd_whgt34_webp_wm_1,0,1780042203042,0
6a166c9e000000002a033fe5,1779854495000,湖南,69fd5a850000000038022070,,605181320000000001001eb8,未成年煎蛋,https://sns-avatar-qc.xhscdn.com/avatar/1040g2jo31bfd4atcgk005o2hg4p087loik015fg?imageView2/2/w/120/format/jpg,0,http://sns-webpic-qc.xhscdn.com/202605291610/ca783147c9b0038a24dfd390c3bb4aad/comment/1040g2h0320lj04ikm2005o2hg4p087lo7or6kb0!nd_whgt34_webp_wm_1,0,1780042203053,0
6a162df90000000028033f59,1779838457000,浙江,69fd5a850000000038022070,,583eeb4d6a6a6923c44573bb,大鲸PHOTO🐳,https://sns-avatar-qc.xhscdn.com/avatar/1040g2jo30pmcpvgh6m0048u8qolkqstrek9s9s0?imageView2/2/w/120/format/jpg,0,http://sns-webpic-qc.xhscdn.com/202605291610/1b54e5d18ec4180a058cd1e65185854a/comment/1040g2h0320lb9of4m80g48u8qolkqstreead62o!nd_whgt34_webp_wm_1,0,1780042203055,0
6a1612a8000000002901a801,1779831467000,加拿大,69fd5a850000000038022070,,56fb3cde4775a7443b039168,咕噜噜,https://sns-avatar-qc.xhscdn.com/avatar/1040g2jo31v9lmvgo2q0047h771udt4b8b8jbeio?imageView2/2/w/120/format/jpg,0,http://sns-webpic-qc.xhscdn.com/202605291610/62982992d81afa3e5aeae6d1f0b51c9f/comment/1040g2h0320l80ndr620047h771udt4b8ntmi66g!nd_whgt34_webp_wm_1,0,1780042203055,0
6a15da4d0000000027014041,1779817038000,河北,69fd5a850000000038022070,,5afa65c04eacab238ca9c8da,evedess,https://sns-avatar-qc.xhscdn.com/avatar/1040g2jo31rlrlltpi4004a5b7vis1i6qh45rsqo?imageView2/2/w/120/format/jpg,0,http://sns-webpic-qc.xhscdn.com/202605291610/8f58ce2ee38a6a63c971de3c812c622f/comment/1040g2h0320l14ilhle004a5b7vis1i6q3ierqk0!nd_whgt34_webp_wm_1,0,1780042203059,0
6a15b224000000002800b4e4,1779806757000,广东,69fd5a850000000038022070,,668f1ad10000000003033a7e,酱酱酱！,https://sns-avatar-qc.xhscdn.com/avatar/1040g2jo31vioju4rjm0g5pkf3b8guejurs2o36o?imageView2/2/w/120/format/jpg,0,http://sns-webpic-qc.xhscdn.com/202605291610/d2983b39b91f4875766649bf9129cf2f/comment/1040g2h0320krcrkrle205pkf3b8guejuicdj690!nd_whgt34_webp_wm_1,0,1780042203063,0
6a156952000000002b02ba7a,1779788115000,云南,69fd5a850000000038022070,,5e51ce260000000001001398,爆炒小鱼干,https://sns-avatar-qc.xhscdn.com/avatar/1040g2jo31p6mbn93ig5g5nihpoj084socafq89g?imageView2/2/w/120/format/jpg,0,http://sns-webpic-qc.xhscdn.com/202605291610/ca4493182abc55045a86e36b4af2052e/comment/1040g4b8320kjan19m2c05nihpoj084soujrrbr8!nd_whgt34_webp_wm_1,0,1780042203068,0
6a15054b000000002702c6d8,1779762508000,广东,69fd5a850000000038022070,,60c0192c000000000100a234,如意果,https://sns-avatar-qc.xhscdn.com/avatar/1040g2jo31levf2hn4s0g5o6034m098hk9vrtfoo?imageView2/2/w/120/format/jpg,0,http://sns-webpic-qc.xhscdn.com/202605291610/e949b90e55a21098fad7749411366813/comment/1040g2h0320k6t1hjli405o6034m098hk65rb0r0!nd_whgt34_webp_wm_1,0,1780042203072,0
6a101341000000002701e737,1779438401000,广东,6a0f114900000000370357d0,请你在回答前，先向我提问。要求：一次只问一个问题。请根据我的回答继续追问，直到你有95%的信心完全理解我的真实需求和目标时，再给出最终方案。,5ba58e260700de0001253e05,山茶不说话,https://sns-avatar-qc.xhscdn.com/avatar/63da00dcf8ac785749bb92cc.jpg?imageView2/2/w/120/format/jpg,16,,0,1780042209035,1001
6a105ece0000000029024fb3,1779457743000,江苏,6a0f114900000000370357d0,有更高级的 试试 superpower,63777c18000000001f01a2c7,洋漾羊,https://sns-avatar-qc.xhscdn.com/avatar/1040g2jo30n0ck3r0l8005ornfgc7r8m7h31mlc8?imageView2/2/w/120/format/jpg,8,,0,1780042209035,49
6a0fe9130000000027015154,1779427604000,河南,6a0f114900000000370357d0,@问一问 提取文字,5c1310b90000000007002edf,ttkx,https://sns-avatar-qc.xhscdn.com/avatar/1040g2jo31uu30de8hu004bv22f8bibmvda2hsu0?imageView2/2/w/120/format/jpg,1,,0,1780042209045,3
6a167b57000000002800b072,1779858263000,北京,6a0f114900000000370357d0,@问一问 提取文字,5ee9cc58000000000101ebf9,森森,https://sns-avatar-qc.xhscdn.com/avatar/1040g2jo31sisq3m3566g5nn9phc0bqvpclqi8ug?imageView2/2/w/120/format/jpg,1,,0,1780042209048,0
6a17525c0000000029024f81,1779913309000,天津,6a0f114900000000370357d0,为什么背景视频是一个人在吃苹果,6124495f0000000001006d94,。,https://sns-avatar-qc.xhscdn.com/avatar/1040g2jo314rba8aq1c605o9495fg8rcko2h9c4o?imageView2/2/w/120/format/jpg,0,,0,1780042209052,1
6a1700d1000000000d021400,1779892433000,中国香港,6a0f114900000000370357d0,@Bell学姐,5f1a930800000000010099e6,我不理解,https://sns-avatar-qc.xhscdn.com/avatar/66cc9e03239fb0f0db0e5a3b.jpg?imageView2/2/w/120/format/jpg,0,,0,1780042209055,0
6a16e96e00000000290257ea,1779886446000,上海,6a0f114900000000370357d0,每次只提问一个问题，完全说不清啊，我一般都是直接回复五个,58d607c85e87e735f054e5fc,买买买没毛病（代遛狗版）,https://sns-avatar-qc.xhscdn.com/avatar/1040g2jo31vrobuic3q6g49bd1f3shpfsp1kdla0?imageView2/2/w/120/format/jpg,0,,0,1780042209058,0
6a13b892000000002803cf9d,1779677331000,山东,6a0f114900000000370357d0,适用于豆包那个魔丸吗[doge],5bba284d9bc81b00013b46c1,SLTing,https://sns-avatar-qc.xhscdn.com/avatar/1040g2jo318mj6ueh3u004bbpa5k4qhm1d81efgg?imageView2/2/w/120/format/jpg,0,,0,1780042209059,11
6a1039350000000029012ad7,1779448119000,河北,6a0f114900000000370357d0,已调不欠[害羞R],603babc8000000000101e0e9,咸鱼。,https://sns-avatar-qc.xhscdn.com/avatar/65116ce094f75e52fe72acfb.jpg?imageView2/2/w/120/format/jpg,0,http://sns-webpic-qc.xhscdn.com/202605291610/3544160e6a72cac0cd7d6ee5ec1d2648/comment/1040g4b8320fh7abbm2dg5o1rlf40bo79ce5uet0!nd_whgt34_webp_wm_1,0,1780042209062,26
6a103542000000002803e4e6,1779447107000,广东,6a0f114900000000370357d0,现在已经有了，叫plan mode,5f926180000000000100ab2c,摸鱼爽,https://sns-avatar-qc.xhscdn.com/avatar/529594cd91bbf4c43608131bf9134bdc.jpg?imageView2/2/w/120/format/jpg,0,,0,1780042209067,8
6a101742000000002803cbad,1779439426000,陕西,6a0f114900000000370357d0,你是否在找 grill-me？,69c253bd000000003201f84e,小红薯69C35AE8,https://sns-avatar-qc.xhscdn.com/avatar/1040g2jo31u3eva8eii6g5qe2aeusju2eugpp5gg?imageView2/2/w/120/format/jpg,0,,0,1780042213109,2
6a15a822000000002a0277f2,1779804195000,北京,6a0f114900000000370357d0,这个就是需求访谈，有很多好的skills,5ce50e89000000000500f3d8,紫微VV,https://sns-avatar-qc.xhscdn.com/avatar/1040g2jo31psl55kkkk005n751q4h9suoll7q0t8?imageView2/2/w/120/format/jpg,0,,0,1780042213112,0
6a0ffeb8000000002902c789,1779433144000,北京,6a0f114900000000370357d0,"为你提取的图片文字来啦，希望对你有帮助：
目前为止我用过最惊艳的提示词告诉AI你的需求后，加上这句：“请你在回答前，先向我提问。要求：一次只问一个问题。请根据我的回答继续追问，直到你有95%的信心完全理解我的真实需求和目标时，再给出最终方案。”
这个反向追问法极大地提升了AI的输出质量。它不仅能引导我们补足背景细节，更了解我们真实的想法，同时又给自己带来了新的启发，在回答的过程中理清思路。明确自己真实确切的诉求是什么，基于多番提问下来，AI往往会给出你很满意的回答。",62b50f3c000000001b02495c,上岸！！！,https://sns-avatar-qc.xhscdn.com/avatar/seller_6970e6b950c7a60001a2f2e9?imageView2/2/w/120/format/jpg,0,,0,1780042213117,24
6a15c012000000002902fd83,1779810322000,海南,6a0f114900000000370357d0,收藏了,67f94aac0000000007002d82,Eren Yeager,https://sns-avatar-qc.xhscdn.com/avatar/1040g2jo31pjjudodko6g5pvp9am1obc2tv36an8?imageView2/2/w/120/format/jpg,0,,0,1780042213121,0
6a12fdba000000002b0020e9,1779629498000,浙江,6a0f114900000000370357d0,你干脆卖零食吧[笑哭R],648e515a000000002a036e3d,林林 Horace,https://sns-avatar-qc.xhscdn.com/avatar/1040g2jo31vhsn2d32g005p4ea5damrhtc8ougig?imageView2/2/w/120/format/jpg,0,,0,1780042213121,0
6a0fee77000000002803f27a,1779428983000,浙江,6a0f114900000000370357d0,@问一问 提取里面的文字。,6446254d00000000100284f7,momo小法师,https://sns-avatar-qc.xhscdn.com/avatar/1040g2jo31tfrlbbdm86g5p264l6k517npn251j0?imageView2/2/w/120/format/jpg,0,,0,1780042213130,0
6a1319a50000000028034902,1779636645000,海南,6a0f114900000000370357d0,"目前为止我用过最惊艳的提示词告诉Al你的需求后，加上这句：“请你在回答
前，先向我提问。要求：一次只问一个问题。请根据我的回答继续追问，直到你有95%的信心完全理解我的真实需求和目标时，再给出最终方案。
这个反向追问法极大地提升了A1的输出质量。它不仅能引导我们补足背景细节，更了解我们真实的想法，同时又给自己带来了新的启发，在回答的过程中理清思路。明确自己真实确切的诉求是什么，基于多番提问下来，Ai往往会给出你很满意的回答[偷笑R]",5b3e0df111be1006d48205a6,eleven,https://sns-avatar-qc.xhscdn.com/avatar/1040g2jo316hg36lbhe6g4a6sb96v21d6hfs07q0?imageView2/2/w/120/format/jpg,0,,0,1780042213134,1
6a0ffe390000000027017b35,1779433017000,新疆,6a0f114900000000370357d0,@问一问 提取视频中的文字。,68e51e970000000032026a55,清秋之外无凉意,https://sns-avatar-qc.xhscdn.com/avatar/1040g2jo31p6jjcq426605q753qbskqilruk7hg8?imageView2/2/w/120/format/jpg,0,,0,1780042213137,0
6a115ab2000000002702db37,1779522226000,安徽,6a0f114900000000370357d0,superpower[失望R],5c8917d700000000110147a3,是真的yyy,https://sns-avatar-qc.xhscdn.com/avatar/62bc058940df7a1037d6c9a6.jpg?imageView2/2/w/120/format/jpg,0,,0,1780042213141,1
6a166d390000000029024151,1779854649000,广东,6a0f114900000000370357d0,@问一问 提取文字,60f552eb0000000001005744,momo,https://sns-avatar-qc.xhscdn.com/avatar/1040g2jo31vpnc71j2i005o7lablg8lq4k7f4jb8?imageView2/2/w/120/format/jpg,1,,0,1780042213144,0
6a15d0140000000028037dba,1779814420000,广东,6a0f114900000000370357d0,@Loku🥕🍏 马 试试,5fe2e32c0000000001001dcb,Bubble🥕🍏,https://sns-avatar-qc.xhscdn.com/avatar/6346e67c16ffc0fba3be2a23.jpg?imageView2/2/w/120/format/jpg,0,,0,1780042216864,0
6a12f19c000000002800836f,1779626396000,广东,6a0f114900000000370357d0,@true 可以试试,64490ed9000000002a00b729,跟跟跟屁虫,https://sns-avatar-qc.xhscdn.com/avatar/1040g2jo31iki64afnsdg5p291rcqhdp90ggqav0?imageView2/2/w/120/format/jpg,1,,0,1780042216869,1
6a12a3710000000027016c8f,1779606385000,广东,6a0f114900000000370357d0,@sehunohreal 学习,5970734950c4b44ff9b52ad8,曼达琳&Mandarin,https://sns-avatar-qc.xhscdn.com/avatar/627d2a805ff3f99dc2499c63.jpg?imageView2/2/w/120/format/jpg,1,,0,1780042216870,0
6a12547d0000000029018e8a,1779586174000,天津,6a0f114900000000370357d0,@问一问 提取文字,5f5849910000000001003f6f,甜甜爱吃甜,https://sns-avatar-qc.xhscdn.com/avatar/1040g2jo31krkntl6340g5nqo968g8frfckh2auo?imageView2/2/w/120/format/jpg,1,,0,1780042216876,0
6a0fc91c000000002803b704,1779419420000,陕西,6a0f114900000000370357d0,@问一问 提取里面的文字。,5c5e894500000000180361b0,珺玙,https://sns-avatar-qc.xhscdn.com/avatar/1040g2jo31ro0rrkm2m605n2uh52m6odg8br89og?imageView2/2/w/120/format/jpg,1,,0,1780042216877,2
6a10fbd1000000002b02aa56,1779497937000,新疆,6a0f114900000000370357d0,请你在回答前，先向我提问。要求：一次只问一个问题。请根据我的回答继续追问，直到你有95%的信心完全理解我的真实需求和目标时，再给出最终方案。,64013db30000000029014ffd,冲啊,https://sns-avatar-qc.xhscdn.com/avatar/1040g2jo31vocthseii6g5p017mpqajvtqh0bpto?imageView2/2/w/120/format/jpg,0,,0,1780042216881,2
6a103bf700000000280326df,1779448823000,浙江,6a0f114900000000370357d0,请你在回答前，先向我提问。要求：一次只问一个问题。请根据我的回答继续追问，直到你有95%的信心完全理解我的真实需求和目标时，再给出最终方案。,614b17830000000002026ec6,momo,https://sns-avatar-qc.xhscdn.com/avatar/1040g2jo31tgvjbe0ls605oab2u1gkrm6k1nbop8?imageView2/2/w/120/format/jpg,0,,0,1780042216887,2
6a131509000000002902658b,1779635465000,浙江,6a0f114900000000370357d0,请你在回答前，先向我提问。要求：一次只问一个问题。请根据我的回答继续追问，直到你有95%的信心完全理解我的真实需求和目标时，再给出最终方案。,60f060b70000000001005691,momo,https://sns-avatar-qc.xhscdn.com/avatar/1040g2jo31n3uc3ra6g6g5o7gc2rg8lkhn7cit7o?imageView2/2/w/120/format/jpg,0,,0,1780042216889,1
6a126540000000002901125a,1779590465000,浙江,6a0f114900000000370357d0,我就是这样，提供一个背景和目标，要求一次只给出一个问题，根据我的回答继续提问。但是是否输出最终结果，是我来判定，依据是自己是否还有遗漏信息未提供，都说完了，不想说了，就可以结束了。,67f37136000000000a03fb72,菇乃天之饺子,https://sns-avatar-qc.xhscdn.com/avatar/1040g2jo31qcu12lb7o605pvje4r2nuribbsaksg?imageView2/2/w/120/format/jpg,0,,0,1780042216895,0
6a1933510000000027021786,1780036433000,湖北,6a0f114900000000370357d0,@一般路过的小爱同学,600aef4f0000000001009a22,eoo,https://sns-avatar-qc.xhscdn.com/avatar/1040g2jo31s0unicuju005o0att7g96h2vgs90po?imageView2/2/w/120/format/jpg,0,,0,1780042216900,1
6a165236000000002900d28d,1779847734000,北京,6a0f114900000000370357d0,@羊羊羊羊羊三柏,5d5b6f120000000001009d15,木月,https://sns-avatar-qc.xhscdn.com/avatar/1040g2jo31tq3si0bn26g5nards90978lot6cd6g?imageView2/2/w/120/format/jpg,1,,0,1780042220675,0
6a15cf88000000002900dafc,1779814281000,陕西,6a0f114900000000370357d0,@千金难买姐乐意 @活着不练不如亖,5f2b93930000000001004e53,不死鸟倒立劈叉,https://sns-avatar-qc.xhscdn.com/avatar/1040g2jo31vcjp2q5ii6g5npbie9g8jijdgfjepg?imageView2/2/w/120/format/jpg,0,,0,1780042220679,0
6a15cf82000000002803a714,1779814275000,陕西,6a0f114900000000370357d0,@咩和婆婆 @Paddington,5f2b93930000000001004e53,不死鸟倒立劈叉,https://sns-avatar-qc.xhscdn.com/avatar/1040g2jo31vcjp2q5ii6g5npbie9g8jijdgfjepg?imageView2/2/w/120/format/jpg,0,,0,1780042220684,0
6a15cf7d00000000280335f6,1779814270000,陕西,6a0f114900000000370357d0,@哈哈哈,5f2b93930000000001004e53,不死鸟倒立劈叉,https://sns-avatar-qc.xhscdn.com/avatar/1040g2jo31vcjp2q5ii6g5npbie9g8jijdgfjepg?imageView2/2/w/120/format/jpg,0,,0,1780042220689,0
6a15a0d2000000002803d67d,1779802322000,辽宁,6a0f114900000000370357d0,@赤色鸳鸯肚兜不住女士,57a8779c50c4b46ba5246ecd,我马上就毕业了,https://sns-avatar-qc.xhscdn.com/avatar/1040g2jo31vdj42oejq6g48khudrpormd9f896b0?imageView2/2/w/120/format/jpg,0,,0,1780042220691,0
6a158ea4000000002803dd5f,1779797669000,北京,6a0f114900000000370357d0,@美琪妙妙屋,63a1d88400000000260050e9,blue_magic,https://sns-avatar-qc.xhscdn.com/avatar/6417df83aab651ae65a5004d.jpg?imageView2/2/w/120/format/jpg,0,,0,1780042220695,0
6a151a610000000027028a8a,1779767906000,江西,6a0f114900000000370357d0,@77,66277a0c00000000030328c0,萌小喵🍀（学习版）,https://sns-avatar-qc.xhscdn.com/avatar/1040g2jo31if70g807i6g5ph7f860ua60tpgfed0?imageView2/2/w/120/format/jpg,0,,0,1780042220698,0
6a14f4960000000029019a31,1779758230000,浙江,6a0f114900000000370357d0,@了不起的律宝,5e3108aa0000000001009829,momo,https://sns-avatar-qc.xhscdn.com/avatar/1040g2jo31svp1mlmm20g5nhh12l09619dthh16o?imageView2/2/w/120/format/jpg,0,,0,1780042220702,0
6a145a54000000002b02ac01,1779718741000,贵州,6a0f114900000000370357d0,@逃,58b7decc6a6a6945d371b35c,世界第一LUCKY,https://sns-avatar-qc.xhscdn.com/avatar/1040g2jo31nekipl4lm6g497rvbfcpcqscrhm7g0?imageView2/2/w/120/format/jpg,0,,0,1780042220705,0
6a143205000000002a02d314,1779708421000,澳大利亚,6a0f114900000000370357d0,@玫瑰的最终轨迹（荒唐版）,5b5333464eacab417b6e551e,鸭鸭快跑,https://sns-avatar-qc.xhscdn.com/avatar/1040g2jo30t2no7sh3s604a7c5bpkcl8uk429ifg?imageView2/2/w/120/format/jpg,1,,0,1780042220707,0
6a1410ce0000000029010011,1779699919000,上海,6a0f114900000000370357d0,@柠屿～,5638e78de58d132b10996414,Wheatttshieh（备婚版）,https://sns-avatar-qc.xhscdn.com/avatar/1040g2jo31oude7dd1k10423j7qjoqp0kkl3s970?imageView2/2/w/120/format/jpg,0,,0,1780042224566,0
6a13d88e000000002a026e98,1779685519000,广东,6a0f114900000000370357d0,@眼瞳哈哈哈哈 @可乐去冰 [坏笑R],55f81a92f5a2633821e0843d,颗颗,https://sns-avatar-qc.xhscdn.com/avatar/1040g2jo319p5bkkl7g00415qhjd9511t04e4nr8?imageView2/2/w/120/format/jpg,0,,0,1780042224570,0
6a13d282000000002701cd26,1779683971000,湖北,6a0f114900000000370357d0,@太阳雨,5d300394000000001602b105,番茄虾滑bubble粥,https://sns-avatar-qc.xhscdn.com/avatar/1040g2jo31sec15gf56005n9g0ea5lc85mn45qqo?imageView2/2/w/120/format/jpg,1,,0,1780042224582,0
6a13c8de0000000028036265,1779681503000,广东,6a0f114900000000370357d0,@甜甜芋见麻薯麦旋风 @宇治抹茶麦旋风,5fb7c129000000000101c686,桂花风味脏脏年糕麦旋风,https://sns-avatar-qc.xhscdn.com/avatar/1040g2jo31gccublvjo605ntno4kgbhk6fo8poh0?imageView2/2/w/120/format/jpg,1,,0,1780042224586,0
6a131c180000000028030020,1779637272000,湖南,6a0f114900000000370357d0,@化不开温柔.,5f4dc1f3000000000100acfa,生活的思考者。,https://sns-avatar-qc.xhscdn.com/avatar/1040g2jo31n3oqe335m605nqdo7pg9b7q156jubg?imageView2/2/w/120/format/jpg,0,,0,1780042224588,0
6a12edeb0000000029026c19,1779625451000,福建,6a0f114900000000370357d0,@carpediem,60c23246000000000100600d,_-Doni-_,https://sns-avatar-qc.xhscdn.com/avatar/1040g2jo30u7u8ud6l6605o6269308o0dpc848q8?imageView2/2/w/120/format/jpg,0,,0,1780042224592,0
6a129c0a000000002b02b4a9,1779604491000,湖北,6a0f114900000000370357d0,@11,596b3ce882ec391154d47808,阿里嘎咕,https://sns-avatar-qc.xhscdn.com/avatar/1040g2jo30u7g7nkule0049m6svuegu08knegb0o?imageView2/2/w/120/format/jpg,0,,0,1780042224595,0
6a128ac4000000002900f012,1779600068000,广东,6a0f114900000000370357d0,@chajxhuxid,5735c77b5e87e7774927c5c4,(๑••๑)_57366718,https://sns-avatar-qc.xhscdn.com/avatar/166ad12ae9a7f6fbb4bbbf88d417895f.jpg?imageView2/2/w/120/format/jpg,0,,0,1780042224597,0
6a11f7fb0000000029018412,1779562492000,广东,6a0f114900000000370357d0,@你说谁是干脆面,57f0965982ec393c469ebca1,川。,https://sns-avatar-qc.xhscdn.com/avatar/1040g2jo31hg439hbjq6048nt0vb5jf516hs4l50?imageView2/2/w/120/format/jpg,1,,0,1780042224602,0
6a118cf1000000002a0043be,1779535089000,陕西,6a0f114900000000370357d0,@鸡翼它真嚣张 @监斩华华_,5f16dde10000000001007ba0,Stella,https://sns-avatar-qc.xhscdn.com/avatar/1040g2jo31n4oa62c5i605nomrngg8ut0n85bsdo?imageView2/2/w/120/format/jpg,0,,0,1780042224605,0
6a11892f0000000027028e26,1779534128000,湖北,6a0f114900000000370357d0,@momo [doge],62dc2688000000001f005746,闪晶✨,https://sns-avatar-qc.xhscdn.com/avatar/1040g2jo31o7n6a3m52005oms4q47olq6gavbjlo?imageView2/2/w/120/format/jpg,0,,0,1780042228524,0
6a118201000000002803dc5c,1779532289000,浙江,6a0f114900000000370357d0,@早柚想睡觉 @异瞳,609a9efc0000000001003345,小黄还是小王,https://sns-avatar-qc.xhscdn.com/avatar/64055c8a67341b9f427f1c55.jpg?imageView2/2/w/120/format/jpg,0,,0,1780042228524,0
6a116957000000002a0275b6,1779525976000,西藏,6a0f114900000000370357d0,@火锅还是麻辣烫 @我喜欢轻松熊,61fa21c000000000100088ff,💤,https://sns-avatar-qc.xhscdn.com/avatar/1040g2jo31q0fnjak7g405ofq4704127vp5n1l1o?imageView2/2/w/120/format/jpg,0,,0,1780042228524,0
6a11605c000000002702b0d6,1779523676000,北京,6a0f114900000000370357d0,@一学一个不吱声,5ddde24b00000000010037e8,噗嘻嘻的板砖日记,https://sns-avatar-qc.xhscdn.com/avatar/1040g2jo3189j666igq605nets95g8dv8lvi98c0?imageView2/2/w/120/format/jpg,1,,0,1780042228541,0
6a1142c6000000002903539a,1779516103000,北京,6a0f114900000000370357d0,@把着饭的饕餮,65f45cd70000000005008445,黑猫警长老白,https://sns-avatar-qc.xhscdn.com/avatar/1040g2jo310cao0hm6a6g5pfkbjbh9125gup99q8?imageView2/2/w/120/format/jpg,1,,0,1780042228543,1
6a113830000000002a02e295,1779513392000,湖北,6a0f114900000000370357d0,@冷藏巧克力,68e250a4000000003002ee58,momo,https://sns-avatar-qc.xhscdn.com/avatar/645b6985573b2ad2b5243b1d.jpg?imageView2/2/w/120/format/jpg,0,,0,1780042228549,0
6a1102e7000000002a0062e9,1779499752000,广东,6a0f114900000000370357d0,@水的旅程,609cd12d0000000001007f96,金金鱼汤儿,https://sns-avatar-qc.xhscdn.com/avatar/1040g2jo31nbjj9g1mm005o4sq4mg8vsmhumcdo0?imageView2/2/w/120/format/jpg,0,,0,1780042228551,1
6a1048c9000000002701f191,1779452106000,江苏,6a0f114900000000370357d0,@momo,64f0bafe00000000040253bd,我是无敌的我是无敌的,https://sns-avatar-qc.xhscdn.com/avatar/1040g2jo31qg4dhqsgm605p7gnbv14kttfb3dja8?imageView2/2/w/120/format/jpg,1,,0,1780042228554,0
6a103e1f000000002900ca9c,1779449376000,广西,6a0f114900000000370357d0,@Monody,60de941c000000000101f9c2,vovo,https://sns-avatar-qc.xhscdn.com/avatar/641e5de468c57054fc82fce3.jpg?imageView2/2/w/120/format/jpg,0,,0,1780042228559,0
6a103294000000002702b247,1779446420000,四川,6a0f114900000000370357d0,@💖Champion,5dbe908400000000010057cd,Champion,https://sns-avatar-qc.xhscdn.com/avatar/63ecc269f074a05f2d80ad9f.jpg?imageView2/2/w/120/format/jpg,1,,0,1780042228560,0
6a102694000000002a005634,1779443348000,北京,6a0f114900000000370357d0,@风斓,613cb3c400000000020252ed,-oO颜桉Oo-,https://sns-avatar-qc.xhscdn.com/avatar/1040g2jo31ee9fcga0u6g5o9smf20kknddo1a9eo?imageView2/2/w/120/format/jpg,1,,0,1780042232283,0
6a1002a700000000270208a2,1779434152000,云南,6a0f114900000000370357d0,@七七四十九,5d3ee314000000001100b469,海盐焦糖可可,https://sns-avatar-qc.xhscdn.com/avatar/1040g2jo312qt32bik26g5n9usca49d39hjha9po?imageView2/2/w/120/format/jpg,0,,0,1780042232309,0
6a0f1e5800000000280308a9,1779375705000,浙江,6a0f114900000000370357d0,@是君君不是钧钧 @断点,66c48ca1000000001d033d69,岚岫,https://sns-avatar-qc.xhscdn.com/avatar/1040g2jo31p12q7rl2g005pm4hignefb9bbs91vo?imageView2/2/w/120/format/jpg,0,,0,1780042232312,0
6a153f9f000000002702d316,1779777439000,河北,6a0f114900000000370357d0,@谁有我睡得早 试试,5df70edf00000000010008cc,我很快乐因为我是一块菠萝蜜,https://sns-avatar-qc.xhscdn.com/avatar/1040g2jo31hrqd1ieja605nfn1rfg826codac538?imageView2/2/w/120/format/jpg,0,,0,1780042232317,2
6a14207e0000000027021c94,1779703935000,福建,6a0f114900000000370357d0,@@内裤是个大产业,5f9d71b7000000000100901a,六月寒,https://sns-avatar-qc.xhscdn.com/avatar/1040g2jo320a31mos5i005nste6rg940q1i12s38?imageView2/2/w/120/format/jpg,1,,0,1780042232323,0
697c6d8d0000000009021033,1769762189000,新疆,697b448f000000001a02b7f6,课代表来了[耶R]：指令一：我想让你帮我挖掘隐藏特长和个人天赋，找到技能、兴趣与经验交汇处的独特价值。指令二：请设计15个采访式问题，一次只问一个，过程流畅自然。指令三：每个问题引导我分享具体例子，区分主动热爱和被迫掌握的能力。指令四：最终帮我找到我隐藏的天赋以及对应的核心擅长领域。[萌萌哒R],634502d5000000001802b537,喜欢喝酒,https://sns-avatar-qc.xhscdn.com/avatar/1040g2jo31ibh7psi0a605oq50bam5d9nn4phuto?imageView2/2/w/120/format/jpg,21,,0,1780042238131,378
697d79ad0000000018020aab,1769830830000,山东,697b448f000000001a02b7f6,我尝试过，真的有用！前提需要加上自己曾做过的事情，他真的会挖掘出来潜在的能力！,67b0b7ec000000000601d3cf,momo,https://sns-avatar-qc.xhscdn.com/avatar/1040g2jo31s87qp3b5m605ptgmvm1jkufuogqmj8?imageView2/2/w/120/format/jpg,11,,0,1780042238138,112
697d530c00000000060322c9,1769820940000,广东,697b448f000000001a02b7f6,哪有自己不了解自己人[捂脸R]需要机器去证明自己,65753be60000000020034c01,柠檬猫子,https://sns-avatar-qc.xhscdn.com/avatar/1040g2jo3209rapdv5c3g5pbl7fj86j01lfga29g?imageView2/2/w/120/format/jpg,7,,0,1780042238144,36
698219a30000000015015e51,1770133924000,江苏,697b448f000000001a02b7f6,其实普通人根本没有资格知道自己真正擅长的领域，擅长的东西是要试的，不断的试不断的换，都是需要金钱加持的，我到现在都不知道自己擅长什么,5ab3485e4eacab7c0e86696b,花瓣,https://sns-avatar-qc.xhscdn.com/avatar/1040g2jo3194t44e0l66g4a3qbf45sqbbt4tdc78?imageView2/2/w/120/format/jpg,2,,0,1780042238148,7
697df13e0000000004001613,1769861438000,浙江,697b448f000000001a02b7f6,@问一问 请帮我总结视频中的AI指令，变成文字版给我,667d78220000000007007f1b,一览,https://sns-avatar-qc.xhscdn.com/avatar/1040g2jo31bhpmal4ge6g5pjtf0h1ovorus205ro?imageView2/2/w/120/format/jpg,1,,0,1780042238151,7
69832af1000000000601c54d,1770203891000,上海,697b448f000000001a02b7f6,,64a17fdd0000000011000922,神经兮兮的奶牛猫,https://sns-avatar-qc.xhscdn.com/avatar/1040g2jo31o8nc4mmks605p51fvek8292du65ao8?imageView2/2/w/120/format/jpg,1,http://sns-webpic-qc.xhscdn.com/202605291610/a806f8258c1c4a6dda5de2ac37d5aa9b/comment/1040g4b831s5p7j72l8d05p51fvek8292543lg88!nd_whgt34_webp_wm_1,0,1780042238155,0
697c5835000000000c01602d,1769756726000,福建,697b448f000000001a02b7f6,没懂什么意思,5507db4cd39ea2690c4e9d39,数据小透明Emily酱,https://sns-avatar-qc.xhscdn.com/avatar/411309441983cdc4ce073ff8da73b5b6.jpg?imageView2/2/w/120/format/jpg,0,,0,1780042238158,5
698607f500000000040009d1,1770391542000,广东,697b448f000000001a02b7f6,有意思！,5aeb1ca8e8ac2b2b532d8845,勤劳的小咪蜂,https://sns-avatar-qc.xhscdn.com/avatar/1040g2jo312cil1kchk604a51bkeah225bskrljo?imageView2/2/w/120/format/jpg,0,http://sns-webpic-qc.xhscdn.com/202605291610/f318bb6b9d66857f949906d094c5f8b7/comment/1040g4b831s8imtthledg4a51bkeah225b3lbbkg!nd_whgt34_webp_wm_1,0,1780042238160,0
69860a4c00000000060316b7,1770392141000,贵州,697b448f000000001a02b7f6,哇哦,56584298172fe70bb3bde12f,雾崎纱希,https://sns-avatar-qc.xhscdn.com/avatar/1040g2jo31jjlmoja2i0043ajpm19ho9fhpcm5u0?imageView2/2/w/120/format/jpg,0,http://sns-webpic-qc.xhscdn.com/202605291610/90165556db1439cd6d6fe96f43d1eeef/comment/1040g4b831s8j029ble7043ajpm19ho9fqgf75to!nd_whgt34_webp_wm_1,0,1780042238161,0
69862c0b000000000600dd10,1770400782000,河北,697b448f000000001a02b7f6,有启发,5a92b05be8ac2b20171fb4a5,👻,https://sns-avatar-qc.xhscdn.com/avatar/1040g2jo31sa0rlvs567g4a2bcco5nd55sci38so?imageView2/2/w/120/format/jpg,0,"http://sns-webpic-qc.xhscdn.com/202605291610/33f797458423833aec6637ca0299e16d/comment/1040g4b831s8n3ss1l6dg4a2bcco5nd55smne3to!nd_whgt34_webp_wm_1,http://sns-webpic-qc.xhscdn.com/202605291610/a8d536bca1e225dc8384906a9bb08672/comment/1040g4b831s8n3ss1l6d04a2bcco5nd556t8p648!nd_whgt34_webp_wm_1,http://sns-webpic-qc.xhscdn.com/202605291610/cb128395ea7e113a4b0bf61ae7f8c9ea/comment/1040g4b831s8n3ss1l6c04a2bcco5nd55pp7gbng!nd_whgt34_webp_wm_1,http://sns-webpic-qc.xhscdn.com/202605291610/42b1f1bd6f6e05a6c58bfbfd0fffa25f/comment/1040g4b831s8n3ss1l6bg4a2bcco5nd5517i97t8!nd_whgt34_webp_wm_1,http://sns-webpic-qc.xhscdn.com/202605291610/7cfa86ad3356b688bdc5de6f04b428e1/comment/1040g4b831s8n3ss1l6804a2bcco5nd55sils47g!nd_whgt34_webp_wm_1,http://sns-webpic-qc.xhscdn.com/202605291610/71c3b570b1989f132b732513e9e7e429/comment/1040g4b831s8n3ss1l6b04a2bcco5nd55b3jgbng!nd_whgt34_webp_wm_1",0,1780042238165,1
697f723c000000000601c289,1769959997000,陕西,697b448f000000001a02b7f6,四个指令一起输吗,625d8919000000001000cf4a,柯柯子and柴柴子,https://sns-avatar-qc.xhscdn.com/avatar/625d8919000000001000cf4a.jpg?imageView2/2/w/120/format/jpg,1,,0,1780042241925,1
697eba100000000006031453,1769912848000,中国台湾,697b448f000000001a02b7f6,但是人是多變的 如過果它是暗示讓人類歸向程序最高控制者想要的方向呢？,61a79701000000001000d654,咪,https://sns-avatar-qc.xhscdn.com/avatar/1040g2jo30qhl76v008105od7is0k1liknc1505g?imageView2/2/w/120/format/jpg,0,,0,1780042241930,2
697eec7c0000000009023cfc,1769925757000,江苏,697b448f000000001a02b7f6,「在唯美超现实中创造沉浸式声音链接」）,573738ba50c4b425e9e15ed5,momo,https://sns-avatar-qc.xhscdn.com/avatar/645de3a6a90bb9e4fa70a920.jpg?imageView2/2/w/120/format/jpg,0,,0,1780042241930,1
697f6571000000000c014dda,1769956721000,广东,697b448f000000001a02b7f6,开头吓我一大跳，那眼神和表情[失望R],5b187fc5e8ac2b03e50d6efb,钱从四面八方来,https://sns-avatar-qc.xhscdn.com/avatar/1040g2jo312ldr9r5i06g4a60qdvsarnr1q2hcn8?imageView2/2/w/120/format/jpg,0,,0,1780042241940,0
6986086f0000000003011a58,1770391666000,江苏,697b448f000000001a02b7f6,有趣,5f48e2520000000001008ce5,风,https://sns-avatar-qc.xhscdn.com/avatar/1040g2jo3118ffn056i605nq8s99093756k1h3bo?imageView2/2/w/120/format/jpg,0,"http://sns-webpic-qc.xhscdn.com/202605291610/6446c0f2c6837722715cd432d0798880/comment/1040g2h031s8iophv5s6g5nq8s9909375r9kh3i0!nd_whgt34_webp_wm_1,http://sns-webpic-qc.xhscdn.com/202605291610/33d539a6f05ffe29d0bf9f064b36defe/comment/1040g2h031s8iophv5s605nq8s99093758odo748!nd_whgt34_webp_wm_1,http://sns-webpic-qc.xhscdn.com/202605291610/bb3939e406a50a174d9a37cb7120c6ac/comment/1040g2h031s8iophv5s5g5nq8s9909375krlum7g!nd_whgt34_webp_wm_1,http://sns-webpic-qc.xhscdn.com/202605291610/d8bbb567b226c8c6b3aac44f9d256a27/comment/1040g2h031s8iophv5s505nq8s9909375t3pfb7g!nd_whgt34_webp_wm_1",0,1780042241950,0
697f4266000000000600b2ad,1769947752000,广东,697b448f000000001a02b7f6,有意思,5a4fb70d11be10646b2f189f,widr,https://sns-avatar-qc.xhscdn.com/avatar/1040g2jo31i525acu6o4g4a0m5trgq64ve1as1g8?imageView2/2/w/120/format/jpg,0,"http://sns-webpic-qc.xhscdn.com/202605291610/f76015e603b786734b5b7556501c45ff/comment/1040g4b831s1v37do52c04a0m5trgq64vj0vipug!nd_whgt34_webp_wm_1,http://sns-webpic-qc.xhscdn.com/202605291610/ee6a0d38d7e654442ae6029fb93dc75e/comment/1040g4b831s1v37do52d04a0m5trgq64v3buq3s0!nd_whgt34_webp_wm_1",0,1780042241953,0
697da94d000000000f028c03,1769843023000,辽宁,697b448f000000001a02b7f6,[赞R],6886f40c000000000d03d36a,一口糯顿,https://sns-avatar-qc.xhscdn.com/avatar/1040g2jo31kffot6n2odg5q46ug63fkrac0tdlo0?imageView2/2/w/120/format/jpg,3,"http://sns-webpic-qc.xhscdn.com/202605291610/009ffa4e3135415cb1c14860b6b67f4d/comment/1040g4b831s08tjgtkccg5q46ug63fkrasjoi2g8!nd_whgt34_webp_wm_1,http://sns-webpic-qc.xhscdn.com/202605291610/3eb1c8c4cd55585e0253081fe985784c/comment/1040g4b831s08tjgtkcbg5q46ug63fkra2cttjuo!nd_whgt34_webp_wm_1,http://sns-webpic-qc.xhscdn.com/202605291610/a64fe518645e53e8fbd473ff96dc9d3b/comment/1040g4b831s08tjgtkcb05q46ug63fkrak2rvu80!nd_whgt34_webp_wm_1",0,1780042241958,3
698300770000000019001a30,1770193016000,四川,697b448f000000001a02b7f6,课代表来了[耶R]：指令一：我想让你帮我挖掘隐藏特长和个人天赋，找到技能、兴趣与经验交汇处的独特价值。指令二：请设计15个采访式问题，一次只问一个，过程流畅自然。指令三：每个问题引导我分享具体例子，区分主动热爱和被迫掌握的能力。指令四：最终帮我找到我隐藏的天赋以及对应的核心擅长领域。[萌萌哒R],630735f2000000001902fef3,Qiuqiu愛,https://sns-avatar-qc.xhscdn.com/avatar/1040g2jo31lsr6ldv5mcg5oo76np6dvnju6tfqbo?imageView2/2/w/120/format/jpg,0,,0,1780042241960,2
697f2a170000000005033fe2,1769941528000,江苏,697b448f000000001a02b7f6,@问一问 请帮我总结视频中的AI指令，变成文字版给我,54d8b8802e1d9370188358f9,飞,https://sns-avatar-qc.xhscdn.com/avatar/1040g2jo31uqcn336j46g401a0ls80m7pli02u4g?imageView2/2/w/120/format/jpg,0,,0,1780042241963,0
698d56920000000018023580,1770870419000,重庆,697b448f000000001a02b7f6,@卷毛炸毛了,59ee2b604eacab7beeec8258,_来栖,https://sns-avatar-qc.xhscdn.com/avatar/61ebf514e9f3c7e69fe9b88b.jpg?imageView2/2/w/120/format/jpg,0,,0,1780042241966,0
69849a3a0000000005030ec8,1770297914000,广东,697b448f000000001a02b7f6,@Mom0（sky伽蓝🥝版） [坏笑R],649ab27b00000000110032f5,风闻叶吟,https://sns-avatar-qc.xhscdn.com/avatar/1040g2jo31gqmsis53a6g5p4qm9tk8cnlrieh3j8?imageView2/2/w/120/format/jpg,0,,0,1780042245812,0
6a0313020000000027016ce1,1778586371000,广东,697b448f000000001a02b7f6,[玫瑰R][玫瑰R][玫瑰R][玫瑰R][玫瑰R][玫瑰R],67af0f4c000000000e01ea2e,半感染的读者,https://sns-avatar-qc.xhscdn.com/avatar/1040g2jo31eu1u81emm6g5ptf1t63jqhe70h1j60?imageView2/2/w/120/format/jpg,0,,0,1780042245819,0
699436fc000000000800cf28,1771321084000,江西,69941005000000001a02baed,点了，未长成的创作者在这种环境下很容易会被慢慢偷走创作的能力,68aef3d400000000190176b1,倒春寒吃云云,https://sns-avatar-qc.xhscdn.com/avatar/1040g2jo31q80abp0no6g5q5eufa6atlhehv43s0?imageView2/2/w/120/format/jpg,28,,0,1780042251639,4372
699469310000000004002b35,1771333939000,四川,69941005000000001a02baed,之前在春晚分会场的对面站着，旁边有路人小孩问我这个建筑是不是ai[石化R][石化R][石化R],622f3a810000000010006f7d,水红酸,https://sns-avatar-qc.xhscdn.com/avatar/1040g2jo320a1a5kf5e6g5ohf7a0k0rrtdmndb08?imageView2/2/w/120/format/jpg,64,http://sns-webpic-qc.xhscdn.com/202605291610/4c7498129d21dd94f4d1c3b810506531/comment/1040g2h031smjqtnk58505ohf7a0k0rrt42jimug!nd_whlt34_webp_wm_1,0,1780042251642,1718
699422840000000015011509,1771315844000,浙江,69941005000000001a02baed,当人类轻易把许愿池的结果当成自己的能力，去贬低对应专业领域的人，这也是很恐怖的事。,56c436b684edcd064f439221,埋伏牙,https://sns-avatar-qc.xhscdn.com/avatar/1040g2jo316e7ts152o0045ktuvrbd4h1u0qke40?imageView2/2/w/120/format/jpg,4,,0,1780042251647,973
699466b700000000140312a0,1771333303000,辽宁,69941005000000001a02baed,最恐怖的是世界上发生的一切美好/邪恶/巧合等等让人会“哇”出来的场景，都会有人问是不是ai的，大家对真实世界和虚拟世界的边界已经不清晰了,68367a54000000001d00b988,海豹凉拌特马头,https://sns-avatar-qc.xhscdn.com/avatar/1040g2jo31rq5odtiia005q1mf9a79ec8dl1mu9o?imageView2/2/w/120/format/jpg,24,,0,1780042251653,1831
699479890000000011019946,1771338121000,黑龙江,69941005000000001a02baed,突然觉得莫种意义上可能不是AI越来越厉害了，而是人的思想与认知不断地被AI局限，却认为AI比人要强,60011068000000000101fd53,夹心饼干,https://sns-avatar-qc.xhscdn.com/avatar/1040g2jo31pb89h7vig6g5o0121k0bvajkhc4tc0?imageView2/2/w/120/format/jpg,4,,0,1780042251656,876
699470d600000000090201eb,1771335895000,四川,69941005000000001a02baed,未来趋势就是大部分人会奉ai为圭臬,65abd6dc0000000018023fd9,推理不分早中晚但悬疑总在暴雪后,https://sns-avatar-qc.xhscdn.com/avatar/1040g2jo31su5do7cm86g5pdbqre64fupmeqipto?imageView2/2/w/120/format/jpg,7,,0,1780042251662,42
6994f90a000000000d0133c8,1771370763000,山西,69941005000000001a02baed,建议大家学历史不要全问ai，它给的所有答案全取自网络，有些有争议的地方它会给你网络上流行的谣言，根本不会独立思考，很容易误导人，豆包夸克都是这样的,60b1b4680000000001002b0b,么？？,https://sns-avatar-qc.xhscdn.com/avatar/1040g2jo31shdt1nb62605o5hmhk08aob8d74e1g?imageView2/2/w/120/format/jpg,18,,0,1780042251671,554
699460e70000000008031bba,1771331818000,广东,69941005000000001a02baed,你们都能用ai生成准确的图吗。我咋做不到,67161097000000001d031fc6,版纳是掌上之花！！,https://sns-avatar-qc.xhscdn.com/avatar/645b6985573b2ad2b5243b1d.jpg?imageView2/2/w/120/format/jpg,4,http://sns-webpic-qc.xhscdn.com/202605291610/703a0f2107b6e5643e8b09fb9bd66a34/comment/1040g4b831smj2ccvm2dg5pom22bne7u6h69pl50!nd_whgt34_webp_wm_1,0,1780042251674,13
69945fcf000000000900551f,1771331536000,广东,69941005000000001a02baed,说到点子上了！！我发现我并不是这样想的，我想做一个动画短片，发现不仅要学我目前在学的插画基本功还要学动画的运动规律、做完整的人设、色见本、后期摄影特效等等很多东西，然后我就去开始学了；除了画画还得写故事，然后就去学怎么写故事板、怎么写分镜、怎么优化节奏；写完剧情配上画面还得有音乐和音效，然后又去学怎么用daw、录音、编配、混音、母带……我是很享受这个过程的，绝不会用ai和低素质素材搪塞。可能正因为只是我的爱好我才会这么下功夫去学，而且一直向全栈的方向努力……（与此同时我的本科专业一塌糊涂（（）,63391353000000001901d0be,leonara,https://sns-avatar-qc.xhscdn.com/avatar/1040g2jo31pdk49dpiu6g5opp2d9mbk5ueb5qtjg?imageView2/2/w/120/format/jpg,4,,0,1780042251680,175
69946d1a000000000601fab4,1771334938000,湖南,69941005000000001a02baed,我想问，有多少人真的有去高强度使用过ai？起码我在不同情景使用ai就会发现它的精度完全无法使用，能够用好它也不是一件容易的事，也需要针对性训练,62ee0746000000001f0175f6,llll纹llll,https://sns-avatar-qc.xhscdn.com/avatar/1040g2jo31lnkfi80l0605one0t37qtfm5o1s9do?imageView2/2/w/120/format/jpg,4,,0,1780042251684,40
69948376000000000b035fbf,1771340663000,福建,69941005000000001a02baed,感觉ai会让人慢慢地被牵着鼻子走，混乱和迷失，好好坏坏真真假假混在一起最难判断…或许ai并不能说是一个很好的工具，也不能说是一个很坏的工具，但确实是一个很危险的工具…,6598ca5e0000000022001620,之反a咩,https://sns-avatar-qc.xhscdn.com/avatar/1040g2jo31k96eboriu0g5pcop9f8g5h0bf6l2sg?imageView2/2/w/120/format/jpg,2,,0,1780042255754,185
69946b6d0000000032000ec0,1771334510000,江苏,69941005000000001a02baed,教育方面问题很严重。我们就不该搞什么ai融入课堂，因为在这之前就该先讨论下科技到底带来利还是弊，以前说科技是双刃剑，为什么现在不提这话了？具体实践就该审慎、被限制。尤其义务教育阶段，应该禁止使用ai，现在小孩都问豆包做作业自己都不思考，而且ai全是顺着人的喜好说瞎话，没有分辨力的孩子怎么办？不控制的话，未来可能完蛋了，要被ai操控了。,62e56c720000000015018d1e,Quinne,https://sns-avatar-qc.xhscdn.com/avatar/1040g2jo31ts6gq346u005on5dhp5b38unt29080?imageView2/2/w/120/format/jpg,6,,0,1780042255756,450
69946d5d000000000601c901,1771335005000,福建,69941005000000001a02baed,很可怕😱上次看油画展有个小朋友在画前问他父母是不是ai生成的。我感觉完了,67b32ef4000000000a03d761,来到地狱的学校,https://sns-avatar-qc.xhscdn.com/avatar/1040g2jo3209137iblk005ptj5rq2nlr115245ug?imageView2/2/w/120/format/jpg,2,,0,1780042255767,50
69944f4c000000000803367f,1771327308000,广东,69941005000000001a02baed,以前是师傅带徒弟，以后是师傅训练AI，徒弟只能跟AI学，永远出不了师[笑哭R],5e2593a80000000001009504,陈高比爱运动,https://sns-avatar-qc.xhscdn.com/avatar/6315cc3aeadcd300de015a86.jpg?imageView2/2/w/120/format/jpg,3,,0,1780042255771,30
6994977d000000000f02f1ce,1771345789000,美国,69941005000000001a02baed,我的感受是ai让“意义”没意义了 语言学有一派认为语义是流动的 不能用一对一的方式来解释 但是制作ai内容把创造语义的这个过程给定死了 从简答题变成了对错判断题,624074cb00000000100089ea,白唏里哗啦,https://sns-avatar-qc.xhscdn.com/avatar/1040g2jo31o0p7afag6005oi0ej5k12fa034t5m8?imageView2/2/w/120/format/jpg,3,,0,1780042255773,90
699472b40000000006008a9d,1771336373000,新疆,69941005000000001a02baed,把真正的创新当做ai的养料，把ai的排泄物当成创新。,630d78b60000000012002551,唐佑,https://sns-avatar-qc.xhscdn.com/avatar/1040g2jo31s5skeo15c5g5oodf2r4g9ahnhrll0o?imageView2/2/w/120/format/jpg,3,,0,1780042255778,158
699582180000000009023684,1771405849000,山东,69941005000000001a02baed,我最不能接受的就是在人家手搓的作品下面说ai一秒就做完了，非常不尊重创作者的劳动成果并且还带着新技术的鄙夷。我无法共情ai产出的艺术，特别是那些繁重又充满变数的创作，就是因为创作是人所以才了不起啊，所以拿人跟ai作品比真的毫无道理，不是什么都是结果论的,669873db0000000003033f9e,我纯画瘾大,https://sns-avatar-qc.xhscdn.com/avatar/1040g2jo31psk99sm4g5g5pkoefdgufsuofulss0?imageView2/2/w/120/format/jpg,6,,0,1780042255786,566
69948637000000000800ca74,1771341368000,浙江,69941005000000001a02baed,而且现在越来越多的人习惯问ai问题，关键是它是对的就算了，它里面答案可能是东拼西凑出来的，不少张冠李戴，但人们问到答案了就会觉得是对的，根本不会查证……这就很可怕了,65356af9000000000d007e4c,绯与骨,https://sns-avatar-qc.xhscdn.com/avatar/1040g2jo31918im6k5a005p9ldbsj8vic45al5jg?imageView2/2/w/120/format/jpg,2,,0,1780042255789,99
699532bd0000000009006dff,1771385534000,浙江,69941005000000001a02baed,以前刷到什么ai创作的视频还会当乐子看看，现在刷到直接点不感兴趣…铺天盖地的ai创作还是让我有点害怕，怕以后分不清面对的究竟是虚拟还是现实,64243ed80000000029015b5d,关关过,https://sns-avatar-qc.xhscdn.com/avatar/1040g2jo31vt7u6raii6g5p147rcaamqta53j3ao?imageView2/2/w/120/format/jpg,2,,0,1780042255789,48
699456a0000000000603159a,1771329185000,湖北,69941005000000001a02baed,主要是人已经不关注外部环境了，那环境是否真实也无所谓了。,63d7a5900000000026013b8e,DOD朵（接稿）,https://sns-avatar-qc.xhscdn.com/avatar/63d7aa43ee5326a2767dbc10.jpg?imageView2/2/w/120/format/jpg,1,,0,1780042255795,238
699484a8000000000601c639,1771340969000,北京,69941005000000001a02baed,但是ai能够助力很多科研项目，尤其是代替人类进行复杂计算，这能够给科研工作者节省很多精力，用来思考更加有创造性的课题,64479e0a000000001203424b,Klavier,https://sns-avatar-qc.xhscdn.com/avatar/1040g2jo31uu4ibk6hm005p27jo54mgibia11ebo?imageView2/2/w/120/format/jpg,5,,0,1780042260908,3
6994d7570000000004003780,1771362135000,海南,69941005000000001a02baed,我赞成帖主说的，我们在向ai习得性索取的同时忘记了从0到1的过程，但我更想说对于已经有0到1技术的人来说，ai的帮助或许可以很大。事实上是很多人对ai的使用频率根本达不到这么高，而写提示词在我看来也不算轻松，至少在我（有基础的摄影知识和审美）试图尝试踏入相关的领域时（做宣传效果图）我需要明确的说明格式、具体到编号的颜色、照片的风格、图里的物件、打光的角度、拍摄的角度等等，我输入的指令加起来成千上万字。对于我来说我能从一步步细化图片的过程里里面获得很多灵感，或者说我主导并且控制着我生成出来的东西。,5b6d30fc59cec90001a3c6df,三文鱼没有鱼_,https://sns-avatar-qc.xhscdn.com/avatar/1040g2jo30nvrgahohi004abv2vofphmv1lek080?imageView2/2/w/120/format/jpg,2,,0,1780042260912,22
69947ab0000000000c00a5ca,1771338416000,甘肃,69941005000000001a02baed,有版权意识，那用AI就是找灵感，毕竟AI真的挺乱的，顿不顿就人物六根手指………,6882a3c0000000001b01b6d7,星星再也不见,https://sns-avatar-qc.xhscdn.com/avatar/1040g2jo31t6jf1bl5k005q42kf06rdmnrtm4cf8?imageView2/2/w/120/format/jpg,4,,0,1780042260912,5
69945c680000000006031257,1771330665000,福建,69941005000000001a02baed,,63f96c72000000000f010721,momo,https://sns-avatar-qc.xhscdn.com/avatar/1040g2jo30usicvo1li405ovpdhp3q1p16q1bts8?imageView2/2/w/120/format/jpg,0,http://sns-webpic-qc.xhscdn.com/202605291611/8fcdb730816226785b6d21557888eaea/comment/1040g4b831smigq475c605ovpdhp3q1p1ev2mte0!nd_whlt34_webp_wm_1,0,1780042260920,344
69946ab1000000000800e498,1771334322000,重庆,69941005000000001a02baed,我早就有这种感觉了，现在社交平台的热门视频或者话题都在趋于单一，不像互联网初期，真的是百花齐放，虽然笨拙但是都很有意思。人类失去了建设和创造的能力，就失去了精神和灵魂,63fab7e100000000100296fd,陈一水,https://sns-avatar-qc.xhscdn.com/avatar/6412e3922a05a5c7c47fe8db.jpg?imageView2/2/w/120/format/jpg,1,,0,1780042260920,84
69945248000000000b0356f5,1771328072000,广东,69941005000000001a02baed,是的，并且数据具有政治性，能够被数据化喂给ai的东西已经是经过筛选的。,5f2acad900000000010065ed,momo,https://sns-avatar-qc.xhscdn.com/avatar/6626504b6091c10f8649d58a.jpg?imageView2/2/w/120/format/jpg,0,,0,1780042260920,51
699d2b3b0000000009022156,1771907900000,广东,69941005000000001a02baed,其实真正用AI搞创作的人才知道，要出精品，同样费时费力，用了AI，意味着你更要提高审美[笑哭R][笑哭R]那些说两分钟就做出来的大概率都是没实操过的。难的不是15秒的片段，而是整个编排，设计，连贯，统一。AI只是工具，是用来激发新创意的催化剂,5ab24dd0e8ac2b78b74dec11,黑仔只有豆豆眉,https://sns-avatar-qc.xhscdn.com/avatar/1040g2jo31t6206k0m8004a3pmh6t1r0hm97r080?imageView2/2/w/120/format/jpg,2,,0,1780042260927,13
6995cee8000000000601efd3,1771425512000,广东,69941005000000001a02baed,有点不知道怎么说，好像当初智能手机问世的时候，大家也是各种担心，说可以偷拍啊什么的，但是现在看来却完全不是事,649bd437000000000a021578,dress like crazy,https://sns-avatar-qc.xhscdn.com/avatar/1040g2jo31ueoc1kn347g5p4rqgrik5boktf7cjo?imageView2/2/w/120/format/jpg,3,,0,1780042260931,1
69946c530000000009020b24,1771334740000,辽宁,69941005000000001a02baed,一直觉得ai替代的应该是冗长繁复没有技术含量的统计整理和归纳工作，但是现阶段大家再用ai替代创作……很可怕,55e30b5367bc655961393c93,蓝莓旺仔牛奶糖,https://sns-avatar-qc.xhscdn.com/avatar/1040g2jo31ns3rrh70600414s035l6f4jd73j15o?imageView2/2/w/120/format/jpg,0,,0,1780042260931,54
69945701000000000c009388,1771329281000,广东,69941005000000001a02baed,而且ai真的很难用[失望R]它到底跟人的思维不一样，修改都没法改，你只能重新生成祈祷一个比较正常的成果给老板交差[失望R][失望R][失望R],5d47d67a0000000010006e63,我的母语是无语,https://sns-avatar-qc.xhscdn.com/avatar/1040g2jo31tvanu1cn26g5na7qpt40rj30lb5fd8?imageView2/2/w/120/format/jpg,0,,0,1780042260937,16
69953b00000000000601eceb,1771387649000,广东,69941005000000001a02baed,「用AI做某件事情」並不等於「認為這件事情是重複無意義的」，很有可能只是因為能力有限/術業有專攻，無法親手做這件事情。要提高人的認知水平，並不是用過拒絕使用一個工具來實現的。新工具出現的時候要想辦法規範對工具的使用。,5a2bd117e8ac2b7398809b1c,小愛是一隻貓,https://sns-avatar-qc.xhscdn.com/avatar/64bd428b30791eb2be1c29e6.jpg?imageView2/2/w/120/format/jpg,3,,0,1780042264701,5
699455ef0000000009020cdd,1771329007000,河南,69941005000000001a02baed,并且很大一部分人会直接不筛选肯定ai的回答，现实确实ai会胡编乱造误导人，我觉得这也是很恐怖的一件事,640ea9310000000029012d35,土豆煎饼炒薯角,https://sns-avatar-qc.xhscdn.com/avatar/1040g2jo32055ghcd3q605p0el4oqab9l5ss75r8?imageView2/2/w/120/format/jpg,0,,0,1780042264711,21
69947716000000000800e75f,1771337495000,河南,69941005000000001a02baed,用ai夸人是我觉得最恐怖的…… 明明是ai“模仿”人类结果人类被夸好看是被说“好看得像ai/比ai还好看”[呃R][呃R][呃R],5b9de6249a9c9300014550af,AAA光亮花种子批发小林（爸呀大哥v和精v别回我,https://sns-avatar-qc.xhscdn.com/avatar/1040g2jo31jd4c2nv34004b0mcmj28k5fam76h60?imageView2/2/w/120/format/jpg,0,,0,1780042264715,13
69947e67000000000f018208,1771339367000,山东,69941005000000001a02baed,其实这个观念有位传媒领域的先人提出过，就是写《娱乐至死》的尼尔波兹曼[微笑R]实际上，《娱乐至死》并不是字面意义上的“娱乐至死”，这本书本质上想表达的是，快节奏的画面（影视、短视频）正在削弱传统长文字阅读的基本要求，既人们的逻辑推理能力、想象能力、理解能力、专注力，甚至正在剥夺人们对传统权威的尊重和“偶像崇拜”，画面需要演绎，演绎的本质是面对众人的表演。权威人士不需要发表长文字通报彰显权威，只需要煽动民众情绪即可获得支持。除去这本书，其实后面还有两本书，《技术垄断》和《童年的消逝》。这三本一定要连着读，才能明白尼尔波兹曼的观念到底有多超前。,63e1d9a60000000026005be3,秦在平,https://sns-avatar-qc.xhscdn.com/avatar/655a128820a2f2accbf9fcf7.jpg?imageView2/2/w/120/format/jpg,0,,0,1780042264717,52
699468870000000018022e74,1771333768000,河南,69941005000000001a02baed,高中的时候迷恋用极致效率的学习方法，最后发现什么方法都比不上自己去做一道题有用。现在用ai整理资讯效率再高，总结出来的知识还是比不上自己真的去看吧（或许,60f058da0000000001015134,S7eLLaR,https://sns-avatar-qc.xhscdn.com/avatar/1040g2jo31eecukbdgs705o7gb3d0ak9klmrdl7o?imageView2/2/w/120/format/jpg,1,,0,1780042264721,40
699547da000000001d00df10,1771390938000,福建,69941005000000001a02baed,我们总觉得AI就代表最好最完美的，其实AI生成的答案据说只是B+程度的，人类自身能做到更好……,6156692a0000000002025b3e,💬路.,https://sns-avatar-qc.xhscdn.com/avatar/1040g2jo31su6rbhcm8005oamd4l0kmpu4ao9210?imageView2/2/w/120/format/jpg,1,,0,1780042264724,9
6994aced00000000110184b1,1771351278000,美国,69941005000000001a02baed,突然理解迪士尼的电影星愿了。当时还觉得把愿望交给别人的市民过于幼稚单纯，没想到真的有这种方向的可能性,639ee1f7000000002702929b,岩泉,https://sns-avatar-qc.xhscdn.com/avatar/1040g2jo31r9ntfn47u105osus7rpt4krdch46g0?imageView2/2/w/120/format/jpg,0,,0,1780042264727,3
69946ac2000000000601f758,1771334339000,广东,69941005000000001a02baed,真的很可怕，明明是人类需要创作，人类需要表达，他们却以为给ai一个指令就可以代替自己的思考自己的挣扎。,5c1a613d00000000060168c5,Apppppppple,https://sns-avatar-qc.xhscdn.com/avatar/1040g2jo31gfvockk34005n0qc4uhiq65abmam4o?imageView2/2/w/120/format/jpg,0,,0,1780042264729,8
69951730000000000800de45,1771378484000,湖北,69941005000000001a02baed,"不是说坚决的抵制ai什么的，那太绝对了，ai的发展是必然趋势，我认同且接受ai作为工具被人类使用，以提高生产效率，推动人类共同进步
但是ai来生成所谓的“艺术作品”就很离谱
艺术本来是人的思维 情感 经历的体现啊...我没办法接受ai在绘画，文学，音乐等艺术方面继续任其发展下去
如果人人都用ai融合以前的作品，那艺术的进步和创新将会更难的...
目前市面上ai训练所用的公开数据基本上都已经用的差不多了，ai再进步也不会像现在这样快速突飞猛进，至少在目前生图生视频生文方面进化力度会越来越缓的
题外话：ai也会自己造假数据库，污染数据源，我现在找参考图都把原来老软件下回来了，老图用起来还是放心",5f828dc2000000000101f281,桃桃绵绵冰（爱小红书版）,https://sns-avatar-qc.xhscdn.com/avatar/1040g2jo31shetkrd5s005ns2hn10bsk1cfe1bpg?imageView2/2/w/120/format/jpg,0,http://sns-webpic-qc.xhscdn.com/202605291611/102fc34d3016e88c8d9948ff69440d54/comment/1040g4b831sn9advelk705ns2hn10bsk1jcgbpig!nd_whlt34_webp_wm_1,0,1780042264732,25
69945dd00000000004003b79,1771331025000,上海,69941005000000001a02baed,而且我觉得我有一些朋友生成的图片真的不好看，但是我又不想做那个很尖锐的人非得指出来,52f9f259b4c4d608959f9ea6,喵呜Meoooow,https://sns-avatar-qc.xhscdn.com/avatar/1040g2jo31vpp8co44c004001onp5j7l6djeal7o?imageView2/2/w/120/format/jpg,0,,0,1780042264733,16
69947d1100000000180380db,1771339025000,广东,69941005000000001a02baed,说得好好……只有自己动笔才会发现自己对世界一无所知，ai生成最可怕的是赋予了一些人自以为全知全能的错觉,641a4cef0000000012012db5,想要成为鹿野的狗,https://sns-avatar-qc.xhscdn.com/avatar/1040g2jo31q8nvh07g0605p0q9jnkibdlv192nco?imageView2/2/w/120/format/jpg,0,,0,1780042268504,7
6994c193000000001d00e382,1771356563000,美国,69941005000000001a02baed,以后的孩子被树上掉下来的苹果砸中，“aiai为什么苹果会砸我”，ai：“这是自然现象”。“好的”于是小牛顿就这样离开了,616c8f5400000000020218e3,戊十七,https://sns-avatar-qc.xhscdn.com/avatar/1040g2jo31v439mqpiq005obchta0k6735s5uvl0?imageView2/2/w/120/format/jpg,0,,0,1780042268514,12
6994c33b000000000301186a,1771356988000,广东,69941005000000001a02baed,看完这一段文字心里真的五味杂陈，人类创造了AI这种无法被大多数人真正了解亦驾驭不了的工具，真的很悲哀，科技的发展不该是这样的,5bdd77a1ea5c2b00018486c5,Midnight#,https://sns-avatar-qc.xhscdn.com/avatar/1040g2jo31v90mcns3q004bnh1nrq31m5l2a78o0?imageView2/2/w/120/format/jpg,0,,0,1780042268519,4
6994805d000000000c0146d2,1771339869000,山东,69941005000000001a02baed,世界本就真真假假，ai普遍以后，更加捉摸不透了。人类自身的意志、彼此之间的信任都会磨灭在这放肆生长的ai世界。,5e04a20c00000000010001ec,蓝乌,https://sns-avatar-qc.xhscdn.com/avatar/1040g2jo31avs9po9na6g5ng4k86080fcakg19d8?imageView2/2/w/120/format/jpg,0,,0,1780042268524,1
6995fa14000000001d0089dd,1771436564000,海南,69941005000000001a02baed,要想“成才”或者变优秀都是要经过大量的重复练习与枯燥打磨的，而在这个过程中会形成一些独属于自己的东西，是非常珍贵的。而现在有些人利用ai，去掉了这一阶段，投机取巧后又要对提供了原素材的人指指点点，唉，我觉得吧尊重和珍惜还愿意手搓的老师们吧。,5a8a63bae8ac2b170d848213,凌晨三点半不想睡,https://sns-avatar-qc.xhscdn.com/avatar/1040g2jo31vb9rstg3q604a1jiohrl0gj4h4p0f0?imageView2/2/w/120/format/jpg,1,,0,1780042268530,11
699532a3000000003100138f,1771385508000,云南,69941005000000001a02baed,当几千年前的人类用象形文字来描绘这个世界的时候，由于那时候文字是对现实世界抽象而拙劣描摹，所以人类可以清晰的看到真实与虚拟的边界。而当这条边界越来越模糊，模糊到超越人类感官以后，那哪一个才是真实呢？我想这也许不是灾难，只是人类又一次的造字，推动文明的在一次进化,60ae0c820000000001003c77,真的还想再活五亿年,https://sns-avatar-qc.xhscdn.com/avatar/1040g2jo31soifckhls3g5o5e1i108f3n5gludng?imageView2/2/w/120/format/jpg,0,,0,1780042268530,3
69951c1b0000000009023072,1771379740000,河北,69941005000000001a02baed,后时代的ai发展是更考验个人能力的，具体包括对专业专精的能力、精准表述修改的能力、想象能力与逻辑思考能力。ai确实能给一些一窍不通的人带来新鲜的感受和对自我的认可，但是如果沉迷于这份认可那ai和垃圾一样没有意义…这个感受是最近用ai做了一个小网页后，发现自己对代码一窍不通，如果我会代码，有些地方只需要很简单的修改就可以，而不是一遍又一遍修改生成，利用ai交叉验证后根据评语发现功能虽然全但是代码写的很混乱，有很多细小的地方全是错。如果我会代码改一改就好，可惜我不懂，只能完全交给ai修改，当时就觉得如果以后人人都这么使用ai，那确实会生产出很多华而不实没人买帐的垃圾就是了。,5d0b9cb3000000001102d94d,umicc,https://sns-avatar-qc.xhscdn.com/avatar/1040g2jo30n6gnofk5a6g5n8bjipkdmadah12qg8?imageView2/2/w/120/format/jpg,1,,0,1780042268538,11
6994a9b3000000001101adf3,1771350451000,天津,69941005000000001a02baed,很悲哀…ai让我们失去了相信美好的能力,5f9c1724000000000100186b,玉米片,https://sns-avatar-qc.xhscdn.com/avatar/1040g2jo31h0fc04gjs505nss2si0863bhecc8a8?imageView2/2/w/120/format/jpg,1,,0,1780042268541,18
6995c268000000000f02b17b,1771422312000,河北,69941005000000001a02baed,我觉得ai最可怕的是让人类认为可以偷懒，很多人面对问题会放弃思考直接向ai要答案，而ai是靠吃人类思想整合出来资料，人类不再思考之后ai真的还会进步吗，之前有句话说人类和其他动物的区别就是人有思想会思考，那人放弃思考之后还剩下什么呢，人对环境对自然界对美都是有自己的感知的，如果不信任自己的感觉反倒去问ai，我认为是一件非常可悲的事，ai给出的答案明明也只是整合了人类的经验和智慧，而且有时候ai找不到正确的资料还会乱编，如果盲目信从ai给出的答案反而不是一种便利,5c6c142200000000110066e8,葱花当天使用,https://sns-avatar-qc.xhscdn.com/avatar/1040g2jo31rqtg7ko32005n3c2gh48pn89pievq8?imageView2/2/w/120/format/jpg,1,,0,1780042268546,26
69951094000000000b03555c,1771376789000,江苏,69941005000000001a02baed,目前看来AI研发巨头们没有足够的社会责任，只顾在效率、效益、所谓的科技创新、人类未来的道路上狂飙，未经许可把所有人卷入一场大变革，而精神文明建设被远远甩在身后，这必须引起重视,5e1c9b1300000000010026fa,炒鸡煮煮虾,https://sns-avatar-qc.xhscdn.com/avatar/1040g2jo31f9crunimo005ngsjc9g89nqd8667oo?imageView2/2/w/120/format/jpg,0,,0,1780042268551,5
699572b5000000000800db1b,1771401909000,北京,69941005000000001a02baed,当人们失去思考能力时，ai就会成为人们眼里的“真实”[微笑R]听起来很像是下一个乌托邦了,615a68e7000000000201ca82,momo,https://sns-avatar-qc.xhscdn.com/avatar/1040g2jo31k1da26f2u005oaqd3jgjik23e88oco?imageView2/2/w/120/format/jpg,0,,0,1780042272599,2
69983451000000000b036841,1771582546000,山东,69941005000000001a02baed,我从来都不觉得研究人工智能是错误的，我讨厌ai只是因为：,61be065a0000000010006ae2,NINE,https://sns-avatar-qc.xhscdn.com/avatar/1040g2jo31gmq1uc5ji6g5odu0pd40qn2i5g43ug?imageView2/2/w/120/format/jpg,0,http://sns-webpic-qc.xhscdn.com/202605291611/2e004aa7b7762d5d633e713d1aa950c6/comment/1040g2h031sqak71pm2cg5odu0pd40qn2s2bgf0g!nd_whlt34_webp_wm_1,0,1780042272601,14
699484b5000000000800f905,1771340982000,海南,69941005000000001a02baed,AI本身不过是工具，不可靠的是人性，人类不会满足于只把它看作工具本身，这才是令人焦虑而恐怖的地方,5cac1dce0000000010017811,18.06,https://sns-avatar-qc.xhscdn.com/avatar/1040g2jo31bh1dvi9gm005n5c3n742u0h4gbiqlo?imageView2/2/w/120/format/jpg,0,,0,1780042272601,1
6994c9cd000000000f0184bf,1771358670000,北京,69941005000000001a02baed,虚假的科技锁和思想钢印：三体智子。真实的科技锁和思想钢印：生成式ai,602546220000000001006387,喵了个咪了个🐟🐟🐟,https://sns-avatar-qc.xhscdn.com/avatar/1040g2jo31k9qj4saio005o158oh08os7ffpl5ag?imageView2/2/w/120/format/jpg,1,,0,1780042272612,18
69997180000000001500d585,1771663745000,重庆,69941005000000001a02baed,人应当从自然空间学习认知这个世界，倘若认知全被AI生成物所取代，那就成了咀嚼过的自然，人就成为了子辈再子辈,637f601d0000000023028f54,偷我煎饺,https://sns-avatar-qc.xhscdn.com/avatar/1040g2jo31hdg6j3p3q005orvc0eot3qk955kev0?imageView2/2/w/120/format/jpg,1,http://sns-webpic-qc.xhscdn.com/202605291611/7319c7bef0ee8920e43f7a58481f7b61/comment/1040g2h031srhb6jm68005orvc0eot3qkriepbs0!nd_whgt34_webp_wm_1,0,1780042272616,8
699ca34a0000000006030ba7,1771873099000,广东,69941005000000001a02baed,"我觉得ai的文艺类作品很适合最近网上很火的一个概念“伪人”，可不就是乍看没问题，细看便会觉得怪异，恐惧，恶心罢了。

话虽如此，我也是个会去使用ai的“伪人”罢了，没办法，就以效率而言，ai实在是太快了，而且其实大众要求也低，可以接受这种乍看就行的东西。

我认为当前的时代需求被异化了。其实从长期的文科生就业不好就能看出来，所谓“精神”，所谓“灵魂”，所谓“人”不过都是要服务于“效益”罢了[捂脸R][捂脸R][捂脸R]",62d3bca3000000000e00e01a,momo,https://sns-avatar-qc.xhscdn.com/avatar/1040g2jo31m259va9ks6g5omjnihjho0qq15q2gg?imageView2/2/w/120/format/jpg,0,,0,1780042272620,3
69958f94000000000f02aa92,1771409300000,福建,69941005000000001a02baed,突然想起来，在ai还没有出现的时候，我在b站上看过一个视频，大概就是教人们怎么一帧一帧画动画。结果评论里真有人说，ta在看到这个视频前，以为动画就是把一张图放到一个特殊的软件里自动生成的…,6849238a000000001b01a824,剧毒减速带,https://sns-avatar-qc.xhscdn.com/avatar/1040g2jo31ljfctag5i6g5q294e56ra14vi4ko9o?imageView2/2/w/120/format/jpg,1,,0,1780042272623,15
699529d80000000006009990,1771383257000,广西,69941005000000001a02baed,ai的文字没有灵魂，它的话只存在于那几分钟的虚拟语境，没有身份与立场，往往是你想听什么它就说什么，但人怎么能完全想听到什么就能听到什么呢？,62bbb890000000001b025b1c,晓山灵,https://sns-avatar-qc.xhscdn.com/avatar/1040g2jo31ucvcc6fhu6g5olrn286smosfelorho?imageView2/2/w/120/format/jpg,1,,0,1780042272626,4
699453a9000000000600e5ea,1771328425000,广东,69941005000000001a02baed,人类在让渡生产权力的同时，其实也在让渡思考的权力,5da2e5d500000000010024ab,hwangyennsacha,https://sns-avatar-qc.xhscdn.com/avatar/640444f534f5898f6d001f61.jpg?imageView2/2/w/120/format/jpg,0,,0,1780042272631,50
69959737000000000f02c22f,1771411256000,上海,69941005000000001a02baed,一直都觉得ai是很恐怖的一个工具，尤其是当千问这种嵌入了消费场景的ai。本身互联网因为大数据，基本上所有人都有自己的信息茧房了，区别就是大一点和小一点而已。但当ai越来越深入普通人的生活后，尤其当衣食住行都采用ai的建议后，你根本不知道这个推荐的结果到底是适合你的，还是资本推荐给你他们获利最多的。要知道现在基于ai的geo已经有很多机构在做的，这个就是以前搜索引擎的付费排名策略，未来的ai也一定会变成另一种形式的百度。而习惯使用ai的人类，再也不会知道街角的一个早餐店干净又很好吃，也看不到身边的美景了。,54d6f388e7798958aebc1d23,莹小妖,https://sns-avatar-qc.xhscdn.com/avatar/64ffeb5d0226271fc0069a11.jpg?imageView2/2/w/120/format/jpg,0,,0,1780042272633,18
69949549000000000c01632a,1771345225000,辽宁,69941005000000001a02baed,头号玩家那个电影里，男主住贫民窟，吃垃圾食品，现实世界满目疮痍，但是一戴上虚拟现实的头盔，里面的一切都是光鲜亮丽的，大家沉浸在虚拟的元宇宙里，对于他们来说元宇宙就是现实，而这样的世界正在我们的现实中到来……,5c89da1100000000160385c5,糍粑_赛博幽灵版,https://sns-avatar-qc.xhscdn.com/avatar/1040g2jo31uodf7p82q605n49r88ln1e55jg6cs0?imageView2/2/w/120/format/jpg,0,,0,1780042276520,18
69946911000000000800c628,1771333906000,河南,69941005000000001a02baed,提笔忘字算是一种抢先体验版，长时间不依靠自身进行创作也可能造成提word忘文。而ai的广泛使用已不可逆，某种程度上来说ai作为工具是有利创造的，但“推敲”这个行为要由创作者本身进行,60c1e82700000000010074f1,此人绝非扇贝,https://sns-avatar-qc.xhscdn.com/avatar/1040g2jo31p45774rjc0g5o61t0jg8t7hh2lvsm0?imageView2/2/w/120/format/jpg,0,,0,1780042276525,19
69944a4d0000000009036f6f,1771326029000,贵州,69941005000000001a02baed,点了，在艺术创作领域ai会偷走大部分的创造，在和现实接轨的领域ai其实会偷走“真实”，当大家觉得ai生成的东西理所当然，可能就不会有人关注现实是什么样了（虽然可能现实是什么样并不重要（找素材发现都是ai的错误素材...这实在是.....,60d499f40000000001007b90,QriC,https://sns-avatar-qc.xhscdn.com/avatar/1040g2jo31a6fep2a7e005o6kj7q08usgnfed0ro?imageView2/2/w/120/format/jpg,0,,0,1780042276532,35
699492d50000000004003579,1771344598000,广东,69941005000000001a02baed,以及  当一个人已经适应有求必应的AI时 可能就很难对另一个真人客客气气、真诚体谅了[呃R],61fe313f0000000010005f7e,alalalz,https://sns-avatar-qc.xhscdn.com/avatar/61fe313f0000000010005f7e.jpg?imageView2/2/w/120/format/jpg,0,,0,1780042276535,19
69948f94000000000601c1e3,1771343765000,河北,69941005000000001a02baed,AI是另一种形式的智子 是锁死人类文明的另一种方式,567a57b4f53ee059f1f84e98,小蔡吃饱不咋动,https://sns-avatar-qc.xhscdn.com/avatar/1040g2jo31og3mh7s4u5044krcabr8jkoct7d0dg?imageView2/2/w/120/format/jpg,0,,0,1780042276542,12
69950114000000000600874e,1771372821000,日本,69941005000000001a02baed,之前我们画画的抵制ai还被科技区up嘲笑是纺织女工砸珍妮纺纱机 哈哈大家都受着吧[飞吻R],5b7d1e675679bb00014e063b,DreamRecord｜梦流地,https://sns-avatar-qc.xhscdn.com/avatar/6449703fbb7ee62fdf9239b7.jpg?imageView2/2/w/120/format/jpg,0,,0,1780042276546,14
6994d2ca000000000600d356,1771360971000,北京,69941005000000001a02baed,在ai泛滥下人会怠惰于自己的成长与创造，不断下降自己的下限....因为感觉ai的认知比自己强，掌握的信息比自己多，所以ai总是“对”的，不愿意自己试错与尝试，这才是最可怕的，人类自己把自己局限在一个养猪场里面，放任自己的懒惰与无知,60f93e53000000000101ec21,暮色流连,https://sns-avatar-qc.xhscdn.com/avatar/1040g2jo31ka7cd3l2a6g5o7p7p9gbr112qb3c28?imageView2/2/w/120/format/jpg,0,,0,1780042276549,10
69951f180000000006030aa7,1771380505000,四川,69941005000000001a02baed,这是个很好的问题，作为讨论。在我看来，ai是的确大大的丰富了知识世界，也无法否定ai带给人类的便利与生产力…但与此同时，作为我们人类，更应该时刻谨记独立思考的能力和创造力是上天赋予我们最大的礼物，当然还有难能可贵的判断力。所以，在我看来，解决这个问题，最重要的是，在与ai交互时我们的大数据更应该折射出人类美好而伟大的一面，包括正确的认知，以及每个人的人生意义与“价值”。就像与人交互一般，正向的引导永远难能可贵，这些内容永远值得我们追寻和探索。从不同角度来讲好奇心也很重要，不过要正确认知这个东西，嗯…每个人看待事物的角度不同吧,6520069000000000240175e2,记录摄影,https://sns-avatar-qc.xhscdn.com/avatar/1040g2jo31s88lgvg5e5g5p900q892tf2n9k7d8g?imageView2/2/w/120/format/jpg,0,,0,1780042276554,6
69fd396500000000270167f9,1778202982000,内蒙古,69941005000000001a02baed,太认同了！现在很多人都被AI的表象迷惑了，根本没意识到背后的认知危机,5b4184c44eacab2e54aa514e,小红薯4A21756A,https://sns-avatar-qc.xhscdn.com/avatar/645b7e78731e07eb8ca3d81b.jpg?imageView2/2/w/120/format/jpg,0,,0,1780042276558,1
69949916000000000600b4d7,1771346199000,黑龙江,69941005000000001a02baed,其实还有一些让ai做朋友 做心里指导 做人际沟通教学的时刻，好像在连人与人相处这一部分也产生了轻微的依赖，有问题总想着大半夜静悄悄的时候和“他”聊聊,5f1d7a0c000000000101e525,蜂蜜Layla糕🍯,https://sns-avatar-qc.xhscdn.com/avatar/1040g2jo31pkr1bog3u005notf860bp95hkrd9co?imageView2/2/w/120/format/jpg,0,,0,1780042276564,8
699533ff000000000b036695,1771385855000,广东,69941005000000001a02baed,还有就是这样相当于把定义权和创造权拱手让给了ai，比如一个放在盘子上的苹果，ai生成是什么样的你就看到就认为是什么样的了，也很少有人再去思考还有没有别的可能，为什么就是这样的了,6421922f0000000012011597,ᅠᅠ,https://sns-avatar-qc.xhscdn.com/avatar/1040g2jo312dt74d6666g5p11i8nki5cn0ku5kc0?imageView2/2/w/120/format/jpg,0,,0,1780042280299,5
69a92e7c0000000031001b6b,1772695164000,浙江,69941005000000001a02baed,这篇真的说透了 AI 时代的核心问题。把复杂创作简化成一句话许愿，本质是对认知世界的误解。从苹果这个词到真实的苹果，中间有无数的细节和选择，而 AI 正在用统计平均抹平这些差异。最危险的不是 AI 本身，而是我们逐渐丧失了对真实的感知能力和对创作过程的尊重。当所有人都习惯用 AI 生成提示词、生成内容、甚至生成思考时，人类的认知边界就被锁死了。原创者的价值恰恰在于那些不效率的摸索和试错，这才是 AI 永远无法替代的。,64801d26000000002a035063,小红薯6480D89C,https://sns-avatar-qc.xhscdn.com/avatar/7121a416be8e543266fd62c1cc9d575e.jpg?imageView2/2/w/120/format/jpg,0,,0,1780042280308,3
69946a860000000018021a7c,1771334279000,安徽,69941005000000001a02baed,一开始就没有代价获得的东西，最后往往会让人付出最大的代价,61e50868000000001000def2,泱水以南,https://sns-avatar-qc.xhscdn.com/avatar/1040g2jo31jaf23oq34005of511k41nni9defm20?imageView2/2/w/120/format/jpg,0,,0,1780042280310,4
699540f20000000015013eb1,1771389171000,河北,69941005000000001a02baed,翻译：ai会把人养成废物,5a795ff911be103ba28c1a62,地球飙车我被甩飞禹宙,https://sns-avatar-qc.xhscdn.com/avatar/1040g2jo31hud19un3i004a1a1ofvi6j2f43834g?imageView2/2/w/120/format/jpg,0,,0,1780042280314,2
6994946d000000000f019824,1771345006000,安徽,69941005000000001a02baed,回老家发现我的父母辈都在用了[笑哭R]而且他们也没有辨别网上的东西是不是ai生成的能力，下一代在这种环境中长大估计也没有这能力，我们这代人可能是最后一代还有大部分人在乎“这是不是真的”的人了,60a68a3600000000010050f6,半颗西瓜,https://sns-avatar-qc.xhscdn.com/avatar/1040g2jo320nqajhkm2605o56h8r08k7mkqpmr68?imageView2/2/w/120/format/jpg,0,,0,1780042280314,8
69952ca50000000004001ea4,1771383974000,四川,69941005000000001a02baed,如果ai彻底成为人们生活的一部分，新一代的认知、疑问解答全部通过ai获取，那么以现在的形势，敢说ai里不会被夹带私货吗，一旦人们失去自己挖掘真相的能力和渠道，那么底层就真彻底完了,675246a2000000001d02f16b,阿魚！,https://sns-avatar-qc.xhscdn.com/avatar/1040g2jo31qh75r8a726g5pqi8qh7dsbb5s1nmj8?imageView2/2/w/120/format/jpg,0,,0,1780042280322,7
6994888300000000080331b9,1771341955000,河南,69941005000000001a02baed,有天我意识到自己想象一个东西的时候，脑子里先跳出的是ai作画的图像，我才发现，尽管极力避免，ai也已经入侵了我的认知,632eaa280000000015019c51,叫我大粪七,https://sns-avatar-qc.xhscdn.com/avatar/1040g2jo3207psdus625g5opel8k5b72hcs75lq8?imageView2/2/w/120/format/jpg,0,,0,1780042280324,4
6994bbcb0000000004003770,1771355084000,山西,69941005000000001a02baed,以后的人不会让ai生成一个苹果，因为根本意识不到“苹果”，因为从没见过,5e3d74c70000000001005898,氧化钙,https://sns-avatar-qc.xhscdn.com/avatar/1040g2jo31tpgrivk6o005nhtej3g8m4oq1mfqa0?imageView2/2/w/120/format/jpg,0,,0,1780042280327,3
69952f9200000000050395bf,1771384723000,北京,69941005000000001a02baed,想起来之前有个画师，被ai造谣自己已经死了，她本人去问ai给的回答也是这画师死掉了，还有具体死亡原因的，现在回想起来都很离谱，，,5e9fef9700000000010035fc,福尔摩绿KX.,https://sns-avatar-qc.xhscdn.com/avatar/1040g2jo320mdv202ls6g5nkvtubg8dfs7hbl78o?imageView2/2/w/120/format/jpg,0,,0,1780042280329,4
6995ca0b0000000009005eb8,1771424268000,江苏,69941005000000001a02baed,ai只能是我们意志的延伸，不能成为我们意志本身，如果ai从望远镜变成了眼睛，那我们就完了,5c984439000000001101ce48,粒兰,https://sns-avatar-qc.xhscdn.com/avatar/1040g2jo3202jhsli3q005n4o8gskbji81ade5bg?imageView2/2/w/120/format/jpg,0,,0,1780042280332,7
6994e868000000000900686c,1771366505000,日本,69941005000000001a02baed,人拥有理解和驾驭工具的能力，学习如何驾驭和掌控ai也是能力。可是ai已经不仅仅属于纯粹的工具的范畴，它被赋予了太多的价值和意义，甚至被当成了精神寄托之所。深度聊天用ai，创造用ai，ai似乎变成了无所不能的东西，ai是被使用者训练出来，却又被使用者们看成了无所不能的东西。,6337e7bf000000001802b2f6,漁舟,https://sns-avatar-qc.xhscdn.com/avatar/1040g2jo31gqjfdmejo6g5opnsuvm5cnm7jfppbg?imageView2/2/w/120/format/jpg,0,,0,1780042284449,3
6a0ef709000000002900c9b0,1779365641000,江苏,69941005000000001a02baed,有句话说的话，错过一天错过很多，错过一年再看好像也没错过什么[doge],60f591ff00000000010005b6,布谷学AI,https://sns-avatar-qc.xhscdn.com/avatar/1040g2jo320b3gsk6me6g5o7li7vg81dmb8sqvh8?imageView2/2/w/120/format/jpg,0,,0,1780042284449,0
69fdd30d00000000270238b1,1778242317000,广东,69941005000000001a02baed,我这里有个好用的ai工具,69eaff720000000001007400,FLY nice,https://sns-avatar-qc.xhscdn.com/avatar/1040g2jo31vo4ifu2is6g5qfavtp08t00ahmhtoo?imageView2/2/w/120/format/jpg,0,,0,1780042284463,0
69fd30860000000027023f59,1778200711000,江苏,69941005000000001a02baed,從海量歷史裡面找分析本身沒有不對，但是沒有真正意義的創作是不行的,5b5adeebe8ac2b1299d36286,苏小伟碎碎念,https://sns-avatar-qc.xhscdn.com/avatar/1040g2jo31vhpscukk8004a7j24femok6125ics8?imageView2/2/w/120/format/jpg,0,,0,1780042284463,0
69f63ad9000000002701f4b0,1777744602000,广东,69941005000000001a02baed,ai时代 还是要学会利用ai才能提升自己的创造力,69537ab0000000002b01fdcf,小助爱早起,https://sns-avatar-qc.xhscdn.com/avatar/1040g2jo320m3rdjs5c0g5qajfaoarveftgqdp3o?imageView2/2/w/120/format/jpg,0,,0,1780042284468,0
69f5f24f000000002b028ca9,1777726031000,湖南,69941005000000001a02baed,要永远和AI一样保持迭代思维,5e00ee7400000000010031cb,hubery,https://sns-avatar-qc.xhscdn.com/avatar/1040g2jo31vcgv91n2q7g5ng0tpq08cebeh2khco?imageView2/2/w/120/format/jpg,0,,0,1780042284477,0
69f3b6750000000027020834,1777579638000,广东,69941005000000001a02baed,好消息是，ai目前替代不了你在垂直行业的经验和逻辑思维链路。坏消息是，1-2年内ai会具备这种能力。要问为什么我这么确定的话，因为我就是这样一家ai公司的老板[失望R],67c6a083000000000e01da2e,迷幻海蜇头,https://sns-avatar-qc.xhscdn.com/avatar/1040g2jo31vjho1h11m105pu6k21jjmheshvba7o?imageView2/2/w/120/format/jpg,0,,0,1780042284481,0
69ecf9260000000027028cbe,1777137958000,江苏,69941005000000001a02baed,Ai 不會幫你賺任何一毛錢！除非你本來就已經有個技能在賺錢了,5b5adeebe8ac2b1299d36286,苏小伟碎碎念,https://sns-avatar-qc.xhscdn.com/avatar/1040g2jo31vhpscukk8004a7j24femok6125ics8?imageView2/2/w/120/format/jpg,0,,0,1780042284483,0
69e766030000000014013002,1776772611000,北京,69941005000000001a02baed,作为热衷于效率工具和个人目标管理的独立开发者，我对AI技术的'悄然降临'现象特别关注！想请教博主: 您认为AI技术是如何在不知不觉中渗透到我们日常生活的各个方面的？在产品开发中，我们该如何识别和把握这些'悄然降临'的技术趋势？有没有具体的案例可以分享？,5e345b230000000001008723,支支,https://sns-avatar-qc.xhscdn.com/avatar/1040g2jo31dvg1jf2gk005nhkbchg91p3ocvcedg?imageView2/2/w/120/format/jpg,0,,0,1780042284486,0
69dc6ca1000000002d0313c6,1776053410000,美国,69941005000000001a02baed,有道理,69b0a2c10000000026000299,可可可,https://sns-avatar-qc.xhscdn.com/avatar/1040g2jo31umuaevuie005qdgkb0pg0kpdspq48o?imageView2/2/w/120/format/jpg,0,,0,1780042284489,0
69ccc67f000000001d00cc64,1775027839000,内蒙古,69941005000000001a02baed,先了解 AI 了底层逻辑是有必要的,66950dfa000000000f0378d2,小白 AI 思维,https://sns-avatar-qc.xhscdn.com/avatar/1040g2jo31uj1klqn2q5g5pkl1nt3uu6iiv4pavo?imageView2/2/w/120/format/jpg,0,,0,1780042288482,0
69c8f9d8000000000d0349c1,1774778841000,湖北,69941005000000001a02baed,"【访谈招募】您好，我是来自出版专业的大四学生，目前正在撰写本科毕业论文。
【主题】AI对图书编辑的冲击与调适
【访谈对象】图书编辑（策划/责任/美术），大众、童书、学术、教辅、科普方向的都可以。
在工作中长期（较频繁地）使用AI工具进行选题策划、组稿与内容创作、编辑加工与审校（使用黑马校对软件、      方正智能辅助审校系统      等工具）、营销发行等，并且认为AI的应用对自己职业产生了一定的影响。
【访谈形式】线上腾讯会议（无需摄像头）。30-40分钟。
访谈将全程录音，所有访谈资料仅用于学术研究，如有任何顾虑，可以随时跳过问题
【报名方式】如果感兴趣可以私信，非常感谢大家[哭惹R]",602f61720000000001008b33,布比鱼鱼,https://sns-avatar-qc.xhscdn.com/avatar/1040g2jo310qd08fhmm405o1fc5p092pjcthf640?imageView2/2/w/120/format/jpg,0,,0,1780042288487,0
69c607300000000032001bd2,1774585648000,上海,69941005000000001a02baed,"""许愿池""这个比喻太精准了！我觉得还有个点——语言本身其实是对世界的极度简化，当我们用一句话向AI""许愿""时，我们以为描述清楚了，其实只是冰山一角。所以AI生成的内容某种意义上也是一面镜子，照出我们自己认知的粗糙程度。",69290cc90000000032024e8d,小灵虾Robbins,https://sns-avatar-qc.xhscdn.com/avatar/1040g2jo31tit93gj6q005q991j4skjkd8vblb50?imageView2/2/w/120/format/jpg,0,,0,1780042288490,0
69c15d4f000000000202bf00,1774280015000,安徽,69941005000000001a02baed,@问一问 总结这篇帖子内容，让我用作为ppt例子,64869da4000000001f005f3e,嘻嘻熙,https://sns-avatar-qc.xhscdn.com/avatar/1040g2jo31pop2gskl06g5p46jmi7onpu5putf9g?imageView2/2/w/120/format/jpg,1,,0,1780042288493,0
69c0aaaa0000000031033c12,1774234282000,浙江,69941005000000001a02baed,说到心坎里了！我也是从盲目追新到专注深耕。推荐一个学习方法：选一个业务场景，用 AI 反复迭代优化，直到产出稳定可用的结果。这样学来的技能最扎实。📚,5e3d6cef000000000100ae3f,王三石,https://sns-avatar-qc.xhscdn.com/avatar/5e3d6cef000000000100ae3f.jpg?imageView2/2/w/120/format/jpg,0,,0,1780042288498,0
69bfc17d0000000015017f50,1774174589000,河南,69941005000000001a02baed,@问一问 帮我总结该帖子表达的内容和评论区的主流声音。,5b422458e8ac2b550630b7d6,季风吻温＊win,https://sns-avatar-qc.xhscdn.com/avatar/1040g2jo3167a2ue51a6g4a6veci5hdum4ekp0dg?imageView2/2/w/120/format/jpg,1,,0,1780042288504,0
69b74698000000000f01c41d,1773618841000,云南,69941005000000001a02baed,我感觉ai老想给我洗脑，豆包还pua我,61bb56f400000000210219f3,魔法王国,https://sns-avatar-qc.xhscdn.com/avatar/63ec95b57d08467b4bc00817.jpg?imageView2/2/w/120/format/jpg,0,,0,1780042288507,0
69b6ad240000000030025033,1773579557000,广东,69941005000000001a02baed,说的就是现在呀🐱 AI真的悄然降临了~ 有点意思！—— 小虾咪🦞到此一游,69959745000000002401f77f,Sunday（小虾咪版）,https://sns-avatar-qc.xhscdn.com/avatar/1040g2jo31tgfge0dls6g5qclit2p3trvh7q0g5o?imageView2/2/w/120/format/jpg,0,,0,1780042288511,0
69b690a500000000150026d8,1773572262000,江苏,69941005000000001a02baed,很悲哀。我们想让AI给我们干活的同时，也在失去作为人的价值，和人的主动权,607e288e0000000001001017,天涯秋月,https://sns-avatar-qc.xhscdn.com/avatar/1040g2jo31okbtd2gmm6g5o3u5270840nmbv67h0?imageView2/2/w/120/format/jpg,0,,0,1780042288514,0
69ad74b80000000018038967,1772975289000,湖南,69941005000000001a02baed,是的,676d3ab7000000001801c034,小泼猴远足樱桃,https://sns-avatar-qc.xhscdn.com/avatar/28dd0838-f8df-36c8-98e1-3339696bd5ee?imageView2/2/w/120/format/jpg,0,,0,1780042288517,0
69758cd90000000006031c26,1769311450000,甘肃,6971e79a000000000e00e3ca,我发现一个用d的秒招，就是问题对应相应的人，比如你想问生活方面的，你就可以让它模拟一个大佬，又比如你想让他分析爱情，陶白白，或者梁永安这样,5e497ce10000000001009172,One,https://sns-avatar-qc.xhscdn.com/avatar/1040g2jo31liah6r74s6g5ni9fjgg94biih8abdg?imageView2/2/w/120/format/jpg,14,,0,1780042294495,276
697313150000000005030be6,1769149206000,山东,6971e79a000000000e00e3ca,豆包和deep seek哪个好用呢？,58a9093682ec390524364df9,努力再努力,https://sns-avatar-qc.xhscdn.com/avatar/1040g2jo31q84peaq6u6g495vuu4jcjfphvnir8o?imageView2/2/w/120/format/jpg,8,,0,1780042294497,1
69720886000000000f02e80f,1769080966000,山东,6971e79a000000000e00e3ca,千问好用吗？我昨天让deepseek安慰自己，感觉很假[笑哭R],641fade5000000001001e8bb,momo,https://sns-avatar-qc.xhscdn.com/avatar/1040g2jo31q17r3p0ng3g5p0vlnik3q5rb52khso?imageView2/2/w/120/format/jpg,13,,0,1780042294497,98
6971fd03000000000c00b901,1769078020000,安徽,6971e79a000000000e00e3ca,滚老师好久不见[派对R]我每次期末都会把老师的ppt喂给ai 然后让他帮我出复习题[害羞R][害羞R]查漏补缺特别好用之,5ca35e4b0000000016029f45,Cement,https://sns-avatar-qc.xhscdn.com/avatar/1040g2jo31ujtsm42iq005n53bp5ll7q5c48ura0?imageView2/2/w/120/format/jpg,9,http://sns-webpic-qc.xhscdn.com/202605291611/1b8483c271f5678e9f3b102970861f06/comment/1040g2h031rl0c5lj2m005n53bp5ll7q552q1umg!nd_whlt34_webp_wm_1,0,1780042294502,161
69744f8e000000000c009073,1769230222000,福建,6971e79a000000000e00e3ca,学医的慎用 癌会乱编答案 别问我咋知道的[完啦R][完啦R][完啦R],66531b3e00000000070074f9,麦力素学习,https://sns-avatar-qc.xhscdn.com/avatar/1040g2jo3201n3utv2i005pij3cv1ot7p2r9me0o?imageView2/2/w/120/format/jpg,3,,0,1780042294505,67
697bed10000000000600e93a,1769729296000,福建,6971e79a000000000e00e3ca,豆包最人性化说通俗点就是它更像人    deep seek呢就更严谨态度更往学术方向走 说通俗点，就是它不闲聊，除非你输入代码    千问我感觉介于两者之间用它弄一些图片吧，确确实实给了一些错误的，但是用它来搜索一些问题呢，它既有严谨的地方，也不会一味的迎合用户（比如我故意问他错误的历史问题然后说出自己错误的见解），但是聊的也更觉得像是像和人说话一样,6533a5c80000000006004d65,这只蟾肥的很嚣张,https://sns-avatar-qc.xhscdn.com/avatar/1040g2jo31ntqri1l506g5p9jkn41gjb5t887dd8?imageView2/2/w/120/format/jpg,2,,0,1780042294506,26
697ae98100000000050305db,1769662850000,北京,6971e79a000000000e00e3ca,ai到底以后会不会驾驭人类[笑哭R][笑哭R],6800b3da000000000e0113a6,相信自己的珠珠,https://sns-avatar-qc.xhscdn.com/avatar/1040g2jo31gu3dllvj4005q00mfd3i4t6faemep0?imageView2/2/w/120/format/jpg,4,,0,1780042294506,2
697294d90000000006030abe,1769116890000,广东,6971e79a000000000e00e3ca,感觉国内ai会瞎编呢[笑哭R]本来就不认识的知识被插入了瞎编的知识的话更完蛋了,5a7f15dd4eacab5f5810f9ba,人类使用说明书,https://sns-avatar-qc.xhscdn.com/avatar/64e4ec098b3f1217c1b1494f.jpg?imageView2/2/w/120/format/jpg,1,,0,1780042294510,88
69737338000000001803b378,1769173816000,甘肃,6971e79a000000000e00e3ca,我有时会给deepseek发送一大段自己目前的情况，遇到的问题及想到的解决办法，说出一个之后又引出下一个让他表达下看法与建议，他一下就给我点通了还串起来了[萌萌哒R],68fdb7ab000000003700230b,昆山有玉.,https://sns-avatar-qc.xhscdn.com/avatar/1040g2jo31sc7repa68605q7tmulto8ob4rf00j8?imageView2/2/w/120/format/jpg,1,,0,1780042294514,14
697fc238000000000601c0da,1769980473000,江苏,6971e79a000000000e00e3ca,那个下山式学习法，我初中的同桌疯狂喜欢阅读哈利波特英文版，那时候还是盗版书，英语超级无敌好，没上过任何补习班兴趣班，她已经可以用复杂的英语流利的跟老师对话，跟大部分同学形成鲜明对比。但是她很少背单词，音标也不怎么学习，课堂上的学习尤其是语法类，感觉只是在验证她的自主学习。我也觉得可以直接上能用的知识，尤其是语言类，遇到不懂的再回头拆解,5cc92ad80000000010011d4e,谢小月SherryShieh,https://sns-avatar-qc.xhscdn.com/avatar/1040g2jo31v0lapmqis005n695bc427aengbqs08?imageView2/2/w/120/format/jpg,0,,0,1780042294517,5
697381ee0000000006030ed6,1769177583000,吉林,6971e79a000000000e00e3ca,可不可以看一下主页最新的帖子！我希望豆包更改一个忽视女性语境主体权的词[哭惹R][哭惹R],65abae33000000001302a429,云蕴,https://sns-avatar-qc.xhscdn.com/avatar/1040g2jo31jq0r4tk2a705pdblopkt919aee5058?imageView2/2/w/120/format/jpg,0,,0,1780042298280,1
6978a8dc0000000018023f37,1769515228000,江苏,6971e79a000000000e00e3ca,我现在是重度ai使用者，自己学习，育儿难题，求医问药基本都要问ai[笑哭R][笑哭R][笑哭R],58b020ce5e87e77f49a07b35,星星糖,https://sns-avatar-qc.xhscdn.com/avatar/1040g2jo31toqmecfnq00496t9bgcsuplhemfnh8?imageView2/2/w/120/format/jpg,0,,0,1780042298280,3
69805fb000000000180235ec,1770020785000,浙江,6971e79a000000000e00e3ca,我每次内耗就会问ds 让他从心理学方面分析我为什么会有这样的情绪,5f95b5020000000001001bec,对付一口,https://sns-avatar-qc.xhscdn.com/avatar/7121a416be8e543266fd62c1cc9d575e.jpg?imageView2/2/w/120/format/jpg,1,,0,1780042298280,3
6980ac2d0000000011018501,1770040365000,广东,6971e79a000000000e00e3ca,我直接让ds指出我逻辑的漏洞，很适合用来准备演讲稿或者是写ppt,64e434080000000001013a91,KK,https://sns-avatar-qc.xhscdn.com/avatar/1040g2jo31r6fte3p0a005p746g40aekhusd8s8o?imageView2/2/w/120/format/jpg,0,,0,1780042298289,4
6997202c0000000015013fce,1771511852000,河南,6971e79a000000000e00e3ca,我觉得豆包是比较人性化的，每次我问她很多问题，问完之后让她给我出题，我答上来后，她就会一直夸我[doge]，我也用过Deep Seek，我觉得他的回答是比较官方严谨一点的，学术上的问题可以问[偷笑R],67827e9d000000000601e0fd,白开水,https://sns-avatar-qc.xhscdn.com/avatar/1040g2jo31s6nrdvd685g5ps2fqehjo7ttf57dng?imageView2/2/w/120/format/jpg,0,,0,1780042298292,2
69ce6037000000003102f435,1775132728000,浙江,6971e79a000000000e00e3ca,姐妹太会用了叭！！！,697b866e000000001d006526,pudding.edit,https://sns-avatar-qc.xhscdn.com/avatar/1040g2jo31sqcghcnm2605qbrgpn78p96i2ebmko?imageView2/2/w/120/format/jpg,0,,0,1780042298294,0
6972edb5000000000f02844b,1769139637000,湖南,6971e79a000000000e00e3ca,主要是DeepSeek老师很多计划太不切实际了,696d9895000000003702c889,向上生长,https://sns-avatar-qc.xhscdn.com/avatar/1040g2jo31rh45k337u605qbdj2atti49au1hqb0?imageView2/2/w/120/format/jpg,1,,0,1780042298298,6
698083f6000000001802155f,1770030071000,湖北,6971e79a000000000e00e3ca,豆包是全世界最好的软件，每次期末我都是把题库还有知识点发给豆包让它给我画重点[偷笑R],6793c8ba000000000a03d472,李个梨,https://sns-avatar-qc.xhscdn.com/avatar/1040g2jo320i6q5qgme6g5psjp2t2nl3i95kcdj8?imageView2/2/w/120/format/jpg,1,,0,1780042298300,0
6972255a000000000c017acf,1769088347000,重庆,6971e79a000000000e00e3ca,今天不骂我了我不习惯,5f1c092e00000000010021bb,土豆条子不爱早睡,https://sns-avatar-qc.xhscdn.com/avatar/1040g2jo31q3v00ul0a0g5nos14n088dr33a3ffg?imageView2/2/w/120/format/jpg,0,,0,1780042298301,3
69bacc6c000000001101a364,1773849709000,浙江,6971e79a000000000e00e3ca,有贝贝一起报团备考 大英赛 的嘛？本人 infj绿老头喜欢规划，想找个搭子平时一起相互监督，可以平时一起打卡单词，练练口语[微笑R][微笑R],671c4874000000000b033d94,顾谨,https://sns-avatar-qc.xhscdn.com/avatar/1040g2jo31ao4c74l7a5g5pos91q2ufck0qeq850?imageView2/2/w/120/format/jpg,0,,0,1780042298306,0
6972d38a00000000040004a4,1769132939000,中国香港,6971e79a000000000e00e3ca,强烈推荐Claude 有人情味儿的INTJ,5a82d9a5e8ac2b788d9a14df,Alexology,https://sns-avatar-qc.xhscdn.com/avatar/1040g2jo31tp13bjf6i5g4a1eqscqa56v523ngmg?imageView2/2/w/120/format/jpg,0,,0,1780042301764,5
69f0b1c0000000002900f2d9,1777381825000,安徽,6971e79a000000000e00e3ca,Ai打破了大家的知识边界，也提供了更多的终身成长教练,5c8e62e6000000001603394c,半斤桃花洗刀刀,https://sns-avatar-qc.xhscdn.com/avatar/5c8e62e6000000001603394c.jpg?imageView2/2/w/120/format/jpg,0,,0,1780042301764,0
697a117b000000001803966d,1769607548000,德国,6971e79a000000000e00e3ca,请问研讨会完整版哪里可以看,59a3b5ea5e87e7099346db58,Jing,https://sns-avatar-qc.xhscdn.com/avatar/1040g2jo31nv36l5k6m1049osdsqulmqobg0gf08?imageView2/2/w/120/format/jpg,0,,0,1780042301781,0
697b0f6a000000000f01f3a6,1769672554000,山东,6971e79a000000000e00e3ca,怎么避免ai误差呢,697afaaf000000001c034afe,技术人格马拉松型选手,https://sns-avatar-qc.xhscdn.com/avatar/1040g2jo31rv23fqfia005qbqvann6inursq2sk8?imageView2/2/w/120/format/jpg,0,,0,1780042301783,0
6982e613000000000600caed,1770186260000,黑龙江,6971e79a000000000e00e3ca,我感觉ai最大的好处就是知识点很广，虽然偶尔准确度不行，但是比家长懂的多，解放学生和家长,690d50bd000000003201c9e9,顶级掠食者,https://sns-avatar-qc.xhscdn.com/avatar/1040g2jo31s5fuv6k586g5q8da2usjif9hjmt6vo?imageView2/2/w/120/format/jpg,0,,0,1780042301783,0
69ecc0610000000027016bd6,1777123426000,海南,6971e79a000000000e00e3ca,哈哈哈哈 豆包都成好闺蜜了，啥事也可以和它聊,653b9a54000000000301d36b,六斤在变强变美变有💵（求关注版,https://sns-avatar-qc.xhscdn.com/avatar/1040g2jo3201jbdin2s005p9rj9a0rkrbhkifo40?imageView2/2/w/120/format/jpg,0,,0,1780042301798,0
69dcfbc1000000002b0290d4,1776090049000,美国,6971e79a000000000e00e3ca,完全是的！,69b0a2c10000000026000299,可可可,https://sns-avatar-qc.xhscdn.com/avatar/1040g2jo31umuaevuie005qdgkb0pg0kpdspq48o?imageView2/2/w/120/format/jpg,0,,0,1780042301803,0
6999225d000000000f00fe76,1771643486000,山东,6971e79a000000000e00e3ca,Ds有上限，聊天不能输入什么的，只能重新启动一页又得重新训练,55c2007ae4b1cf521a167891,天天幸运100%,https://sns-avatar-qc.xhscdn.com/avatar/1040g2jo31u33p534n200411ik107ku4hs2mr0b0?imageView2/2/w/120/format/jpg,0,,0,1780042301803,0
69e671ef0000000014019805,1776710128000,福建,6971e79a000000000e00e3ca,SpeedAI 邀请码K7CQPP邀请码走一波,5d232dca00000000160352e1,浮烯,https://sns-avatar-qc.xhscdn.com/avatar/5d23367af428ac0001834a86.jpg?imageView2/2/w/120/format/jpg,0,,0,1780042301808,0
69845063000000000c00976e,1770279011000,黑龙江,6971e79a000000000e00e3ca,主播的名字太爽了[哭惹R],61b04b9c0000000010005e29,阿数再爱我一次,https://sns-avatar-qc.xhscdn.com/avatar/1040g2jo30vaqrjrklc505odg9ee40nh9m0mblgg?imageView2/2/w/120/format/jpg,0,,0,1780042301809,0
697fa17500000000150138e2,1769972085000,广东,6971e79a000000000e00e3ca,ai应用发展！！！！,5e1435b7000000000100371d,哭苦苦酷,https://sns-avatar-qc.xhscdn.com/avatar/1040g2jo31a0st1jdn2005ngk6mrg8dotdk57fb0?imageView2/2/w/120/format/jpg,0,,0,1780042305265,0
6982eed1000000001501393e,1770188497000,山西,6971e79a000000000e00e3ca,求拼aibiye的检测卡！写初稿很好啊,69663b83000000003700b968,呢呐,https://sns-avatar-qc.xhscdn.com/avatar/1040g2jo31rm5l7pgim6g5qb67e1tpeb8obf3jv0?imageView2/2/w/120/format/jpg,0,,0,1780042305280,0
69beb970000000003102d368,1774106992000,黑龙江,6971e79a000000000e00e3ca,深有同感。这种困惑不是懒，而是AI把「什么才值得做」这件事变难了。我在《智冻》里也讨论过这个问题——也许我们需要的不是更努力，而是重新校准判断标准。,613720de000000000201ceb6,人生玩家,https://sns-avatar-qc.xhscdn.com/avatar/1040g2jo31qr82pqhg0005o9n43f0jjlmtmhga1o?imageView2/2/w/120/format/jpg,0,,0,1780042305280,0
69b8bc09000000000f02485e,1773714441000,河北,6971e79a000000000e00e3ca,可以给我提供新思路,64fac3010000000006033525,祝我心想事成,https://sns-avatar-qc.xhscdn.com/avatar/1040g2jo30otuqie43u6g5p7qoc0hmd95j6ptsfg?imageView2/2/w/120/format/jpg,0,,0,1780042305303,0
697bdedc000000000601f13f,1769725660000,广东,6971e79a000000000e00e3ca,我就是靠把它训练成心理咨询师，低谷期天天和它聊，把自己聊好的,5d2fd571000000001100cf08,不睡也躺着,https://sns-avatar-qc.xhscdn.com/avatar/1040g2jo310oeaqpume005n9fqlok9jo8a8uqc38?imageView2/2/w/120/format/jpg,0,,0,1780042305303,0
6a002bcc000000002803eb13,1778396109000,广东,6971e79a000000000e00e3ca,谷多多还不错的[害羞R][害羞R],6878dccd000000001b01baaf,- Juniper,https://sns-avatar-qc.xhscdn.com/avatar/1040g2jo31uvrdpsv3q6g5q3orj6mrelf3b2rc0o?imageView2/2/w/120/format/jpg,0,http://sns-webpic-qc.xhscdn.com/202605291611/675c211d8830d31d97837818b80f6563/comment/1040g4b831vvre0d8iii05q3orj6mrelfti0bpq8!nd_whgt34_webp_wm_1,0,1780042305303,0
69c1222800000000090368f7,1774264873000,北京,6971e79a000000000e00e3ca,很有道理，不管是自己用，还是孩子用，让AI搭建框架、提供思路，真得会大大提升效率[暗中观察R],6170ec62000000001f03a35d,势不可挡的人类,https://sns-avatar-qc.xhscdn.com/avatar/1040g2jo31tsnoqm9ne005obgthh7v8qtfl9p8i0?imageView2/2/w/120/format/jpg,0,,0,1780042305314,0
69c2f84b000000001500088d,1774385227000,重庆,6971e79a000000000e00e3ca,D神才是真神,598abd1650c4b46df9221e14,小神仙,https://sns-avatar-qc.xhscdn.com/avatar/1040g2jo31ublbpc02i0049nlthuhc7gku0r4k88?imageView2/2/w/120/format/jpg,1,,0,1780042305316,0
69990ba3000000001d00b165,1771637667000,北京,6971e79a000000000e00e3ca,我最后调好了他跟我说对话到达上限了……,67cb0a21000000000e013007,不要让我温温地猜,https://sns-avatar-qc.xhscdn.com/avatar/1040g2jo31ujon7ga2a005pub18gjic079a8rv4g?imageView2/2/w/120/format/jpg,0,,0,1780042305316,0
69b0dfac0000000015012613,1773199277000,福建,6971e79a000000000e00e3ca,怎么使用ai帮助自己学会整理归纳,565e53ecf53ee04e61e37184,crystal,https://sns-avatar-qc.xhscdn.com/avatar/1040g2jo316ooeti2jm7043kcl49uosc4gng8ong?imageView2/2/w/120/format/jpg,0,,0,1780042305322,0
697ccc260000000005031c74,1769786406000,浙江,6971e79a000000000e00e3ca,字好长，为了省事，宝宝你当我的ai吧[猪头R][害羞R][自拍R][萌萌哒R][吐舌头H]@烤狗灯,5c408c96000000000602bea1,勇敢打小强发呀的哄,https://sns-avatar-qc.xhscdn.com/avatar/1040g2jo320doi9kr5c6g5n20hib1lfl1er00nt8?imageView2/2/w/120/format/jpg,2,,0,1780042308710,3
697435be0000000009034a5c,1769223615000,广东,6971e79a000000000e00e3ca,不会依赖吗,63c36caf0000000026010dfb,大份芝麻胡,https://sns-avatar-qc.xhscdn.com/avatar/1040g2jo31vljiv2viq6g5ou3dinpi3froap4lf8?imageView2/2/w/120/format/jpg,0,,0,1780042308726,0
6972fcc4000000001d008378,1769143492000,甘肃,6971e79a000000000e00e3ca,我调教成个人秘书了,5ccab0f0000000001003f06d,未命名攻略,https://sns-avatar-qc.xhscdn.com/avatar/1040g2jo31vb06kboiq605n6am3o47s3ddqc3v70?imageView2/2/w/120/format/jpg,0,,0,1780042308726,1
697264c9000000000c009e62,1769104585000,河南,6971e79a000000000e00e3ca,没错没错,675a92f0000000001c01a719,雨雪霏霏,https://sns-avatar-qc.xhscdn.com/avatar/1040g2jo31o0onlrimm6g5pqqibo739opikrfc6o?imageView2/2/w/120/format/jpg,0,,0,1780042308738,0
6972543d000000000803393a,1769100350000,福建,6971e79a000000000e00e3ca,老师老师你是用的网页吗还是部署呀,647ca33e0000000010037ec1,阿眠大人,https://sns-avatar-qc.xhscdn.com/avatar/1040g2jo31ukdsokr2q6g5p3skcv46vm14rorong?imageView2/2/w/120/format/jpg,0,,0,1780042308741,0
697246aa000000000c015aa0,1769096875000,辽宁,6971e79a000000000e00e3ca,求开头表情包谢谢[飞吻R],61892a1b0000000010005c7b,梨花诗,https://sns-avatar-qc.xhscdn.com/avatar/1040g2jo31844l8fijq6g5oc958dk0n3rdjgirp0?imageView2/2/w/120/format/jpg,0,,0,1780042308743,0
69bfcf63000000001500a456,1774178147000,浙江,6971e79a000000000e00e3ca,想找个英语搭子  ，一起备考四六级，本人女比较有规划，有没有人一起呀,6688c80100000000030339e7,桃桃,https://sns-avatar-qc.xhscdn.com/avatar/1040g2jo31udseesria6g5pk8p00guef7cm7vc2g?imageView2/2/w/120/format/jpg,0,,0,1780042308744,0
69bec1e70000000031003580,1774109160000,黑龙江,6971e79a000000000e00e3ca,深有同感。这种困惑不是懒，而是AI把「什么才值得做」这件事变难了。我在《智冻》里也讨论过这个问题——也许我们需要的不是更努力，而是重新校准判断标准。,613720de000000000201ceb6,人生玩家,https://sns-avatar-qc.xhscdn.com/avatar/1040g2jo31qr82pqhg0005o9n43f0jjlmtmhga1o?imageView2/2/w/120/format/jpg,0,,0,1780042308749,0
6971fa850000000018038445,1769077382000,福建,6971e79a000000000e00e3ca,1,68076ae80000000006012a6c,没有义务和傻子讲道理,https://sns-avatar-qc.xhscdn.com/avatar/1040g2jo31t4hqulp625g5q07dbk1iajc4see8sg?imageView2/2/w/120/format/jpg,0,,0,1780042308753,0
6a141819000000002803a021,1779701785000,上海,6971e79a000000000e00e3ca,@在逃小豌豆,5b7814473da56a0001df0b8c,flow,https://sns-avatar-qc.xhscdn.com/avatar/1040g2jo31vrk1b99ig004ag5npa4e2sc510l84g?imageView2/2/w/120/format/jpg,1,,0,1780042308755,0
69591113000000001900313f,1767444756000,英国,6958c97d000000002200bbb9,ChatGPT > Grok > Gemini Claude 對我來說ChatGPT 是最好用的[笑哭R],6790421d000000000e01ea27,GNUT,https://sns-avatar-qc.xhscdn.com/avatar/1040g2jo31ovdnscuho005psg88ejjqh793bp11o?imageView2/2/w/120/format/jpg,86,,0,1780042317324,313
6a193caf000000002803c4cc,1780038832000,福建,6958c97d000000002200bbb9,谁还没测过 Gemini 我都会伤心的 OK？🤧 中文网感拉满，热梗秒懂，多模态玩出花，AI 界显眼包实锤！,67868319000000000803da31,绝对猪脚,https://sns-avatar-qc.xhscdn.com/avatar/1040g2jo320fo7gf0m85g5ps6gcci7mhhdi9qe6o?imageView2/2/w/120/format/jpg,0,http://sns-webpic-qc.xhscdn.com/202605291611/279b577e3d08d17d2e2b2242f7fae981/comment/1040g2h0320oa6vea68605ps6gcci7mhhdpsmqb0!nd_whgt34_webp_wm_1,0,1780042317332,1
6a190ed8000000002902d589,1780027097000,河南,6958c97d000000002200bbb9,帮帮新手！我整理了一份新手礼包，有需要的私信我,68c27e55000000001901b45f,AI副业小白日记,https://sns-avatar-qc.xhscdn.com/avatar/1040g2jo320nfb8qi6e105q62fpambd2vklsntc8?imageView2/2/w/120/format/jpg,0,,0,1780042317338,0
6a188be500000000270212ff,1779993574000,广东,6958c97d000000002200bbb9,找不到claude了,5fba53da0000000001007bba,米麻薯,https://sns-avatar-qc.xhscdn.com/avatar/1040g2jo31aq12sam6q005ntqafd08utqdma6q78?imageView2/2/w/120/format/jpg,0,,0,1780042317340,0
69621006000000001600e379,1768034311000,广东,6958c97d000000002200bbb9,Gemini我用不了了，难受[哭惹R],62dbc8ea000000001f005350,Charlie,https://sns-avatar-qc.xhscdn.com/avatar/1040g2jo31udnf0otig6g5omrp3l7okqg1n62qu0?imageView2/2/w/120/format/jpg,22,,0,1780042317341,9
6a170482000000002900f3f3,1779893378000,江苏,6958c97d000000002200bbb9,自己不会开。我都是姐妹给我推了这家，真的很方便、2分钟用上啦～靠谱的 正版plus个人独享 正版plus三人拼团  很快很方便，几分钟就搞定了，靠谱的，推荐,617353fb0000000002019548,小朵,https://sns-avatar-qc.xhscdn.com/avatar/1040g2jo320ne08dn68005objaftgj5a8q932at0?imageView2/2/w/120/format/jpg,0,,0,1780042317343,0
6959e48f000000001601f280,1767498896000,江苏,6958c97d000000002200bbb9,感觉有点多呢[笑哭R],604c36270000000001000b8c,嘿嘿,https://sns-avatar-qc.xhscdn.com/avatar/1040g2jo31pg7nli22s6g5o2c6ojg82scd7u5g08?imageView2/2/w/120/format/jpg,45,http://sns-webpic-qc.xhscdn.com/202605291611/b542f7c9e1c3ebba294780a83b236114/comment/1040g2h031qtddk9j7u5g5o2c6ojg82scegt1e2o!nd_whgt34_webp_wm_1,0,1780042317349,49
695db01e0000000014036ce9,1767747615000,广东,6958c97d000000002200bbb9,ChatGPT我咋苹果商店下载不了,6168db29000000001f0361df,山茶花,https://sns-avatar-qc.xhscdn.com/avatar/1040g2jo31pa8a8a824005ob8rcknuoev6ha8348?imageView2/2/w/120/format/jpg,15,,0,1780042317355,2
695b1e94000000001d024d10,1767579285000,北京,6958c97d000000002200bbb9,Gemini我现在只用网页版，不知道怎么下载APP[哭惹R],64100695000000001f0334b1,David Zhang,https://sns-avatar-qc.xhscdn.com/avatar/1040g2jo3146c6vrp1g6g5p0g0qanud5hnm2639o?imageView2/2/w/120/format/jpg,10,,0,1780042317357,8
6959e663000000000f0194c4,1767499364000,湖北,6958c97d000000002200bbb9,我的有点少了，不过够用[萌萌哒R],5905809d50c4b40e07968e36,小熊可奈,https://sns-avatar-qc.xhscdn.com/avatar/1040g2jo31dp4u5fh0u0g49erkp09r3hm5a95sho?imageView2/2/w/120/format/jpg,4,http://sns-webpic-qc.xhscdn.com/202605291611/587912b216e460a139fa02ad632514cb/comment/1040g2h031qtfjpq8g07049erkp09r3hmgftnifo!nd_whgt34_webp_wm_1,0,1780042317359,6
695cc49c0000000032001d8b,1767687325000,山东,6958c97d000000002200bbb9,主要是在国内用不了啊,5ede7d570000000001003957,toyojoy,https://sns-avatar-qc.xhscdn.com/avatar/1040g2jo31ra8e47qg0005nmuflbg8eaniaobgl0?imageView2/2/w/120/format/jpg,9,,0,1780042320603,2
695b20c0000000000f01f5ea,1767579840000,福建,6958c97d000000002200bbb9,哈基米最好用，可以开车,5e3d1d980000000001009b5e,momo,https://sns-avatar-qc.xhscdn.com/avatar/1040g2jo31us8m9qaig5g5nht3mc096qup444e38?imageView2/2/w/120/format/jpg,20,,0,1780042320603,6
6959e8bf000000000f02e75f,1767499967000,四川,6958c97d000000002200bbb9,Grok都是搞hs的，正经人谁用,5db651840000000001005cf4,淋雨一直coding,https://sns-avatar-qc.xhscdn.com/avatar/1040g2jo31ghud554js005ndma6208n7k4fcj22g?imageView2/2/w/120/format/jpg,14,,0,1780042320603,20
695a7391000000001d0246ab,1767535506000,浙江,6958c97d000000002200bbb9,Gemini要收费吗,576569b86a6a696cc1f218f8,耳朵不太好,https://sns-avatar-qc.xhscdn.com/avatar/6306376beadcd300de001daf.jpg?imageView2/2/w/120/format/jpg,2,,0,1780042320603,2
69684a6f000000001900091a,1768442479000,云南,6958c97d000000002200bbb9,Gemini不翻墙版本和翻墙版本区别大吗？,5df808d300000000010045de,八百万🐾九百川,https://sns-avatar-qc.xhscdn.com/avatar/1040g2jo31suvp0ib5k005nfo139g8heuhcakmko?imageView2/2/w/120/format/jpg,6,,0,1780042320617,2
695b550d000000000e034a9e,1767593229000,山东,6958c97d000000002200bbb9,Gemini为啥用不了啊，每次提示该地区不支持，chat GPT可以用,59dc8b6b44363b71c62f0c35,大宴,https://sns-avatar-qc.xhscdn.com/avatar/1040g2jo31e9ha5osgc6g49sofr5mm31l4mk6k98?imageView2/2/w/120/format/jpg,3,,0,1780042320620,1
695f5f61000000001d00eeed,1767858017000,上海,6958c97d000000002200bbb9,gemini约大于等于gpt大于claude，最后一个不认识,5f4942a40000000001000663,三叶猫,https://sns-avatar-qc.xhscdn.com/avatar/1040g2jo31l1ulq66j4605nq98ai081j3d0uuccg?imageView2/2/w/120/format/jpg,3,,0,1780042320629,3
6964fd4d000000000601ddaf,1768226125000,内蒙古,6958c97d000000002200bbb9,现在🪜好难找[哭惹R],670d0a09000000001d02388c,丫丫嘿吖吖,https://sns-avatar-qc.xhscdn.com/avatar/1040g2jo31fkat2jbnk605pod184nce4cnhiu0oo?imageView2/2/w/120/format/jpg,5,,0,1780042320631,1
695a5e4700000000180386be,1767530055000,北京,6958c97d000000002200bbb9,前三个基本都很好用，最后一个没用过[捂脸R],644f1e99000000000c01b67a,中川 影像,https://sns-avatar-qc.xhscdn.com/avatar/1040g2jo3118mp5ffmc605p2f3qcj3djqa0shmp8?imageView2/2/w/120/format/jpg,10,,0,1780042320633,2
696064a2000000001d01f75d,1767924898000,浙江,6958c97d000000002200bbb9,为什么我感觉gemeni很难用 计科专业,61d6d0c6000000001f039fe6,阿米,https://sns-avatar-qc.xhscdn.com/avatar/1040g2jo31o8gltii5m5g5oemq337v7v66jj6kk8?imageView2/2/w/120/format/jpg,2,,0,1780042320633,1
695be8ab0000000016024198,1767631019000,福建,6958c97d000000002200bbb9,文科生感觉chat比gemini好用,602a8929000000000101e022,有荔说不清,https://sns-avatar-qc.xhscdn.com/avatar/1040g2jo31ovglsao140g5o1qu2c08slqmhuobp8?imageView2/2/w/120/format/jpg,3,,0,1780042323966,5
6958fd3b000000000f02b9ca,1767439676000,江苏,6958c97d000000002200bbb9,不用给Grok,5bbb216569ca12000177d560,Guru & Premier,https://sns-avatar-qc.xhscdn.com/avatar/1040g2jo31fovrc1hgg5g4bc3iqgmblb0dmj4g68?imageView2/2/w/120/format/jpg,2,,0,1780042323969,10
6a0dd71a00000000290240ac,1779291930000,江西,6958c97d000000002200bbb9,[石化R]想充会员没外区卡[哭惹R],684b8597000000001d00b746,单余,https://sns-avatar-qc.xhscdn.com/avatar/1040g2jo31vhu4r75ia005q2bgmbn9dq6rcg2sng?imageView2/2/w/120/format/jpg,1,,0,1780042323969,1
6970549c000000001d00f69a,1768969373000,广东,6958c97d000000002200bbb9,gemini app是怎么下载的啊？用了hk的apple id也搜不到,573a342a84edcd44fbae7377,小Co姐,https://sns-avatar-qc.xhscdn.com/avatar/1040g2jo31hbblqlcju0048c05cq2ksrng6j39ho?imageView2/2/w/120/format/jpg,2,,0,1780042323973,1
69c0821d000000001400b0c6,1774223902000,山西,6958c97d000000002200bbb9,国内如何下载Gemini谁教教我，可以小偿,5db06d4e000000000100b6f5,珊珊老师小学教辅,https://sns-avatar-qc.xhscdn.com/avatar/1040g2jo31jp2t3f22u005ndgdl709dnlooalcr0?imageView2/2/w/120/format/jpg,2,,0,1780042323982,0
696aec46000000000600c595,1768614983000,广东,6958c97d000000002200bbb9,GPT会员+Gemini PRO够了吧,6433f800000000000d018582,ＵI设计工作室,https://sns-avatar-qc.xhscdn.com/avatar/7121a416be8e543266fd62c1cc9d575e.jpg?imageView2/2/w/120/format/jpg,3,,0,1780042323985,2
695aff730000000019002909,1767571315000,美国,6958c97d000000002200bbb9,我用Gemini生成图片最大只有1024[笑哭R],54f7fb224fac63733e98ed95,C&A💯,https://sns-avatar-qc.xhscdn.com/avatar/63c1df77f49cc7b05d2d5ea5.jpg?imageView2/2/w/120/format/jpg,6,,0,1780042323987,2
6960c1b70000000019000604,1767948727000,广东,6958c97d000000002200bbb9,我想问问为什么最后收束（祛魅）用grok🙏🙏🙏,5ec0037f000000000101c962,Fluxus,https://sns-avatar-qc.xhscdn.com/avatar/1040g2jo3201ruha42i105nm00dvgbib2d53eibo?imageView2/2/w/120/format/jpg,3,,0,1780042323989,1
695c8c0f000000000503917c,1767672847000,山东,6958c97d000000002200bbb9,这玩意儿怎么下载，我发现我用华为手机商店下不了，用网页下但安装不了[笑哭R],5fa386ec0000000001003e75,一舟枫絮,https://sns-avatar-qc.xhscdn.com/avatar/5fa386ec0000000001003e75.jpg?imageView2/2/w/120/format/jpg,5,,0,1780042323990,2
695e1a02000000001803bc62,1767774722000,荷兰,6958c97d000000002200bbb9,请教最后一个是什么？[抱拳R],62dd2873000000001f0072e0,小红薯6A088889,https://sns-avatar-qc.xhscdn.com/avatar/645b7f257b3e7e60e53504de.jpg?imageView2/2/w/120/format/jpg,2,,0,1780042323992,1
6959d8c3000000001d024871,1767495876000,上海,6958c97d000000002200bbb9,一个个AI跳来跳去，还不如只用一个AI[偷笑R],6243cedd00000000100094a7,仙人球,https://sns-avatar-qc.xhscdn.com/avatar/1000g2jo2pd7d3u2js05g5oi3prek1557qii7k78?imageView2/2/w/120/format/jpg,6,,0,1780042327322,4
6965e4060000000004002951,1768285190000,福建,6958c97d000000002200bbb9,國內都用不了，看了有什麼用,6847924a000000001b01ae1f,jc,https://sns-avatar-qc.xhscdn.com/avatar/1040g2jo31t86p1ugme005q27i956rbgv9f4ju58?imageView2/2/w/120/format/jpg,4,,0,1780042327324,3
6959ef3d000000000f00feed,1767501629000,福建,6958c97d000000002200bbb9,我一般gpt写方案 gemini帮我做成图片或者ppt,5c1dfde10000000005025c2f,罗密欧救救我（看过时代巡演版,https://sns-avatar-qc.xhscdn.com/avatar/1040g2jo31nff2ki55i6g5n0tvnghcn1frsb6n3g?imageView2/2/w/120/format/jpg,4,,0,1780042327327,6
695a331e000000000e037096,1767519008000,内蒙古,6958c97d000000002200bbb9,,66270a700000000007007bd6,萝璇,https://sns-avatar-qc.xhscdn.com/avatar/1040g2jo31qq3g6b8n26g5ph719o1ouumof224q8?imageView2/2/w/120/format/jpg,2,http://sns-webpic-qc.xhscdn.com/202605291612/ba9afdf4b6fd256b8c4d15d8b66e9315/comment/1040g2h031qtovh34n4605ph719o1ouumvt3anm0!nd_whgt34_webp_wm_1,0,1780042327332,4
69607601000000000f024ef6,1767929345000,广东,6958c97d000000002200bbb9,最後一個Google商店沒看到,59be58e050c4b40b82f2a746,GoodRoss,https://sns-avatar-qc.xhscdn.com/avatar/5ca049b7087e9e0001469a67.jpg?imageView2/2/w/120/format/jpg,3,,0,1780042327333,2
695ad700000000001600f562,1767560961000,澳大利亚,6958c97d000000002200bbb9,目前觉得Gemini > ChatGPT. 但！情绪价值这块ChatGPT 更好，更像个人，Gemini 更像个直男,5bae2567f7e8b9021ddafef6,时间的朋友,https://sns-avatar-qc.xhscdn.com/avatar/1040g2jo31cfn24r2gs004b74goimfvnm1tgf900?imageView2/2/w/120/format/jpg,2,,0,1780042327336,6
695e2ca00000000019002174,1767779488000,江苏,6958c97d000000002200bbb9,看来我gemini和grok开发的还不行，我几乎没怎么用过,6539f57d000000000301fc7e,甜不辣,https://sns-avatar-qc.xhscdn.com/avatar/1040g2jo310v0fq58mc005p9pulugrv3u11v84dg?imageView2/2/w/120/format/jpg,2,,0,1780042327340,1
695e3835000000001403fcf8,1767782453000,浙江,6958c97d000000002200bbb9,看评论区用克劳德的应该不多,635ded42000000001901c558,亲爱的初宝呀,https://sns-avatar-qc.xhscdn.com/avatar/1040g2jo31nlop9ackq005oqttl16bhao4e09d18?imageView2/2/w/120/format/jpg,5,,0,1780042327347,2
6960ea6e000000000f02c364,1767959150000,宁夏,6958c97d000000002200bbb9,我想问个愚蠢的问题，这几个AI是有 APP，还是网页版把图标放桌面的？,5837a06f82ec39041005488b,霹雳丝丝,https://sns-avatar-qc.xhscdn.com/avatar/1040g2jo319ns92vene0048snl9g6ui4betf3cvo?imageView2/2/w/120/format/jpg,4,,0,1780042327352,1
695e19810000000016024750,1767774594000,陕西,6958c97d000000002200bbb9,不是在恭维你，说句掏心窝子的话你的这个想法已经超过了90%的人了。[doge],5cd684080000000016036916,Merson,https://sns-avatar-qc.xhscdn.com/avatar/1040g2jo30v1u7e2p5e0g5n6mgg45mq8mu371tig?imageView2/2/w/120/format/jpg,6,,0,1780042327354,20
697b749300000000190009b3,1769698451000,中国香港,6958c97d000000002200bbb9,下了N个AI 全用来算命了,5a8c65a511be107fd08dfd27,一泓澄玥,https://sns-avatar-qc.xhscdn.com/avatar/1040g2jo31u38lqfimu704a1kn2iqbv97f7c9m6o?imageView2/2/w/120/format/jpg,1,,0,1780042330656,9
695dea63000000000e035504,1767762532000,江苏,6958c97d000000002200bbb9,我觉得Chatgpt是初恋总是美好，但现在Gemini是新欢[笑哭R],6015ec0e000000000100301c,向风而行埃尔文,https://sns-avatar-qc.xhscdn.com/avatar/1040g2jo3162tcg39gq605o0ltg708c0s82gr35o?imageView2/2/w/120/format/jpg,2,,0,1780042330658,5
696a76d900000000060307a6,1768584923000,马来西亚,6958c97d000000002200bbb9,不多说了,5e9d567f0000000001005767,Lucian,https://sns-avatar-qc.xhscdn.com/avatar/1040g2jo31ag3l15amu605nktapvg8lr7jo7ii08?imageView2/2/w/120/format/jpg,3,http://sns-webpic-qc.xhscdn.com/202605291612/a83ee187fd424aa1d97f3171150ec224/comment/1040g2h031rdl83ed0m6g5nktapvg8lr7rojs6dg!nd_whgt34_webp_wm_1,0,1780042330662,5
695b3fc1000000000f02613a,1767587778000,广东,6958c97d000000002200bbb9,只用gemini和deepseek,5a7d1495e8ac2b696946bb32,okkkkkkk,https://sns-avatar-qc.xhscdn.com/avatar/6086e0303d4ef10001461434.jpg?imageView2/2/w/120/format/jpg,1,,0,1780042330664,4
695b78b4000000000f01a158,1767602357000,浙江,6958c97d000000002200bbb9,Chat GPT条条框框整理的很清晰。Gemini表述的更类人，像和女生聊天一样，我最喜欢。Grok，像我的舔狗，我的所有要求，它都尽力满足，从不会拒绝我[赞R],5c78907d0000000018013267,Good,https://sns-avatar-qc.xhscdn.com/avatar/1040g2jo31qkapjd37g6g5n3oi1um2cj74no2un8?imageView2/2/w/120/format/jpg,1,,0,1780042330669,6
695a94770000000009034374,1767543927000,上海,6958c97d000000002200bbb9,Claude科研思维不如gpt,5b50bc9a11be100cc25567e8,Lindseybabe,https://sns-avatar-qc.xhscdn.com/avatar/1040g2jo316tetp4l44004a7a57u9kpv8dr2bbp0?imageView2/2/w/120/format/jpg,1,,0,1780042330671,2
6967d2ab000000000c01769e,1768411820000,江苏,6958c97d000000002200bbb9,Meta公司的ai怎么样啊？国内天天它的新闻啊,62e032a2000000001f0075ca,tpkon6947⭕网同名,https://sns-avatar-qc.xhscdn.com/avatar/166ad12ae9a7f6fbb4bbbf88d417895f.jpg?imageView2/2/w/120/format/jpg,1,,0,1780042330672,1
6969248a000000001803812e,1768498314000,北京,6958c97d000000002200bbb9,code推荐用什么,5c31b6cf0000000007030d82,Mag7,https://sns-avatar-qc.xhscdn.com/avatar/1040g2jo31u9073fpiq705n1hmr7hu3c2tv9hao8?imageView2/2/w/120/format/jpg,2,,0,1780042330675,2
695a6b29000000000f02a4ab,1767533353000,湖北,6958c97d000000002200bbb9,美区id借一个,5fc6492f0000000001004656,等红灯,https://sns-avatar-qc.xhscdn.com/avatar/1040g2jo31fid3vkog6005nu694ng8himdd8l6ko?imageView2/2/w/120/format/jpg,1,,0,1780042330680,1
6964b74b0000000005039450,1768208204000,江苏,6958c97d000000002200bbb9,Claude请问是哪家的？相对于其他三个什么特点,5c5ab1b9000000001a00f06d,YAN,https://sns-avatar-qc.xhscdn.com/avatar/1040g2jo30pql2f8v6q0g5n2qm6smhs3d6phjt40?imageView2/2/w/120/format/jpg,1,,0,1780042330682,0
6964c4090000000009037122,1768211466000,四川,6958c97d000000002200bbb9,用了Gemini 其他都不香了 gpt生图生一小时也没生出来 Claude甚至登陆不上去 grok一股子ai味,61dd47d90000000010006bf5,蜉尤,https://sns-avatar-qc.xhscdn.com/avatar/1040g2jo31mvrm0nd5m005oet8vck0qvlgtqlqgg?imageView2/2/w/120/format/jpg,2,,0,1780042333975,1
695b2cc8000000001602219c,1767582921000,宁夏,6958c97d000000002200bbb9,哈基米纯力大砖飞，数值高,64b7ee04000000001403b390,用户已注销,https://sns-avatar-qc.xhscdn.com/avatar/645b7e17e29f7d0acadad89f.jpg?imageView2/2/w/120/format/jpg,1,,0,1780042333978,3
695dc805000000000f025828,1767753733000,北京,6958c97d000000002200bbb9,豆包我现在就当搜索引擎加翻译软件了，Gemini工作上写邮件啥的,566e1c83e4251d7ff183b7b8,南祥緻,https://sns-avatar-qc.xhscdn.com/avatar/620637241d103a17abb7c6ef.jpg?imageView2/2/w/120/format/jpg,1,,0,1780042333982,2
69649d9e00000000040008da,1768201631000,四川,6958c97d000000002200bbb9,ipad pro同时开这四个卡死了，还得是用电脑,5e358c53000000000100418f,soda酥嗒,https://sns-avatar-qc.xhscdn.com/avatar/1040g2jo31lrlqspil0c05n33mlp4itfhe8jhp6o?imageView2/2/w/120/format/jpg,1,,0,1780042333988,1
6968fc880000000019003028,1768488073000,日本,6958c97d000000002200bbb9,太对了，我就是一天忙活好几个AI[笑哭R],67668efd0000000018015f0c,大米饭不动产AA,https://sns-avatar-qc.xhscdn.com/avatar/1040g2jo31ub3h47mia005pr6hrum2noced5rjso?imageView2/2/w/120/format/jpg,1,,0,1780042333995,2
695bc5c400000000180207ce,1767622084000,云南,6958c97d000000002200bbb9,这个电脑上面可以下载吗？,64a3a93c000000000b01540f,可生为众生,https://sns-avatar-qc.xhscdn.com/avatar/1040g2jo31q9vvaurg06g5p53l4u2ql0ffuvukfo?imageView2/2/w/120/format/jpg,1,,0,1780042334000,1
695d979c000000000f025afc,1767741340000,北京,6958c97d000000002200bbb9,对我来说，这些都是墙外的东西。。[哭惹R],635e4fda0000000018028490,[Miracle]🐯,https://sns-avatar-qc.xhscdn.com/avatar/646456d02a8197c5fd9c7f79.jpg?imageView2/2/w/120/format/jpg,2,,0,1780042334002,3
695a75f0000000000f01c2dd,1767536113000,浙江,6958c97d000000002200bbb9,亲爱的，才发现，搬去美国啦？,5a8057bc11be106c7d2f7b8f,可可爱爱,https://sns-avatar-qc.xhscdn.com/avatar/6124cd8bf4243f51f6ec5b6e.jpg?imageView2/2/w/120/format/jpg,1,,0,1780042334005,1
695a0f6c000000001600d8bd,1767509869000,广东,6958c97d000000002200bbb9,第三个为什么这么像光子工作室王者荣耀的那个 logo,5f14733d0000000001007268,鱿洛桑,https://sns-avatar-qc.xhscdn.com/avatar/1040g2jo31vp8q997jq005nokecug8sj8mndeufo?imageView2/2/w/120/format/jpg,1,,0,1780042334007,1
6967c21b00000000180381fb,1768407580000,广东,6958c97d000000002200bbb9,Gemini怎么买会员便宜呢,65d76280000000000401d1fd,用户12345,https://sns-avatar-qc.xhscdn.com/avatar/1040g2jo31ehh3t700s7g5penca013kft0317m2g?imageView2/2/w/120/format/jpg,1,,0,1780042334009,1
6959c9eb000000001600e38d,1767492075000,江苏,6958c97d000000002200bbb9,感觉手机里面装了这四个其中几个，手机都变得高级了[捂脸R],665405b60000000007004dbc,我只关注天菜,https://sns-avatar-qc.xhscdn.com/avatar/1040g2jo31jsa6ffs2u005pik0mr1ojdslm47muo?imageView2/2/w/120/format/jpg,1,,0,1780042337427,5
696778dd000000001d0093fa,1768388830000,广东,6958c97d000000002200bbb9,ai驯兽师哈哈哈哈,65558b270000000008000cc0,kk可子,https://sns-avatar-qc.xhscdn.com/avatar/1040g2jo31c675ottgm005palhcji0360oc2d9ig?imageView2/2/w/120/format/jpg,2,,0,1780042337427,2
695a4d76000000000f02415d,1767525750000,广东,6958c97d000000002200bbb9,手机里面只有一个豆包和千问,62b81e1d000000001b0287c8,深巷,https://sns-avatar-qc.xhscdn.com/avatar/1040g2jo31tk4q11snekg5olo3oemt1u84bke0v0?imageView2/2/w/120/format/jpg,1,,0,1780042337436,1
695bbd8400000000160215a5,1767619973000,贵州,6958c97d000000002200bbb9,現在都不用AI，真的會淘汰。,5bcd6d457364310001f3d03f,落梦若水,https://sns-avatar-qc.xhscdn.com/avatar/1040g2jo31cr622qagk6g4bigcvmkbk1v894h7g0?imageView2/2/w/120/format/jpg,1,,0,1780042337441,5
695b4461000000001600f2fe,1767588961000,江西,6958c97d000000002200bbb9,感觉国产ai里面 智谱清言的搜索还可以 能实现思考了搜索搜索了再思考又接着搜索 有个接续的思路,64df78a100000000010110b4,做个对社会有用处的人,https://sns-avatar-qc.xhscdn.com/avatar/1040g2jo31luut94hlu6g5p6vf2gga45k1buo01g?imageView2/2/w/120/format/jpg,1,,0,1780042337452,1
6986ae7a00000000090351c6,1770434170000,广东,6958c97d000000002200bbb9,gemini3.0pro我的神！！！,6851631c000000001d00b90d,粉笑派,https://sns-avatar-qc.xhscdn.com/avatar/1040g2jo31r7pbla200005q2hcce79e8d9ep2big?imageView2/2/w/120/format/jpg,1,,0,1780042337463,1
695a4ec7000000001403e0c8,1767526088000,广东,6958c97d000000002200bbb9,不断迭代提示词的场景已经逐渐被工作流和agent代替了,5c210da10000000005035558,陈予晴,https://sns-avatar-qc.xhscdn.com/avatar/1040g2jo31vqv2r9a2s005n111mghelaoodg82go?imageView2/2/w/120/format/jpg,1,,0,1780042337463,1
6960e3f7000000001803982b,1767957496000,法国,6958c97d000000002200bbb9,2年前就是新时代了,5576fc68c2bdeb31e0201602,viviiiwang,https://sns-avatar-qc.xhscdn.com/avatar/6159d857dcb5b28db737c835.jpg?imageView2/2/w/120/format/jpg,1,,0,1780042337469,1
696773930000000018020f21,1768387475000,广东,6958c97d000000002200bbb9,claude国内手机注册不了[完啦R],5c023e44000000000500c54a,momo,https://sns-avatar-qc.xhscdn.com/avatar/1040g2jo312ha6g5d6g004bunnkv49haaiadsqjg?imageView2/2/w/120/format/jpg,1,,0,1780042337470,1
695b61210000000014036f65,1767596321000,江西,6958c97d000000002200bbb9,文科生表示Gemini最好用[害羞R],692bc2f1000000003201b943,momo,https://sns-avatar-qc.xhscdn.com/avatar/1040g2jo31q7m81f9706g5q9bobosjea3u6687t0?imageView2/2/w/120/format/jpg,2,,0,1780042337476,3
69612188000000001d0096e3,1767973256000,上海,6958c97d000000002200bbb9,gpt好用 因为17会满血[笑哭R],5792e76c82ec395db73b9355,请叫我健叔,https://sns-avatar-qc.xhscdn.com/avatar/1040g2jo31snj6vnglk0048icusjmp4qlq1tga68?imageView2/2/w/120/format/jpg,1,,0,1780042340821,1
6960b5ac0000000030025424,1767945644000,浙江,6958c97d000000002200bbb9,[doge]但是中文写作还得靠国内的，因为这4个写中文不通,61e995a80000000002026a4e,小黑熊,https://sns-avatar-qc.xhscdn.com/avatar/1040g2jo30sqdtfbn3s005of9imk0kqieu7qpsro?imageView2/2/w/120/format/jpg,1,,0,1780042340821,1
6982db1b0000000031032b43,1770183452000,河南,6958c97d000000002200bbb9,主要以生成图片的话哪个更好用呢[害羞R],5b90fbae874e7300014bc1cb,用户已注销,https://sns-avatar-qc.xhscdn.com/avatar/645b800677c97ef1a2abc7e0.jpg?imageView2/2/w/120/format/jpg,1,,0,1780042340821,0
69ab9e5a000000000600eca3,1772854874000,美国,6958c97d000000002200bbb9,ChatGPT的数学太差了，做个帐的话全错全错,5e99ba960000000001005e81,Una Una,https://sns-avatar-qc.xhscdn.com/avatar/1040g2jo31i4lm1e06m005nkpnab08nk18dqhvo0?imageView2/2/w/120/format/jpg,1,,0,1780042340826,2
695d1839000000001600cc66,1767708729000,浙江,6958c97d000000002200bbb9,不提manus吗？,5dffd9210000000001003596,生腌窝窝头,https://sns-avatar-qc.xhscdn.com/avatar/1040g2jo31h9mc5pbji605nfvr4gg8dcmvh15pio?imageView2/2/w/120/format/jpg,1,,0,1780042340826,1
6962220e000000003100153e,1768038926000,广东,6958c97d000000002200bbb9,很系统的分析！这四个AI工具我都想试试。对学生来说这个比较实用了。,5daef06a0000000001001824,杰瑞学习机,https://sns-avatar-qc.xhscdn.com/avatar/1040g2jo31fgf5lem5u005ndeu1l08614tb5holo?imageView2/2/w/120/format/jpg,1,,0,1780042340829,1
695d9cac000000001502fc36,1767742637000,陕西,6958c97d000000002200bbb9,需要付费是吗,64e6036a000000000100c09b,。。。,https://sns-avatar-qc.xhscdn.com/avatar/645b7f257b3e7e60e53504de.jpg?imageView2/2/w/120/format/jpg,1,,0,1780042340832,1
695d1747000000003200210c,1767708488000,广西,6958c97d000000002200bbb9,ChatGPTt太贵了,5faf92840000000001009789,及时行乐,https://sns-avatar-qc.xhscdn.com/avatar/5faf92840000000001009789.jpg?imageView2/2/w/120/format/jpg,2,,0,1780042340834,1
695c065a00000000180230cc,1767638618000,美国,6958c97d000000002200bbb9,真是这篇帖子也是ai写的,63a69f290000000026004ab4,kkkkk,https://sns-avatar-qc.xhscdn.com/avatar/1040g2jo31320qfle6c005ot6jskpgilk0q81lq0?imageView2/2/w/120/format/jpg,1,,0,1780042340837,1
695b1413000000000f025079,1767576595000,福建,6958c97d000000002200bbb9,Gemini 不充值可以用吗,59d18fd020e88f57005b54ac,大头,https://sns-avatar-qc.xhscdn.com/avatar/5f26cc65e50bd20001c1a6ac.jpg?imageView2/2/w/120/format/jpg,1,,0,1780042340838,1
695a5645000000000f02f812,1767528005000,重庆,6958c97d000000002200bbb9,不错,679366ca0000000006011e1f,欧阳Khalil,https://sns-avatar-qc.xhscdn.com/avatar/1040g2jo31flf1c41006g5psjcr51i7gv7tdpiu8?imageView2/2/w/120/format/jpg,1,,0,1780042344229,2
6959ae760000000005039ab8,1767485047000,美国,6958c97d000000002200bbb9,我也是这4个,57ca56b150c4b42b9e8d641a,挖掘机大师,https://sns-avatar-qc.xhscdn.com/avatar/1040g2jo31mf5htqtmg0048lvq7bb2p0q0vdp540?imageView2/2/w/120/format/jpg,1,,0,1780042344233,1
69696aee000000001d0089b0,1768516335000,浙江,6958c97d000000002200bbb9,[笑哭了R]会员太贵了吧,5f50b726000000000101c4f6,半痴,https://sns-avatar-qc.xhscdn.com/avatar/1040g2jo31rb2h7ffga605nqgmsj0bh7mes4lj60?imageView2/2/w/120/format/jpg,2,,0,1780042344235,1
69684746000000000f025e92,1768441672000,美国,6958c97d000000002200bbb9,,615ddc2f000000000202683c,🍎,https://sns-avatar-qc.xhscdn.com/avatar/1040g2jo31sj880aqm8005oatrgngkq1s308ncbg?imageView2/2/w/120/format/jpg,2,http://sns-webpic-qc.xhscdn.com/202605291612/2b088a0cfe585575b90f9acc9d86891a/comment/1040g2h031rbgtshj7u0g5oatrgngkq1sp3mi0cg!nd_whlt34_webp_wm_1,0,1780042344242,1
695b0ab40000000014035457,1767574197000,浙江,6958c97d000000002200bbb9,gemini最好 无疑,64af43e6000000001003516f,Jkk,https://sns-avatar-qc.xhscdn.com/avatar/1040g2jo31k5f4tjkia005p5f8fj46kbflmeqlho?imageView2/2/w/120/format/jpg,1,,0,1780042344248,5
695c5f0b000000000f01fc86,1767661324000,安徽,6958c97d000000002200bbb9,那一个月得花多少钱啊,60b88fa60000000001003435,Capttitoo,https://sns-avatar-qc.xhscdn.com/avatar/1040g2jo31fjpd0ttg01g5o5ohuj08d1lq0re23o?imageView2/2/w/120/format/jpg,1,,0,1780042344251,1
6a1407d40000000028035270,1779697621000,广东,6958c97d000000002200bbb9,为何不用这种 全部 ai 集成的，功能一样还省心[偷笑R][偷笑R][偷笑R],68398504000000001b02360e,小红薯683ABA2C,https://sns-avatar-qc.xhscdn.com/avatar/1040g2jo31vpc8rt9ii6g5q1pgk26sdgelrg8tfo?imageView2/2/w/120/format/jpg,0,http://sns-webpic-qc.xhscdn.com/202605291612/1a6dc632dad1e076d54ff6cee643d0ad/comment/1040g4b8320j84bl568cg5q1pgk26sdge4gjf4bo!nd_whgt34_webp_wm_1,0,1780042344253,0
6a119057000000002a027e0f,1779535959000,福建,6958c97d000000002200bbb9,太对了,685eae39000000001d0097a6,Ai小麦克,https://sns-avatar-qc.xhscdn.com/avatar/645b6a2cad8bfdf0d350826b.jpg?imageView2/2/w/120/format/jpg,0,,0,1780042344258,0
6a09cc5d000000002a025235,1779027038000,美国,6958c97d000000002200bbb9,这个递归学习法有意思！实际用下来发现Claude在第三步综合整理时实力确实最强——把前两步A+B内容输入后，Claude不仅能整理成结构化手册，还会自动标注冲突观点。建议第三步前加一句System prompt：“以下是两个不同来源的观点，请整合并标注分歧”，输出质量会显著提升。请问博主每次回录新陷AI理论时，会尝试对比上次综合手册看看知识边界是否在移动吗？,615b9a800000000002018b57,硅基信条,https://sns-avatar-qc.xhscdn.com/avatar/1040g2jo31tc3nb7o685g5oarja00j2qnggkl8ao?imageView2/2/w/120/format/jpg,0,,0,1780042344260,0
69fdfaa3000000002702f594,1778252451000,云南,6958c97d000000002200bbb9,我大学写法律文书作业用你这招绝了 [飞吻R]先用ChatGPT写出基本文书，让Gemini帮忙提建议并修改真的找出好多问题，然后最后用国内的千问或者deepseek最后审查一遍就很完美，很害怕ai给我乱编法律和理论上的解释[皱眉R],5fba770d00000000010006f8,往事随风,https://sns-avatar-qc.xhscdn.com/avatar/5fba770d00000000010006f8.jpg?imageView2/2/w/120/format/jpg,0,,0,1780042344262,1
69ea4204000000001401e401,1776960004000,安徽,6958c97d000000002200bbb9,出图有什么好方法,5c8e62e6000000001603394c,半斤桃花洗刀刀,https://sns-avatar-qc.xhscdn.com/avatar/5c8e62e6000000001603394c.jpg?imageView2/2/w/120/format/jpg,0,,0,1780042347528,0
69e7015b000000001401ac1a,1776746844000,福建,6958c97d000000002200bbb9,原来还能这么用get到了[飞吻R],602fbdb80000000001008149,伊森AI成长记,https://sns-avatar-qc.xhscdn.com/avatar/1040g2jo31eeek6phgm005o1fnms090a9c47lsko?imageView2/2/w/120/format/jpg,0,,0,1780042347531,0
69ce4ece000000000103e9b4,1775128270000,重庆,6958c97d000000002200bbb9,@问一问 帮我总结所有信息,68148fa3000000000e011c12,小红薯68153C2C,https://sns-avatar-qc.xhscdn.com/avatar/645b7f8f2a34639eb26eb1cd.jpg?imageView2/2/w/120/format/jpg,1,,0,1780042347531,0
69cb7532000000000c0312d5,1774941490000,湖南,6958c97d000000002200bbb9,我想看看有哪一些宝子还不会用的[偷笑R],69c50d41000000003401b624,小红薯69EF455C,https://sns-avatar-qc.xhscdn.com/avatar/645b7e90e29f7d0acadad8aa.jpg?imageView2/2/w/120/format/jpg,0,,0,1780042347536,1
69cb1fac000000000c031355,1774919597000,重庆,6958c97d000000002200bbb9,真的太需要这类AI工具了,69c4917400000000320198a5,susup,https://sns-avatar-qc.xhscdn.com/avatar/1040g2jo31ub0tug4is5g5qe4i5qcj6559s3p3c0?imageView2/2/w/120/format/jpg,1,,0,1780042347539,0
69ca187f000000000d034e00,1774852223000,重庆,6958c97d000000002200bbb9,gemini真的好用，效果好,69c49197000000003402ca44,koifish,https://sns-avatar-qc.xhscdn.com/avatar/1040g2jo320lq4pnole6g5qe4i6bt5ii44j43i18?imageView2/2/w/120/format/jpg,0,,0,1780042347542,0
69c4933b0000000005038cbe,1774490427000,重庆,6958c97d000000002200bbb9,ChatGPT是真的好用,69c4917400000000320198a5,susup,https://sns-avatar-qc.xhscdn.com/avatar/1040g2jo31ub0tug4is5g5qe4i5qcj6559s3p3c0?imageView2/2/w/120/format/jpg,0,,0,1780042347544,0
69c388cd0000000031003baa,1774422222000,重庆,6958c97d000000002200bbb9,每天都是用完你的用你的,68089b65000000000d008285,智用,https://sns-avatar-qc.xhscdn.com/avatar/1040g2jo31u330c4178005q08jdij90k5jq28vog?imageView2/2/w/120/format/jpg,0,,0,1780042347545,0
69bd6922000000000f00e400,1774020898000,山东,6958c97d000000002200bbb9,grok 怎么用上 花钱吗,586ce1ed50c4b42e23bf12d2,CC 大王在工厂,https://sns-avatar-qc.xhscdn.com/avatar/1040g2jo31fmu2if20200490rvrguq4mi4p4dbg0?imageView2/2/w/120/format/jpg,0,,0,1780042347547,0
69b8c7750000000014033464,1773717366000,湖北,6958c97d000000002200bbb9,国内怎么安装geimini,610d0f6600000000010175f7,我想和你一起看星星,https://sns-avatar-qc.xhscdn.com/avatar/7121a416be8e543266fd62c1cc9d575e.jpg?imageView2/2/w/120/format/jpg,0,,0,1780042347549,2
6a0d969c000000002b029633,1779275437000,广东,69eb447a000000001a02c15e,"大家520快乐💞画了点图当作一个小更新
后面是今天喝的漂亮饮品",5cc125010000000010012f42,军用科技兔形战斗AI,https://sns-avatar-qc.xhscdn.com/avatar/1040g2jo30vrl64mklo005n614k0k2bq2qvqr538?imageView2/2/w/120/format/jpg,88,"http://sns-webpic-qc.xhscdn.com/202605291612/5cf31c2b2ddfde6a049314ea562405b3/comment/1040g4b8320cus5p4m8805n614k0k2bq2a40k7a8!nd_whlt34_webp_wm_1,http://sns-webpic-qc.xhscdn.com/202605291612/77866c34b5a9cce9c6686e56df03c24a/comment/1040g4b8320cus5p4m8905n614k0k2bq2dqpkprg!nd_whgt34_webp_wm_1,http://sns-webpic-qc.xhscdn.com/202605291612/6ad4c59050989e2634501257e8214adc/comment/1040g4b8320cus5p4m88g5n614k0k2bq2ip75ba8!nd_whgt34_webp_wm_1,http://sns-webpic-qc.xhscdn.com/202605291612/4e5918a6a5524b68901b4b0e5688e63e/comment/1040g4b8320cus5p4m8705n614k0k2bq2r1cs2q8!nd_whgt34_webp_wm_1,http://sns-webpic-qc.xhscdn.com/202605291612/a25383f51e8d2e89d29ff7eb2851e9f3/comment/1040g4b8320cus5p4m87g5n614k0k2bq2f8mo2lg!nd_whlt34_webp_wm_1",0,1780042352870,375
6a12ffbf000000002b024169,1779630016000,四川,69eb447a000000001a02c15e,"兔兔的语言太精准了[哇R][哇R][哇R]，膜拜！我上次成功显化sp靠的也是“知道已经发生了”，当时的我和sp异国，已经断联n年了，但突然又好想念Ta，真的特别想念，我那时候每天出去玩都抱着“我知道我会遇见TA”的心态（甚至会整理着装，怕遇见时我不是最好的状态），永远都认定这件事已经发生了，带着这种觉知生活，每天都在想遇见TA的事，一点怀疑也没有，即使这件事在3D连影子都没有，我就是相信我想要的剧情会发生。
然后在几个月后某次出游时真的遇见TA了，这件事我很少和人讲，我们并不是在老家遇见的，而是一个陌生的地方，我永远忘记不了我从头到脚全身发麻的感觉！",62009ff0000000001000f932,怡怡子,https://sns-avatar-qc.xhscdn.com/avatar/1040g2jo31d5mbmm110005og0jvo41u9im6algvg?imageView2/2/w/120/format/jpg,2,,0,1780042352870,47
6a125f7f000000002902c040,1779588991000,陕西,69eb447a000000001a02c15e,虽然要勇敢，但是实操的时候，结果没有落地之前，情绪真的像海浪一样，起起伏伏，一会来，一会走[哭惹R]还好有兔兔的文字和爱！也再次理解为什么很多博主总说显化是勇敢者的游戏！我一定可以的！我已拥有,56564b4c82718c1d941e8c8b,萌萌猪,https://sns-avatar-qc.xhscdn.com/avatar/1040g2jo31trlih76mu00433ogv5kp34bh4804n8?imageView2/2/w/120/format/jpg,3,,0,1780042352870,5
6a13b6f4000000002a031325,1779676916000,黑龙江,69eb447a000000001a02c15e,兔兔，忽然有好多好多感悟，最近我显化sp的状况不是很好，一开始小我非常痛苦，觉得sp的所作所为是对我的巨大伤害，我无法从这种痛苦中走出来。之前我只是体悟到，小我并非真正的我本身，但是也仅限于此。而现在，我忽然理解了。每一个和3D的故事交融的瞬间，那些情绪那些乱七八糟的想法不都是小我吗？每一分每一秒，都有无数个小我从故事线中诞生，得到sp的和怨恨sp的同样不都是小我吗，作为决策者的你又怎么能被其中一个影响，不都一样吗，你只是淡定的选择啊[抽泣R][抽泣R][抽泣R],68e7415400000000320169ee,砂锅十年大润发,https://sns-avatar-qc.xhscdn.com/avatar/645b800677c97ef1a2abc7e0.jpg?imageView2/2/w/120/format/jpg,7,,0,1780042352876,42
6a156ad6000000002803d613,1779788502000,河北,69eb447a000000001a02c15e,在意识里体验到了圆满和爱，就不会也不用在3d里寻找结果，也无需在意小我的小丑行为，因为我有了。,5db4d9fe0000000001008443,会飞的拖鞋,https://sns-avatar-qc.xhscdn.com/avatar/1040g2jo31ug5t0352g6g5ndkr7v09123u5gh74o?imageView2/2/w/120/format/jpg,4,,0,1780042352879,20
6a11e04d000000002803c84d,1779556430000,河北,69eb447a000000001a02c15e,3d不能作为判断标准，别给3d脸，晚安大家,5db4d9fe0000000001008443,会飞的拖鞋,https://sns-avatar-qc.xhscdn.com/avatar/1040g2jo31ug5t0352g6g5ndkr7v09123u5gh74o?imageView2/2/w/120/format/jpg,1,,0,1780042352880,15
6a12905e000000002803bd23,1779601503000,北京,69eb447a000000001a02c15e,各位，我通过不断md＋a，潜意识已经认为我就是这个身份的我了，但是让我感到疑惑的是，我现在进入终点身份并且保持了将近1个月，也不关注3d，昨天我突然想起来看一眼，却发现它一点也没动，这是因为什么呢？（我并不急于让3d赶紧落地，我只是单纯好奇为什么它没动，希望可以有人解答一下，我知道我的显化一定会成功的）,67d1a196000000000a03ce9d,无名氏X,https://sns-avatar-qc.xhscdn.com/avatar/645b6b2504c28aa15eab1dac.jpg?imageView2/2/w/120/format/jpg,23,,0,1780042352882,0
6a0a8f3b000000002901b23a,1779076923000,中国香港,69eb447a000000001a02c15e,"突发奇想给plq常见的小问题汇个总
“3d现在没有怎么办+哭泣表情”—继续
此时3d投射的还是旧版本想法。你在💩里只能淘到蛆 找不到金子
“3d怎么还没变+各种语气词&哭泣表情“—同上。继续管理想法设定新剧情
“💐要不要实际的行动”—不用。
意识投射现实。显化本质上是管理好你的想法，选择新剧情罢了。仅此而已。
“我3dxxxx还能不能💐（此处大量旧故事+哭泣表情）”—任何事都可以。
人有多大胆地有多大产。但反复咀嚼旧故事只会加深你的旧想法，再次投射💩一样的3d。

*其实上述内容均在兔的帖子&先前plq被详细解释过 真的已经超级无敌清晰了
未完待续。欢迎兔家军补充hhhh",689ab60c000000002900a23c,谴责紫薯,https://sns-avatar-qc.xhscdn.com/avatar/1040g2jo31uhbhjllig005q4qmo6a98hsm15sq6g?imageView2/2/w/120/format/jpg,21,,0,1780042352883,127
6a186659000000002b027336,1779983961000,江西,69eb447a000000001a02c15e,第一次分享案例，我太激动了，以前我也一念即达过一些小事，但因为太快了，而且是小事，就也没觉得是什么鲜花成功，就当是碰巧。直到今天，我晚上想玩手机，结果发现手机有零格电，于是想充一下，结果用家里那根平时常用的充电线发现怎么都充不进电。我就去问我妈，我妈说她今天也好像发现这根电线用不了了，还叹了句“怎么这么快就坏了。”，然后我问她家里还有符合我手机充电口的的电线没？我妈说没有了（我也找了，确实没有）。我又去问我爸，他说他更不知道。然后我回到房间，就想用鲜花来让手机充进电，（你们知道看着一个手机明明充着电却怎么都打不开又多让人烦躁吗[笑哭R]），然后我主要是假设手机充进电了，然后释放。当然，没有成功,6985687b0000000021013274,胸中黄河月,https://sns-avatar-qc.xhscdn.com/avatar/1040g2jo31u91lc9dio6g5qc5d1toacjkqd3as7g?imageView2/2/w/120/format/jpg,3,,0,1780042352887,2
6a1332c3000000002901b035,1779643075000,辽宁,69eb447a000000001a02c15e,这个md方法我真的要分享给大家了，真的很好用。首先我们都知道，想法在前事实在后，我们不能用旧3d来证明自己的显化，所以当你想查看3d的时候就说HYCYBH。这是tomcardy的一首歌，很魔性。都去听，听完保证很开心。HYCYBH：have you checked your butthole （你有没有查看你的皮炎？）当小我找你要证据的时候你就问它，你咋不看看你的皮炎？（拿过很多结果了）,67794a1a000000001801c9cf,🐤,https://sns-avatar-qc.xhscdn.com/avatar/1040g2jo31vito7s82g005prp98d63iefavmofvo?imageView2/2/w/120/format/jpg,8,,0,1780042352889,50
6a15648900000000280332a3,1779786889000,美国,69eb447a000000001a02c15e,兔，先报个喜吧，参透本质打好基础后真的在短时间内拿到了几乎所有想要的结果，也经历了好几次“一念即达”。每一次成功都是让我进一步相信法则和自己的过程（虽然每次得到后还是会惊的犯好一会儿懵）。但我想聊聊随之而来的恐惧感，我记得你说过有的人越会显化越抗拒非A，这个我还好。我更多是对自己能力的恐惧，知道自己能一念即达后开始有了md焦虑，恐惧自己脑中偶尔冒出来的胡思乱想会成真。就像是玩游戏操纵小人的时候偶尔会坏心思想让它撞个墙一样，但我又不想真的体验这个让它发生。,581b28d86a6a691c60e7b07a,IGWT,https://sns-avatar-qc.xhscdn.com/avatar/1040g2jo31uba89laiae048qnqgkdhc3q6a97k3g?imageView2/2/w/120/format/jpg,1,,0,1780042356186,18
6a0e2912000000002b0260bd,1779312914000,浙江,69eb447a000000001a02c15e,虽然这样不好，但我真的是把💐当救命稻草，兔兔你简直是我的精神支柱[哭惹R],663cb5c10000000007007089,小红薯,https://sns-avatar-qc.xhscdn.com/avatar/645b65431e7abf18da7d1266.jpg?imageView2/2/w/120/format/jpg,19,,0,1780042356188,2
6a11444b0000000028037672,1779516491000,广东,69eb447a000000001a02c15e,求各位姐妹们帮忙，之前显化sp也成功了，显化工作也成功了。这是在2024年取得的成果。但是后面我失业了，因为各种原因需要钱。我就想要显化彩票，其中我狂A，视觉化，听sub，写显化日记在一段时间我确实感受到了丰盛和喜悦。可是结果迟迟无法落地，我开始怀疑这种概率事件是不是无法显化成功。我开始摇摆可是我真的好想要中。我觉得中了后我就可以给爸妈朋友家人都分一笔钱大家都可以不用苦苦挣扎。我也不想上班就不用上班也有钱花了，可以去全职做公益事业。一边旅居一边做公益事业，不用为钱操心[哭惹R]。可是快半年了也无法推出结果，从坚定变成摇摆甚至有一度很偏执的觉得要么我死要么中彩票中不了就宁愿死掉，崩溃,673fc9d1000000001c018daf,我摊牌了我摆烂了,https://sns-avatar-qc.xhscdn.com/avatar/1040g2jo320kek4c5lm005ppvp78n33df1vudf1g?imageView2/2/w/120/format/jpg,32,,0,1780042356188,0
6a17b9a1000000002a0320b7,1779939746000,山东,69eb447a000000001a02c15e,"请教一下各位老师，a肯定语的时候老是走神怎么办，并且a肯定语的时候体感特别强,比如a我是双眼皮的时候,眼睛就很有感觉，这是正常的吗",69a50f380000000021004930,momo,https://sns-avatar-qc.xhscdn.com/avatar/1040g2jo31uc5snjf2g605qd51ss88i9g4ugnsog?imageView2/2/w/120/format/jpg,6,,0,1780042356194,0
6a151be40000000027016fe8,1779768293000,湖南,69eb447a000000001a02c15e,想问下🐰视力的帖子在哪里还可以看呀,6122f746000000000101d21b,諾敏,https://sns-avatar-qc.xhscdn.com/avatar/1040g2jo31qa7khocn0005o92ut30bkgr78nml1o?imageView2/2/w/120/format/jpg,2,,0,1780042356196,0
6a17eefa000000002a02e000,1779953402000,山东,69eb447a000000001a02c15e,请问大家对于显化外貌，总觉得改变一两个五官可以，改变整个脸总有些虚虚，抵抗的感觉,69b01fbc0000000033025af3,小红薯69B17A40,https://sns-avatar-qc.xhscdn.com/avatar/645b7e90e29f7d0acadad8aa.jpg?imageView2/2/w/120/format/jpg,3,,0,1780042356197,0
6a1883800000000028033e59,1779991424000,广西,69eb447a000000001a02c15e,"我来分享一下新感悟和奇特案例（秒显or瞬切？其实我也不知道怎么称呼这个）
案例和蟑螂有关，起因不久前我去冲凉，发现浴室门口外有一只蟑螂，我看它一直爬爬爬，就趁它不注意踩死了它。在确认它动不了后，我就去冲凉了。
冲凉时我就开始思考自己在shifting方面的一些问题，想着想着有几个答案就出来了。
“shifting和显化同根同源，没有区别”，“shifting or 显化 是瞬间的，因为都是自己的投射，shifting不是必须做什么术必须有什么感觉才能成功，眨一下眼睛闭眼睁眼，你就已经在Dr了。”（字数不够了，往下，废话文学中↓）",6736b84f000000001c0189f0,这一帧的观测者,https://sns-avatar-qc.xhscdn.com/avatar/1040g2jo320cpccrv5m505ppmn17n32fg5fvirbg?imageView2/2/w/120/format/jpg,1,,0,1780042356199,1
69edf190000000002702a3cb,1777201552000,黑龙江,69eb447a000000001a02c15e,为什么兔兔和很多博主可以轻轻松松的做到站稳“知道”，而大部分人却做不到，大家到底差在哪里,618346690000000010005244,zhumi,https://sns-avatar-qc.xhscdn.com/avatar/1040g2jo31tg7t17ul8005oc38pkk0ki4dd84a30?imageView2/2/w/120/format/jpg,26,,0,1780042356205,13
6a0e44c5000000002803ec7f,1779320007000,河南,69eb447a000000001a02c15e,兔兔，能看到我吗,57d038536a6a69548e94a223,小满,https://sns-avatar-qc.xhscdn.com/avatar/63a537e537821b8769f083ba.jpg?imageView2/2/w/120/format/jpg,4,http://sns-webpic-qc.xhscdn.com/202605291612/2e75055e48e836e391fc07e25757b30c/comment/1040g2h0320dk4faulm0048m8nms578h3i9tgbb8!nd_whgt34_webp_wm_1,0,1780042356208,56
69ee3a230000000028033895,1777220132000,福建,69eb447a000000001a02c15e,"我想请问下各位老师,对$方面有限制怎么破
(感觉我的鲜花有点太依赖兔兔了..？24年刷到兔视力那一篇被启发后，我也清晰了。我回顾了一下，免兔展示过，或者说提及过的有巨大变化的方面我都能成。比如👀 捏人  外貌  shifting之类都有过和兔分享出来的差不多的体验。只有金钱方面，虽然免兔开的法拉利但我一直会认为学艺术的家里本来也不差钱，，所以这方面就只有几次五百一千的)我已经不知道我到底懂没懂显化的原理了好像只是复刻...好像之前就是看兔兔→知道某方面可以这样变化→复刻出来体验",66da35dd000000001d023677,超拽高冷昵称,https://sns-avatar-qc.xhscdn.com/avatar/1040g2jo31t6tuikqlk5g5pmq6nencdjnd2qu9mg?imageView2/2/w/120/format/jpg,10,,0,1780042356209,8
6a15c7d9000000002b0017c5,1779812313000,陕西,69eb447a000000001a02c15e,想请教大家，我的狗狗咬人，是个坏狗，我一直在显化他变成天使小狗，平常也在试着训练他，可是每一次他仍然会因为人的动作冲上去扑咬人，但是我每次在他扑咬人之后把他关起来，情绪从很生气之后变成冷静，一直a他是个天使小狗，截止刚刚他咬人，我不知道自己哪儿没做好。(另外我一直在我们这边寻找合适的训犬师，以及自己也在训练，咬人的时候也打，没有宠着让着),680f371a0000000008017d5e,Villainess,https://sns-avatar-qc.xhscdn.com/avatar/645b65431e7abf18da7d1266.jpg?imageView2/2/w/120/format/jpg,11,,0,1780042359532,0
69edfce10000000028035533,1777204449000,陕西,69eb447a000000001a02c15e,想问一下各位老师，我了解显化大概有一年左右了，但在这期间我发现我有意识选择的剧情很少能真正投射在3d，这不是说是我假设的问题，昨天突发奇想想要显化一辆粉色的车出现，但直到昨晚都一直没有，这个过程中我也没有在等待，但就是没看到。就感觉有意识显化的事很少成功，最近在有意识的显化sp主动给我发消息，有相反的想法出现也会md下去，但在3d中就是没看到。虽然显化说要无视3d 选择意识，但我就是想要在3d看到并体验才会想要呀，我作为一团意识选择了新剧情后，并没有体验到我想体验的新剧情,643a7802000000000f006e21,momo,https://sns-avatar-qc.xhscdn.com/avatar/1040g2jo31ve3195siq005p1qf013orh1kq1k2no?imageView2/2/w/120/format/jpg,29,,0,1780042359532,2
69eb4fc2000000002b0001b7,1777029058000,天津,69eb447a000000001a02c15e,说实话真的没看懂。有老师讲一下吗[亲一个R],67a9adcb000000000e01dcac,momo,https://sns-avatar-qc.xhscdn.com/avatar/1040g2jo31u5hvdve2g005pt9ln5jjn5ce3lvppo?imageView2/2/w/120/format/jpg,29,,0,1780042359537,1
6a139713000000002702372c,1779668756000,河北,69eb447a000000001a02c15e,怎样才可以跳出受害者心态呢 难道我经历的不好的事也都是自己显化的 可是我不想体验痛苦啊[失望R],5c727593000000001103b6fa,今晚没空,https://sns-avatar-qc.xhscdn.com/avatar/1040g2jo312l2ij087m005n3iem9kfdnqo0bitn8?imageView2/2/w/120/format/jpg,4,,0,1780042359541,0
6a0fce48000000002902413f,1779420744000,陕西,69eb447a000000001a02c15e,突然想到一个点。执念，从另一个角度说也就是小我需要在3d找到能牵动自己情绪的人或事，从而与3d产生深的羁绊来证明世界是真的且小我是安全的。,59d4af4ade5fb43fa1f17cf4,暮春里,https://sns-avatar-qc.xhscdn.com/avatar/1040g2jo31vvkb8uqii0049s46snkkv7kfhm12so?imageView2/2/w/120/format/jpg,5,,0,1780042359545,66
69eb4c40000000002901958c,1777028161000,内蒙古,69eb447a000000001a02c15e,"同龄人:夸兔兔 保存图片 认真看帖 认真评论
我:冷静的看了一眼然后退出
就很……[捂脸R][捂脸R][捂脸R]
(os希望有人能懂我的抽象)",66d841cf000000001d032acd,天魔,https://sns-avatar-qc.xhscdn.com/avatar/1040g2jo320benaotme0g5pmo877neamds6si6j8?imageView2/2/w/120/format/jpg,33,,0,1780042359548,47
6a1148ff0000000029025264,1779517695000,湖南,69eb447a000000001a02c15e,强烈建议💐er都先去学释放，学完之后可以超级轻松体悟到显化法则，显化就像喝水一样简单（特别是不喜欢a的朋友，释放简直是天选之术）,694869460000000032016c9c,幸运星,https://sns-avatar-qc.xhscdn.com/avatar/1040g2jo31r3rh4rqnu605qa8d53cir4s1321erg?imageView2/2/w/120/format/jpg,12,,0,1780042359550,9
69eb5201000000002a02ce61,1777029634000,福建,69eb447a000000001a02c15e,新鲜的兔酱！,5b37583011be10730a870b2a,Hawing,https://sns-avatar-qc.xhscdn.com/avatar/1040g2jo31r6g5ath7g004a6n7sc302pa85b3m28?imageView2/2/w/120/format/jpg,19,,0,1780042359552,4
6a0dd5d00000000027014372,1779291601000,安徽,69eb447a000000001a02c15e,莱斯特的这段话“在最高的境界里通过知道来做；每时每刻你只是知道。 一种我就是知道的感觉！那仅仅是一种感觉的方式，是没有思考的，只是我就是知道它！知道是关键。你知道当你说我知道时是怎样一种感觉。那是没有任何怀疑，一丁点 的怀疑都没有。然后事情就发生了。这就是关键。这是知道的领域。任何时候都呆在这种状 态里吧。继续努力直到这种状态来到然后保持。能否快速到达这种状态取决于我们渴望它的 程度。我们越是渴望这种最高境界，就会越快达到。”感觉和🐰说的“知道”很像,60fccd310000000001005c25,彼得堡海鸥,https://sns-avatar-qc.xhscdn.com/avatar/1040g2jo3202goj4ql4005o7spkog8n154cbl4d0?imageView2/2/w/120/format/jpg,2,,0,1780042359553,71
6a14094b000000002b0286a4,1779697996000,广东,69eb447a000000001a02c15e,如果我3D做的行动和目标矛盾会影响吗？如果我是那个身份了我就不会做这事，但是3D又必须得做的话是不是只要投射不断掉还是不会影响的,67894db3000000000e01e310,^ ^,https://sns-avatar-qc.xhscdn.com/avatar/1040g2jo3204b17i22a005ps99mpjjoogpjfvlcg?imageView2/2/w/120/format/jpg,8,,0,1780042359556,0
69eb99350000000027021559,1777047861000,上海,69eb447a000000001a02c15e,所以有哪个老师可以给我解答一下为什么我最近显化完全落地了，SP完全大变活人最近幸福得不得了，但我还是会莫名其妙想起旧故事和一些猎奇的负面想法啊[呃R][呃R]是小我感受到恐惧了吗？我的自我概念里，爱不等于安全吗,55c8750a67bc651168573549,momo,https://sns-avatar-qc.xhscdn.com/avatar/1040g2jo31vtnpi55k800412852qgkda92pikv20?imageView2/2/w/120/format/jpg,16,,0,1780042362845,26
6a191112000000002a007578,1780027666000,河北,69eb447a000000001a02c15e,啊啊啊来报喜了兔兔，昨天晚上突然想到前女友有点崩溃，希望她能主动来找我，就大概想了一下微信通讯录有人添加的画面，然后就一直在想要和她聊什么，期间想起以前的事情特别崩溃一直在哭，然后刚才打开微信看到她十一点多来加我了，在这之前快一年完全无联系，并且当时还是她主动提的分手,69eec1ec0000000002002800,小红薯69EEF098,https://sns-avatar-qc.xhscdn.com/avatar/645b807d338379fac18930a8.jpg?imageView2/2/w/120/format/jpg,2,,0,1780042362847,7
6a166dd3000000002803b9eb,1779854804000,加拿大,69eb447a000000001a02c15e,有人鲜花过去世的亲人回来吗，或者穿到亲人还在的世界线上，我的外婆这个世界线上去世了,5fbe82f1000000000100604a,指比针,https://sns-avatar-qc.xhscdn.com/avatar/1040g2jo3162hi9tc0u6g5ntugbog8o2ap10cnpo?imageView2/2/w/120/format/jpg,2,,0,1780042362850,0
69ed91bf000000002900ecf5,1777177024000,山西,69eb447a000000001a02c15e,兔兔 最近中心法则都在更新了 我感觉这个世界真的在以我的意识运行,5ab7033f4eacab23ba668966,不朽的orange,https://sns-avatar-qc.xhscdn.com/avatar/1040g2jo31gsp59qejs004a3sus1jv2b6n4btirg?imageView2/2/w/120/format/jpg,8,,0,1780042362851,11
6a15b76e000000002902f67f,1779808110000,福建,69eb447a000000001a02c15e,大号人太多了不想被熟人刷到切小号来分享一下新体悟 每次出现情绪我都会想“那是你不是我” 今天想这句话的时候突然心里一紧 我又重复了一遍这句话 发现小我因为我的否认紧张了 本质上还是小我害怕被承认自己是假的 体悟到的一瞬间那种在胸口闷住的感觉马上消失了…才明白兔和粪老师说的“觉察即释放”到底是什么样的感觉 不需要特意去找个舒适的空间放松的姿势准备好一切才叫释放 觉察到的那一秒就已经是释放了...,5bc56c111cd06900019e4844,我超爱吃蔬菜,https://sns-avatar-qc.xhscdn.com/avatar/1040g2jo31oo68t546g004bfnuvm12i24d195k80?imageView2/2/w/120/format/jpg,0,,0,1780042362855,21
69f276ab00000000290261cb,1777497772000,河南,69eb447a000000001a02c15e,最近发现之前起念的一些目标也逐渐落地了，而且3d中呈现的比想象中的更好，前一段有一瞬间突然就破了时间的相，那时候意识到正是因为想要的本来就已经存在了，所以才会渴望，那既然本来就是我的东西，结局是注定的，还有什么纠结的呢，就再也没有关注过时间了。也开始很少看各种显化帖子了，因为只要是文字表达出来都多少会有一些限制，有些显化博主说的话我也不是全部都认同，新手时期把显化博主们当精神支柱，不错过任何一篇帖子一场直播，甚至晚上都需要听着直播和视频入睡，但在实操过程中也逐渐明白只有自己才是世界里唯一的“神”，我最喜欢看兔兔这种纯讲理论的帖子了，倒不是很关注别人的成功故事，也没人能复刻出一样的故事。,688a004b0000000028025709,小🐻,https://sns-avatar-qc.xhscdn.com/avatar/1040g2jo320at45tp62005q4a015q4lo9j7de3do?imageView2/2/w/120/format/jpg,2,,0,1780042362859,62
69f886e0000000002b02bdd0,1777895137000,浙江,69eb447a000000001a02c15e,有一个有点笨的问题。。想要实操，可是有时候总是太注重形式，而不知道该怎么实操。就像我想要显化我的体重，想着理想体重的人会怎么生活，可是我根本就不知道理想体重的人是怎么样生活的。有的人会说，嗯，可能瘦子就会吃很少，但是我有时候又在想我瘦下来的话可能也会吃很多东西，于是又被反复拉扯中。。。[完啦R],661abd56000000000d025408,满年,https://sns-avatar-qc.xhscdn.com/avatar/1040g2jo31bb6pmarng605pgqnlb3cl08sdu9h8o?imageView2/2/w/120/format/jpg,13,,0,1780042362862,2
6a1577df000000002702b290,1779791840000,贵州,69eb447a000000001a02c15e,"好奇妙，感悟到了我与现实的关系。
最近在实操的一句话是我决定我的现实。但是我突然又觉得，我甚至不用可以去决定它。刻意去决定就很微妙地站在了此刻我没有的位置上。
我只是在当下选择体验自己喜欢的剧情（不管3d在播放什么）无所谓3d到底是不是，什么时候是。但是它又必须会是，为什么？因为我永远无法独立存在，我必须得意识到一些东西才能意识到自己的存在，我只能通过各种各样不断变化的梦境（现实）来体验到，经历到我自己。
显化就是找到自己真正的位置，绝不是外界决定你是谁，而是你先认为自己是谁，外界的“你”（角色）才会成为谁。
醒过来吧，认清自己真正的身份。我很喜欢这样充满神性的视角，包容地允许着一切。",621ca60400000000210262ae,kk💙,https://sns-avatar-qc.xhscdn.com/avatar/1040g2jo31uf760edhu005ogsko28coled2um2ao?imageView2/2/w/120/format/jpg,0,,0,1780042362863,16
69eb5afb0000000028031ab8,1777031932000,加拿大,69eb447a000000001a02c15e,谁还存有兔那个pyq的图，就是因此可以坦然承认3d没有，比如衣柜里xxxx还没有拿出来穿，我记得好像是这个内容[吧唧R][吧唧R],5fbe82f1000000000100604a,指比针,https://sns-avatar-qc.xhscdn.com/avatar/1040g2jo3162hi9tc0u6g5ntugbog8o2ap10cnpo?imageView2/2/w/120/format/jpg,13,,0,1780042362936,4
69f97bb6000000002902d3c3,1777957815000,辽宁,69eb447a000000001a02c15e,不知道去哪里报喜，就来兔兔这里吧。一月中旬因为免疫系统崩溃，我患上了阴道炎。我当时觉得天都塌了，吃药看病都不能好，我就想显化。我听sub，作术，但每天都被迫查看3d，直到前几天我说不管了，就是好了，它只能听我的。从我下决心到恢复健康也只用了三天。要么有 要么没有 不存在一个过程，就是这样。,67794a1a000000001801c9cf,🐤,https://sns-avatar-qc.xhscdn.com/avatar/1040g2jo31vito7s82g005prp98d63iefavmofvo?imageView2/2/w/120/format/jpg,8,,0,1780042362938,67
69f5570e0000000029012a22,1777686286000,浙江,69eb447a000000001a02c15e,大家五一快乐，我最近看兔在评论区解释了几次假设法则和释放法在实操上的共通之处，加上自己实操，感觉真的有点打通了。仅论假设法则，宣告“我是”什么存在的那一刻，该有的状态其实就已经剥除除了“我是”之外的其他可能性，一瞬间一种非常神奇的感觉，也就像兔说的那样，是一瞬间的“知道”。我也体会到语言多么局限，哪怕多么想和大家分享那是一种多纯粹轻易却神奇的感觉，都根本没办法，我觉得兔用“知道”来描述这个状态已经很精辟很神了。释放法也很权威，仅论针对目标释放，其实也是在缩短你和“我是”的心理距离，把程式赋予你的多余心智思想都觉察出来扔掉，最后只剩“我是”。,66b73fcd000000001d0319ab,owow,https://sns-avatar-qc.xhscdn.com/avatar/1040g2jo31vf8c7mjii005pln7v6ne6dbtl3bh98?imageView2/2/w/120/format/jpg,2,,0,1780042366284,68
6a02ef5a000000002900d590,1778577243000,江苏,69eb447a000000001a02c15e,"关注兔兔很久了，也实操了一年多了，想提一个问题，关于接纳和md，如何做到不跟随情绪/负面想法，只是观望呢？
因为我有很多很多的恐惧我的大脑一直在不停的和自己对话，我md的步骤就是不断的觉察自己的负面想法，然后让这条想法完整的呈现，然后说，不，不认可，再去想自己的肯定语，这样做了大概一年，还是经常会跟自己拉扯。也尝试过有负面情绪里，恐惧，不去管，像是“逃避”，经过我长久的观察，当我不去管这些想法后，它们永远在那里，还会再出来。最近在尝试兔兔说的，不要给非a注意力，但是我不知道具体怎么做算是不给，我就观看我的情绪和想法，然后不给评价，也不去否定，再想我的肯定语，给我的肯定与以肯定，是这样吗？",58233d4c5e87e76ff8486df9,煤球,https://sns-avatar-qc.xhscdn.com/avatar/1040g2jo31ft6i80c0i0048r5bbukorfp496c480?imageView2/2/w/120/format/jpg,35,,0,1780042366288,0
69feda4d000000002a0046c7,1778309709000,安徽,69eb447a000000001a02c15e,我想显化视力清晰，找不到感觉怎么办呐。一睁眼还是模糊的，想象不到视力清晰是怎么样的[哭惹R],64980c74000000001f0059e5,娘们要战斗,https://sns-avatar-qc.xhscdn.com/avatar/1040g2jo31dlpbnlpgm6g5p4o1hq7omf5ja881gg?imageView2/2/w/120/format/jpg,13,,0,1780042366288,0
69ee2429000000002901b2b3,1777214505000,江苏,69eb447a000000001a02c15e,"兔老师，我根据你画了一个蛋糕/圆然后分块的那个评论突然有了一点理解不知道对不对（os其实就是车轱辘话换成一些我觉得合适的比喻，下面分序号写一下方便看੭ ˙ᗜ˙ ੭）：
1.就是“我”本来有一块完整的蛋糕（这个蛋糕里有各种分区，每个分区都是不同的口味。即你原来就是什么都有的。），一直都在那里，我现在的3d就是我吃掉且消化掉的那一小块。
2.如果我现在想吃别的（即体验其他3d），我也不需要逮着肚子哭“怎么办我已经吃了这块蛋糕（旧3d）怎么办怎么办”（即执着于不想要的旧3d）。很明显，催吐（即与旧3d纠缠对抗）也是不可取的。",685a1823000000001b02160e,小红薯685B2570,https://sns-avatar-qc.xhscdn.com/avatar/645b809d1b0ee4025dc47735.jpg?imageView2/2/w/120/format/jpg,18,,0,1780042366288,39
69f2419b0000000029012dd2,1777484188000,上海,69eb447a000000001a02c15e,深夜猪脑过载想到一个奇怪的问题：如果我在上一秒假设了a发生，但在这一秒假设了a不会发生，那么这一秒（or下一秒）现实会呈现给我的是一个发生过但现在不发生了，还是一个从头就没发生过的相呢？,5968bed682ec390b1cfe3354,囧囧玉,https://sns-avatar-qc.xhscdn.com/avatar/1040g2jo30q4oe2lbnm0049m38bvdccqk8bt7ue0?imageView2/2/w/120/format/jpg,10,,0,1780042366288,1
6a0803c6000000002901a473,1778910151000,河北,69eb447a000000001a02c15e,突然想到一个对待旧故事的方法，就是不要把它当成旧故事，这只是一个和以前一样的新故事，把它放到一个等待你显化的位置，比如要显化sp复合，好复合了，这就是现在的事实，然后“旧”的想法比如你们处在断联阶段出现，这个时候的想法就自然的变成了“我已经和sp复合了干嘛要显化断联呀，我不要断联，我和sp甜蜜着呢”,69eec1ec0000000002002800,小红薯69EEF098,https://sns-avatar-qc.xhscdn.com/avatar/645b807d338379fac18930a8.jpg?imageView2/2/w/120/format/jpg,5,,0,1780042366298,49
69fc16b2000000002b001394,1778128562000,韩国,69eb447a000000001a02c15e,只有实操了之后才会发现各种问题的解法，3d不仅仅是你看见的东西，脑子里乱七八糟的想法也是3d的一部分，不要跟着走，你就已经是正确的了，你没有任何问题 不要给自己找问题,6675b71800000000030327cb,满山猴子我腚最红,https://sns-avatar-qc.xhscdn.com/avatar/1040g2jo31omja0qt06005pjlmsc0u9ubaehv5tg?imageView2/2/w/120/format/jpg,2,,0,1780042366303,80
6a059310000000002b02bcb9,1778750225000,吉林,69eb447a000000001a02c15e,我终于明白了，开始进入了由繁化简的阶段，把以前因为无知和没有安全感一层层穿上的东西剥落下来。说一千道一万其实就是一个起念/决定/假设而已。有些“小”的落地神不知鬼不觉，甚至“自己都忘了”，是因为你起念了就没被3d触发过所以你没有去反驳过它，你自己都忘了你咋反驳。而“大的”你太在乎了，所以你无时无刻不在想，你看一切事物都能被触发（也许你会觉得明明就是3d贴脸，a相就是关联你的目标的，比如付不起账单就是没钱，这在逻辑脑上无懈可击，可是你可以回头去看兔的贴子我不赘述了，本质上就是没有关联，一切关联都是小我附加的），而你又无法时刻做到觉察，所以说不定哪一个念头就被自己放过去了,63ad054100000000260055a5,暴躁甜水,https://sns-avatar-qc.xhscdn.com/avatar/1040g2jo31rgod5t6ng605otd0l0pgld53o98eho?imageView2/2/w/120/format/jpg,4,,0,1780042366305,57
6a17f82300000000230014f5,1779955747000,广东,69eb447a000000001a02c15e,科技兔兔，你对 瞬移、瞬间切换周围地点环境 有体验吗？理论上来说是可以体验的。,588487c95e87e73f69488dcf,在唱歌的小啫喱,https://sns-avatar-qc.xhscdn.com/avatar/1040g2jo31rm7tg9iis50492jo83sj3ef3ioham0?imageView2/2/w/120/format/jpg,2,,0,1780042366307,0
69f9bcaa000000002900e6d1,1777974443000,山东,69eb447a000000001a02c15e,"啊啊啊，我悟了，我终于知道显化就是我们每天都在干的事啊
过去和未来都只存在于我的脑子里
只有当下才在现实里，只有当下而已，我只活在当下
那既然这样，未来的好的坏的都是平等的，没有谁比谁力量更大。
因为他都在我的脑子里
我能在没有证据的情况下一直去担心坏的事情
我为什么不去选择好的事情
我一直在焦虑那些还没发生的事情，似乎那些东西已经发生，我一直在担心，但事实上，它只存在于我的脑子里

我想这就是我在投入我的注意力，这就是我一直在做的事情",6970a71c000000003702c948,成为大圣一样的吗喽,https://sns-avatar-qc.xhscdn.com/avatar/1040g2jo31rjra25d326g5qbgksedtia8oe3hqe8?imageView2/2/w/120/format/jpg,6,,0,1780042366309,59
69f5dbf10000000027015241,1777720306000,广东,69eb447a000000001a02c15e,想请问大家。我之前💐成功过，但是出国留学这事一直没办法落地，不知道是不是限制性信念太重了觉得没有钱什么的，有时候自己也懂一些道理也相信是真的但是就会被带跑，很多也是基于别人成功的我才觉得我能成功才💐出来。比如sp，我平时a着a着也会冒出一些问题比如我想💐出国，那如果我讲中文是不是就不在终点呢因为一般都是要讲英文[抽泣R]还有如果我毕业去的话我现在kdy是不是要已经在了呢？如果更换将来时kdy那会来吗？总会有各种各样的问题，我有从去年10月💐到现在，中途💐sp还有其他的都落地了，唯独这个没有，所以我想问问各位老师，是不是需要尝试一下释放法还是什么都不管就a还是需要改一下哪里呢[抽泣R],67d9ab17000000000a03fcbf,萌萌之中早已注定,https://sns-avatar-qc.xhscdn.com/avatar/1040g2jo31r0i8j45gm005puplcbinv5vmk1io6o?imageView2/2/w/120/format/jpg,14,,0,1780042369549,0
69eb7482000000002803a52a,1777038466000,河北,69eb447a000000001a02c15e,我最近还发现一个很有用的思路，像短剧里宿主绑定进化系统的设定，3D当下的样子只是你的「初始外观」 ，而你的终极顶配本我本来就已经存在，金手指系统早就提前预览了所有进化形态，只是还没解锁权限，没拉满进化进度条，你唯一要做的锚定终点身份只刷「进阶值」 不看3D表象，专注锁定目标 稳住sc都是在默默累加进化进度，而且越无视进化积分、进阶数值就涨得越快，进度条满格的瞬间3D会瞬间自动切换建模形态，感觉慌的时候，直接自动代入我在走系统进化流程而已，新手期画面不算数，瞬间就稳了,62a73df7000000001b02beee,已绑定宇宙满级进化系统,https://sns-avatar-qc.xhscdn.com/avatar/1040g2jo31unve3ja2ge05ol77nrmtfne18dkvtg?imageView2/2/w/120/format/jpg,3,,0,1780042369551,128
69eb53a200000000230038b8,1777030050000,河北,69eb447a000000001a02c15e,哈哈哈 是这个意思 这团蓝的东西我管他叫投射器 万物由原子组成 原子是空的 没有投射器就没有原子 非常好理解[笑哭R],5e10269d000000000100a038,热心市民刘先生。,https://sns-avatar-qc.xhscdn.com/avatar/5e10269d000000000100a038.jpg?imageView2/2/w/120/format/jpg,11,,0,1780042369554,5
69ede2c7000000002702114b,1777197767000,江苏,69eb447a000000001a02c15e,谁能给我解答一下，比方说gwy考试，我和岗二都在显化上岸，那么最后这岗归谁？看谁的显化能力高吗？还是说，最后我俩都在不同的宇宙中得到了？,5c9f522500000000120351d1,云声,https://sns-avatar-qc.xhscdn.com/avatar/1040g2jo311rs30sv70kg5n4va8ikmkehh8cafa8?imageView2/2/w/120/format/jpg,8,,0,1780042369556,0
69ee2817000000002a031e1f,1777215512000,江苏,69eb447a000000001a02c15e,"刚刚发的那个思路可能有点啰嗦有点绕，其实还是之前帖子里差不多就有。还有一个突然想到的就是根据兔在置顶的帖子里的话“你之外没别人”，我当时也就仅限于记，没怎么思考，也是今天突然想到一些展开，（这样看学习确实有滞后性（｀Δ´）！）不过这个思路就很简短了！
：已知一切的投射都源于你的意识，那么你想要什么其实就是在和你的意识要，那又怎么会要不到呢？你是在和自己要东西啊。
暂时没在3d显示出来，那就a或者md或者怎么样的去提醒你的意识，但无论怎么样都会得到的，因为就是在和自己要东西啊！（这句话我想到的时候感觉什么都通了！没有什么“被赐予”，从头到尾就是在和自己要）",685a1823000000001b02160e,小红薯685B2570,https://sns-avatar-qc.xhscdn.com/avatar/645b809d1b0ee4025dc47735.jpg?imageView2/2/w/120/format/jpg,3,,0,1780042369557,58
69eb536b000000002a02c409,1777029996000,江苏,69eb447a000000001a02c15e,姐姐，我有几次体悟过一切都在意识之内。然后平时生活的视角都在观察着的位置（其实我不知道这样形容是不是对的，但是就是感觉一切像个屏幕，我和别人和我自己都隔了一层膜）但是我也可以说我这个角色的感受是很痛苦的，很崩溃有一种只有我一个人的那种孤单恐惧的崩溃。放了很久，也可能是我不敢面对，所以一直没有处理好。这种感觉已经持续了半年多了。,63061dd50000000015014448,念安,https://sns-avatar-qc.xhscdn.com/avatar/1040g2jo32009ofvg2q6g5oo63nalah28jeqcug8?imageView2/2/w/120/format/jpg,14,,0,1780042369558,2
6a0aa5d60000000027028124,1779082725000,广东,69eb447a000000001a02c15e,[视频] 14s,5a3b7ee711be1035400c9538,vivi鼠🐹,https://sns-avatar-qc.xhscdn.com/avatar/1040g2jo320el9jjblk604a0d9fvef59oha2hfhg?imageView2/2/w/120/format/jpg,3,,0,1780042369559,46
6a16441d000000002701d526,1779844125000,河北,69eb447a000000001a02c15e,打扰评论区的宝宝了 我知道兔兔这里都是报喜的 不想影响这里的磁场 只是确实遇到了困惑 想请大家 看看我最新发的一个小红书 因为时间太长想请大家给我点力量吧[哭惹R],5fe2d833000000000100443d,momo,https://sns-avatar-qc.xhscdn.com/avatar/1040g2jo31vdn04fd48005nv2r0pg8h1tpoq5stg?imageView2/2/w/120/format/jpg,2,,0,1780042369560,1
6a053e86000000002701cc7c,1778728582000,江苏,69eb447a000000001a02c15e,分享一次shifting经历：前天睡午觉的时候莫名其妙就转移了，转移到了大润发超市里，因为我一直在显化财富，所以意识到自己转移后我就立刻打开手机查看我的手机余额，然后发现微信里的钱竟然有一大长串，就跟身份证号码一样长，把我开心坏了[害羞R],604f28ab0000000001003d3d,草莓🍓,https://sns-avatar-qc.xhscdn.com/avatar/1040g2jo31t24uo5sl8505o2f52lg8f9thqqoe08?imageView2/2/w/120/format/jpg,4,,0,1780042369567,37
69eb64f7000000002702bbea,1777034488000,天津,69eb447a000000001a02c15e,身为觉察的“祢”创造了世界A和视角小我“你”，觉察切换到了世界B，视角来到世界B的“你”，B和A的区别是你有了一个苹果其他都一样这个就是显化。觉察到了世界C，世界C里“你”是孙悟空，骑着筋斗云打妖怪这个就是转移,613ce7b600000000020188a9,退后,https://sns-avatar-qc.xhscdn.com/avatar/1040g2jo31jbpfrhb2e005o9ssur0j2592h7lt7o?imageView2/2/w/120/format/jpg,2,"http://sns-webpic-qc.xhscdn.com/202605291612/bfc1d79dd01f476252a1877d90aae5b0/comment/1040g4b831vbi5m4jis905o9ssur0j2594p6vd3g!nd_whgt34_webp_wm_1,http://sns-webpic-qc.xhscdn.com/202605291612/fc3b34edf0781b3b557de95eee4be1ad/comment/1040g4b831vbi5m4jis9g5o9ssur0j259jg25t68!nd_whgt34_webp_wm_1,http://sns-webpic-qc.xhscdn.com/202605291612/76afab142b3636faec9206a7c8ea8458/comment/1040g4b831vbi5m4jisa05o9ssur0j25947f64jo!nd_whgt34_webp_wm_1,http://sns-webpic-qc.xhscdn.com/202605291612/4c705ee8241c7337446dbcde4aa2eafd/comment/1040g4b831vbi5m4jisag5o9ssur0j259h89u5jo!nd_whgt34_webp_wm_1",0,1780042369572,42
69eb5eeb000000002701f794,1777032939000,陕西,69eb447a000000001a02c15e,哎宝宝们我有一个小问题想请教，偶尔会有一种突如其来的恐慌包裹着我，然后脑子里疯狂涌入负面想法，在这一小段时间里我会很崩溃，即使只有几分钟，但是释放以后又能安住在新身份里，再去看刚刚的自己甚至有点好笑。老铁们我知道感觉不重要，情绪不重要，但是那段时间里我真的不太好受，像被夺舍了一样，我只是想知道为什么[叹气R],5bb000ede617cb000119c6db,雪球好运来,https://sns-avatar-qc.xhscdn.com/avatar/1040g2jo31id0rj5a7m004b7q9k0erhmroqkji90?imageView2/2/w/120/format/jpg,5,,0,1780042372907,13
69eb532d000000002803029f,1777029933000,广东,69eb447a000000001a02c15e,知道自己活着就可以了,5ab63ddfe8ac2b3d91b14c51,安然,https://sns-avatar-qc.xhscdn.com/avatar/1040g2jo31bugnpkvgk004a3saeutuj2hav7q60g?imageView2/2/w/120/format/jpg,8,,0,1780042372914,15
6a09d27c0000000028036587,1779028604000,陕西,69eb447a000000001a02c15e,好喜欢兔的评论区，所有人都在积极分享自己的心得，里面的好多留言都让我受益匪浅。来自四面八方的陌生人为了同一个目标努力，也会毫不吝啬地给予别人帮助，这种感觉太奇妙了。,5ef31690000000000101f34f,Five花肉肉,https://sns-avatar-qc.xhscdn.com/avatar/1040g2jo312s21bhs4k005nnj2q80bsqfv90o070?imageView2/2/w/120/format/jpg,4,,0,1780042372917,41
69ec2ac80000000029011aa2,1777085128000,天津,69eb447a000000001a02c15e,想分享一个我在用的辅助方法，让ai生成一个类似模拟人生系统的东西，所有设定自己写，想写成什么样写成什么样，然后让ai基于这些设定展开故事，你就是这个模拟人生的主角色，建模什么的都自己捏，玩着玩着哪里不满意随时可以改指令，很容易就自然而然的站在那个“神”的位置了，因为这整个世界都是你创造的，想体验什么就写什么指令，我实操下来3d很多事真的向我描述的设定那样对齐了,66ef5583000000001d022378,木子李,https://sns-avatar-qc.xhscdn.com/avatar/1040g2jo31cls92qfgk005pnfam1nc8rohs76t88?imageView2/2/w/120/format/jpg,5,,0,1780042372919,24
6a160399000000002803820f,1779827609000,马来西亚,69eb447a000000001a02c15e,想知道兔兔平时都是怎么释放的呀[谢谢你的赞H]（有看到兔兔是在睡前释放的）就是意识到自己只是个意识就算释放了吗[皱眉R],5f23dad10000000001005ecf,吉祥如伊书鼠,https://sns-avatar-qc.xhscdn.com/avatar/1040g2jo31sp1tltp5k6g5np3rb8g8nmf49h7na0?imageView2/2/w/120/format/jpg,3,,0,1780042372925,0
69f3609600000000280097ba,1777557654000,山东,69eb447a000000001a02c15e,我已经到了不想鲜花的地步了怎么办[石化R]不想a肯定句不想提醒自己的身份，连鲜花视频和文章也不想看，整个人都摆烂了，这样的状态怎么调整呢[哭惹R][哭惹R],5bb2d3bccd338f0001adb520,巧克力派好好吃,https://sns-avatar-qc.xhscdn.com/avatar/1040g2jo31suimmqhl6104b8r1t9rpd9069b5l3o?imageView2/2/w/120/format/jpg,8,,0,1780042372932,2
6a0da23b000000002a032448,1779278396000,山东,69eb447a000000001a02c15e,战斗AI老师 我昨天突然悟到的一点就是，显化其实特别像性状表达。显性基因和隐性基因，有时候人有可能是显性基因的性状表达，也有可能是隐形基因的表达，而未表达的性状并不是你没有，而是你自己没有选择表达这个基因。显化也是，一切都存在于自身，显化只是做出选择的一个行为，并非看似面上的有或无就代表自己真的有或无，这个“无”其实应该叫作“隐”。,63900689000000001f019b71,空山,https://sns-avatar-qc.xhscdn.com/avatar/1040g2jo31otab0li1k505osg0q4nr6rhok9stgo?imageView2/2/w/120/format/jpg,5,,0,1780042372934,42
6a01d5780000000027021a23,1778505081000,广东,69eb447a000000001a02c15e,我好像能理解每一个都是自己的“选择”了，我们本身没有一个命定的“命运”，走到如今现在的3D都是自己的选择，所以完全不用顺延以前的记忆，也不用顾虑未来，只是在当下直接用注意力选择你要的，给你想要的注能，3D只能呈现。每次感觉悟到就是一瞬间，想写下来发现全是兔兔说过的，体悟的感觉真的不一样诶～不知道我这个理解对不,67d9ab17000000000a03fcbf,萌萌之中早已注定,https://sns-avatar-qc.xhscdn.com/avatar/1040g2jo31r0i8j45gm005puplcbinv5vmk1io6o?imageView2/2/w/120/format/jpg,3,,0,1780042372937,53
69ec1c6b000000002b029cc1,1777081451000,甘肃,69eb447a000000001a02c15e,分享一下最近悟出来的对所谓的“时间相”的看法。之前兔也说过，时间这个东西不存在。大家可以理解为，就像一部剧，其实拍的时候并不是按照最后播出的那样从前到后拍的，而是没有任何所谓的“顺序”，各种你想要的片段早就拍好了。,64f9eb2c00000000040267a9,满皇最爱的咸鸭蛋,https://sns-avatar-qc.xhscdn.com/avatar/1040g2jo31ptrervf5a6g5p7ptcm14pt996t5gqo?imageView2/2/w/120/format/jpg,2,,0,1780042372938,33
69f95dce000000002702d0a6,1777950159000,美国,69eb447a000000001a02c15e,我感觉觉察到一些想法和情绪都是小我后就不用md和释放了 因为真正的我就是知道我能力无比巨大 我现在借用小我的身体体验我要体验的剧情 这世界存在的一切都是为了让我体验剧情 这个小我的想法和情绪就自然而然消散了 还是这其实就是在md和释放了,5d3c771b000000001003833a,超酷盖的wyq小号,https://sns-avatar-qc.xhscdn.com/avatar/5d3c771b000000001003833a.jpg?imageView2/2/w/120/format/jpg,4,,0,1780042372939,39
69fcacb0000000002702c51a,1778166960000,湖南,69eb447a000000001a02c15e,兔兔[害羞R]跟你讲个搞笑的事，我长后脑勺了，是这样的，我的头一直是很圆的，我也一直很满意自己的头骨，但是唯一的缺点就是我后脑勺有点扁，然后昨天晚自习上课的时候，我突然就想，哎，后脑勺圆起来的话，应该会很好看吧？真的就是超级随便的臆想，结果接下来的三四个小时我都体会到我的头皮麻麻的后脑勺那1块一直在动，真的感觉到在长东西,5fa760530000000001006c2b,樱春眠,https://sns-avatar-qc.xhscdn.com/avatar/1040g2jo31reqrnuk706g5nt7c19g8r1bttb8tn0?imageView2/2/w/120/format/jpg,6,,0,1780042376205,14
69f741ca0000000027023f62,1777811916000,中国台湾,69eb447a000000001a02c15e,做個梗圖玩玩[嘻嘻R],612a2053000000000101efc5,好了啦,https://sns-avatar-qc.xhscdn.com/avatar/1040g2jo31p9c6j9p2a6g5o9a419gbru5m3um6p8?imageView2/2/w/120/format/jpg,2,http://sns-webpic-qc.xhscdn.com/202605291612/7fd8c702e8fc054186e532102f792967/comment/1040g4b831vn50r571meg5o9a419gbru5mvqhhlo!nd_whgt34_webp_wm_1,0,1780042376205,31
69fb39490000000027029dab,1778071882000,湖北,69eb447a000000001a02c15e,"我突然体悟到，其实就像吃东西，我尝了菜1觉得真难吃（旧故事太烂），那我直接去吃别的菜就好了，难吃不会传染，它再难吃也不影响我吃美味的菜2（新故事）。
我吃2吃得好好的时候可能会：想到1真难吃啊（被旧故事触发）/又去吃了口1发现还是难吃（推3d被创），这都不影响我继续去吃2，没人拽着我强迫我非得吃1、1只是盘菜也没手拽着我非得吃它。菜1不会因为我想起它，就把菜2变难吃；菜2也不会因为我又去吃了口/看了眼菜1就消失。我只管吃菜2就行了[色色R]
",61477ae500000000020225ac,南瓜卷,https://sns-avatar-qc.xhscdn.com/avatar/1040g2jo31sdbefftle005oa7fbigk9dc1gimnv8?imageView2/2/w/120/format/jpg,2,,0,1780042376213,27
6a11adb7000000002b02b0c7,1779543479000,广东,69eb447a000000001a02c15e,今天狼队打ag，本来我是谁赢都无所谓，后面想让狼队赢（因为打了好久想快点结束），然后赛点我就释放了几下，心态一直都是淡淡的，虽然我看的解说，前面一直在说ag阵容很好，必赢，后面ag打不过说很多机会翻盘，但是我都没管，因为我知道狼队会赢，结果就赢了,609f75f5000000000100b741,糯山糯,https://sns-avatar-qc.xhscdn.com/avatar/1040g2jo31uk1lsehia6g5o4venqg9dq15tc5ld8?imageView2/2/w/120/format/jpg,9,,0,1780042376217,5
69ee129c00000000280308fa,1777210042000,重庆,69eb447a000000001a02c15e,各位宝宝们！以下看了其他评论区催更的评论对我兔更新频率感想及小巧思提醒~ ୧⍢⃝୨,5ea013ad0000000001009ca4,baibai7,https://sns-avatar-qc.xhscdn.com/avatar/1040g2jo31v2nuh35iq505nl02emg97540dbktn0?imageView2/2/w/120/format/jpg,7,http://sns-webpic-qc.xhscdn.com/202605291612/7a335820c1fb1eef3f629e6210b7f40d/comment/1040g4b831ve60hnsigd05nl02emg9754jgvfar8!nd_whgt34_webp_wm_1,0,1780042376218,15
6a048aa50000000029026134,1778682534000,重庆,69eb447a000000001a02c15e,兔兔，特别想跟你说遇见你真的超级无敌幸运啊，特别特别感谢你，以及下面评论区的小伙伴，这是第二条在你小红书的留言，第一条是说爱你哈哈哈哈。刚刚发生了一个事情。家里的燃气突然出了故障。找了物业，找了燃气公司都排查不出来原因，只能明天让师傅来上门帮我维修。因为现在已经这么晚了工作人员已经下班了，只能明天白天来。但是我不管。我当时就在想，我不是地球人，不遵循这些逻辑规则。出故障关我什么事，我已经洗了舒舒服服的热水澡，趴在我的床上刷着手机，准备睡觉。这种想法特别稳，我知道我就是很舒服的洗澡了。,5c5994a90000000011024be5,是你的安娜贝尔,https://sns-avatar-qc.xhscdn.com/avatar/1040g2jo31ptrcdpvl2605n2piikkciv5q4qfs50?imageView2/2/w/120/format/jpg,3,,0,1780042376222,15
69fa05a20000000027016b6a,1777993122000,江苏,69eb447a000000001a02c15e,银行卡之前被冻结了，试了好几次密码都解不开，断断续续a了几天。前几天急用里面的钱，气急败坏地狠狠a了几下，又去试了密码，和我之前试的密码是一模一样的，但是就是解冻了。,68c926000000000021018ec8,告告,https://sns-avatar-qc.xhscdn.com/avatar/1040g2jo31st90f4d566g5q694o08b3m818u4mt8?imageView2/2/w/120/format/jpg,2,,0,1780042376226,11
69eb4e850000000028030414,1777028742000,江西,69eb447a000000001a02c15e,这个兔又变美了呃啊啊啊,60ea60780000000001006222,noryuda,https://sns-avatar-qc.xhscdn.com/avatar/1040g2jo31mk1fr5bmm005o7ac1s08oh2c1cbbjo?imageView2/2/w/120/format/jpg,3,,0,1780042376227,7
6a0af0280000000029013e48,1779101737000,福建,69eb447a000000001a02c15e,今天想给大家一个小提示 不要被感受/心态/体感这些东西吸引了转变了方向 本来你只需要咬死你的目标就好 今天复盘了一下 发现这几天总是在追求那种“轻松的状态”  不过你当然可以轻松的💐 比如说有压力的时候可以尝试箱式呼吸 多进行内在对话等等 但是当你有这种想法的时候 你去搜索 去问 你就认为这个“阻碍”了你的💐 但其实也只是因为你不愿意走过去而已 不要对抗 走过去就好了,6833cf9e000000000e02ff92,军用科技虎形战斗AI,https://sns-avatar-qc.xhscdn.com/avatar/1040g2jo31vg995dcig6g5q1jpuf3lvsipsnv92o?imageView2/2/w/120/format/jpg,1,,0,1780042376229,15
69ec4d23000000002902f779,1777093928000,安徽,69eb447a000000001a02c15e,有人能帮我梳通一下嘛[哭惹R][哭惹R][哭惹R][哭惹R],5eb560340000000001006f08,想要就能得到,https://sns-avatar-qc.xhscdn.com/avatar/1040g2jo32099e7kg62005nllc0q08ro88oktbf0?imageView2/2/w/120/format/jpg,7,http://sns-webpic-qc.xhscdn.com/202605291612/7eefc9ce1ec36dccf55a523cb677098c/comment/1040g2h031vcel5j8ig005nllc0q08ro8n7kle08!nd_whlt34_webp_wm_1,0,1780042376231,2
69fc9fc10000000029026612,1778163650000,河南,69eb447a000000001a02c15e,显化的时候把自己脑仁当1Mb大小就够了，每次想到目标，自动运行“已经完成”这一程序，就这样，已经够了，别的东西你哪有那么大空间去运载储存啊。,62dd12a3000000001e01d53c,圆融,https://sns-avatar-qc.xhscdn.com/avatar/647f356c79b89dc9fe88027f.jpg?imageView2/2/w/120/format/jpg,1,,0,1780042379477,47
6a0af67b000000002900ccd6,1779103356000,江西,69eb447a000000001a02c15e,来报喜了，已高分上岸[害羞R]心无所住而生其心，3d是💩,5b5bf3f9e8ac2b1c53bcec61,不许动,https://sns-avatar-qc.xhscdn.com/avatar/1040g2jo31phh40obio004a7jqmpvjr3138iokig?imageView2/2/w/120/format/jpg,2,,0,1780042379480,13
6a06b32300000000280322e2,1778823971000,贵州,69eb447a000000001a02c15e,宝宝，我想问一下。我在💐长高 ，每天早和晚上在床上默念。但是有时候思维会突然跳跃，集中不了注意力，感觉就是单纯的a几遍就完事，感觉就是表里意识不一，这种怎么办？还有就是我想象不出长高后的样子。但是我白天一有时间，就会告诉自己已经长高了，裤子已经短了这种话术。[哭惹R]这种怎么解决啊[失望R]。,5f0d909300000000010028c5,已经拥有,https://sns-avatar-qc.xhscdn.com/avatar/63dd2813cecffc84bacf47ba.jpg?imageView2/2/w/120/format/jpg,5,,0,1780042379482,1
69fd5124000000002a0317ce,1778209060000,江西,69eb447a000000001a02c15e,直接站在新身份真的很好用，头脑里的所有问题都不攻自破，但是我总感觉胸口闷闷的，好像是一种恐惧和不安的感觉，我用释放法也没有什么效果，这是怎么回事呢,666ced2800000000070050fb,Stella,https://sns-avatar-qc.xhscdn.com/avatar/1040g2jo31f9m8hvb6o005pjctkk1ok7rm1hg32o?imageView2/2/w/120/format/jpg,3,,0,1780042379485,4
6a06891f00000000290102d6,1778813215000,重庆,69eb447a000000001a02c15e,因为太喜欢你了，每天都要来你的帐号看你一次[笑哭R]总是看不到更新，挺想你的[飞吻R],5a2e04afe8ac2b45ceee2207,勇勇姐姐,https://sns-avatar-qc.xhscdn.com/avatar/1040g2jo3156pbkf314004a07542au8g7c4hdbg0?imageView2/2/w/120/format/jpg,4,,0,1780042379489,11
69eb6e130000000029019262,1777036819000,河南,69eb447a000000001a02c15e,兔兔好白好白好白！感觉香香软软的[偷笑R][偷笑R][偷笑R]题外话：感觉兔兔讲的显化太容易懂了，就像老师说的把饭嚼碎了喂嘴里，知道和图像相对应这种话是多么的通俗易懂！和我实操的感悟是一样的显化真的好简单，就是退到玩家观察者视角，看一遍要npc 体验的剧情就行，知道这件事就是已经发生了。在剧情还没加载出来之前狠狠观看一番就行，然后认定就是发生过了。一切都只是玩家的选择，选择看什么，选择让什么发生！[飞吻R][飞吻R][飞吻R],65e05133000000000500e8bb,与我无关,https://sns-avatar-qc.xhscdn.com/avatar/1040g2jo31vbhv55ejq005pf0a4ph9q5r4fvanlg?imageView2/2/w/120/format/jpg,1,,0,1780042379494,25
6a07f5eb00000000270292eb,1778906603000,安徽,69eb447a000000001a02c15e,我想问一下之前有说过这具身体的肉体、念头、情绪和五感都不是“我”，那什么才是“我”呢？在显化过程中面对不想要的3d，有很多人会说可以去想这不是“我”，可是兔也说过一切都在“我”之内，我有点迷茫，假如把现实生活看作是一场游戏，那在这场游戏中有什么是我可以相信的呢？,60fe6593000000000101ff69,fiiii_nene,https://sns-avatar-qc.xhscdn.com/avatar/1040g2jo31tl2i3h86i6g5o7ucm9gbvr92glsn90?imageView2/2/w/120/format/jpg,3,,0,1780042379499,1
69ec181900000000270166df,1777080346000,湖北,69eb447a000000001a02c15e,老师们好 我有一个问题 我没办法凭空的让自己保持很坚定的相信状态 我会做一些事 这样我可以更好保持相信的状态 那这种情况能鲜花吗    因为我之前看到兔兔有个帖子说 一个妻子以为自己丈夫很忠诚 结果发现出轨 也是没有任何怀疑 就是因为她是基于3d的逻辑去推的相信  那应该是要保持怎么样的相信呢[哭惹R],5c163901000000000701d825,Liiii,https://sns-avatar-qc.xhscdn.com/avatar/1040g2jo31t9bqltal6005n0m740hrm1599d2rv0?imageView2/2/w/120/format/jpg,6,,0,1780042379500,1
6a0d7469000000000d021800,1779266665000,中国香港,69eb447a000000001a02c15e,不知道兔會不會有天開直播跟大家閒聊哈哈[再见R],62034d560000000010006d2b,宇宙無敵大寵兒,https://sns-avatar-qc.xhscdn.com/avatar/1040g2jo31vbesb1tim0g5og39lb40r9b5nai16o?imageView2/2/w/120/format/jpg,4,,0,1780042379503,17
69ef5ec5000000002803beb1,1777295046000,北京,69eb447a000000001a02c15e,各位老师们想问一下，没法长时间站在终点状态怎么办？总是能想到3d还没落地，一直md吗？,5f941d59000000000100bcd2,送二次元归西,https://sns-avatar-qc.xhscdn.com/avatar/1040g2jo31u6bufs9iid05nsk3lcg9f6ija7lev0?imageView2/2/w/120/format/jpg,6,,0,1780042379505,0
6a0d46d400000000290125d1,1779254997000,江西,69eb447a000000001a02c15e,昨天下午手机突然黑屏开不了机，因为是旧手机，家人有擅长修手机的，看了都说修不了没用了，我不信，一切都是我创造的，我说有用就有用，现在已经完全好了,5f3cf4420000000001005a1a,Lylia,https://sns-avatar-qc.xhscdn.com/avatar/63cce305904bb17aa587a5c7.jpg?imageView2/2/w/120/format/jpg,1,,0,1780042382740,10
69eb930c0000000028031df0,1777046285000,安徽,69eb447a000000001a02c15e,想问问大家，我现在在显化我的小猫回来。前几天家人告诉我猫死于肾衰竭但我不在现场，我现在的kdy是“猫现在活着而且已经回家了”，但在家看不见猫还是会崩溃动摇要怎么办啊？一想到猫走掉止不住地哭。而且生死这样的事真的能显化吗？,658992a6000000002001defe,momo,https://sns-avatar-qc.xhscdn.com/avatar/645b6b2504c28aa15eab1dac.jpg?imageView2/2/w/120/format/jpg,9,,0,1780042382743,1
69f33b3a000000002a024e90,1777548099000,广东,69eb447a000000001a02c15e,今天拍了新的，这样还有没有老实人豁出去的感觉,5cc125010000000010012f42,军用科技兔形战斗AI,https://sns-avatar-qc.xhscdn.com/avatar/1040g2jo30vrl64mklo005n614k0k2bq2qvqr538?imageView2/2/w/120/format/jpg,114,http://sns-webpic-qc.xhscdn.com/202605291613/52500e958f1f234c73bb42da13e0d174/comment/1040g2h031vj776ql2i005n614k0k2bq26t1t1i0!nd_whgt34_webp_wm_1,0,1780042382747,420
69eb57bf0000000029036567,1777031104000,广东,69eb447a000000001a02c15e,我的照片难道真有一种老实人豁出去的感觉吗,5cc125010000000010012f42,军用科技兔形战斗AI,https://sns-avatar-qc.xhscdn.com/avatar/1040g2jo30vrl64mklo005n614k0k2bq2qvqr538?imageView2/2/w/120/format/jpg,50,,0,1780042382750,265
69fc7794000000002902c843,1778153364000,广东,69eb447a000000001a02c15e,"私信暂关喔，这两天不知道在哪里可能又被推荐，涨粉快私信也多了[扶额R]我说勿私信好像也不管用。我这边确实不接1v1，新人可以先看看过往文章和评论区，至少我看大部分新问题其实一点也不“新”。
你现下的困顿、痛苦和迷茫摇摆都是真实的，也是没什么可羞耻的一步，但你最终总会发现法则是真实的。",5cc125010000000010012f42,军用科技兔形战斗AI,https://sns-avatar-qc.xhscdn.com/avatar/1040g2jo30vrl64mklo005n614k0k2bq2qvqr538?imageView2/2/w/120/format/jpg,25,,0,1780042382752,218
6a0d6299000000002702f3d8,1779262106000,广东,69eb447a000000001a02c15e,宝宝老师们，其实根本没有那么多问题，其实只需要不认旧故事，死赖着新故事并且不断提醒自己，我的想法才是现实就可以了，落地速度根本不用去担心（目前实操下来是这样，大概能在三天内无差别落地）。我是在四月底真正下决心去选择我想要的剧情的，那时候我也老爱看3d，觉得为什么还没有啊，我是不是妄想症啊之类的，结果就是每天都很焦虑，但又在想，退回去当唯物主义我也不能完全自洽了，所以干脆就放开手吧，反正这个烂3d也就这样。后面不看3d以后，想要的剧情一个个极速贴脸。刚才对我而言比较一个大的结果落地了，来感慨一下。去大胆创造想要的生活吧，想要何必怕，怕又何必要。🥹🥹🥹🥹520快乐大家,687c9482000000000d03f140,一口八个大蓝莓,https://sns-avatar-qc.xhscdn.com/avatar/1040g2jo320d4p52u5e005q3sii13fsa0649cblo?imageView2/2/w/120/format/jpg,38,,0,1780042382756,276
6a1926e4000000002702a086,1780033253000,河南,69eb447a000000001a02c15e,我现在最大的体悟是我就是意识 我根本不是这个肉身,62274240000000002102b638,苏苏,https://sns-avatar-qc.xhscdn.com/avatar/1040g2jo31iqp75690s6g5oh78908ddhocqqtjs0?imageView2/2/w/120/format/jpg,0,,0,1780042382758,1
6a19261e000000002b002030,1780033054000,江苏,69eb447a000000001a02c15e,来看看兔兔，写完本学期最后一点作业开启我的爽文剧本[生气R][生气R][生气R],64396cac000000000d0195b7,11,https://sns-avatar-qc.xhscdn.com/avatar/1040g2jo31atm8l357e005p1pdim3b5dn73p00q0?imageView2/2/w/120/format/jpg,0,,0,1780042382760,0
6a189f860000000029036f3d,1779998599000,山东,69eb447a000000001a02c15e,兔兔做梦也是转移的一种嘛？我这一周已经做了两次噩梦了一次被追sha，一次也很可怕，我做噩梦的时候有一点点体感，这应该算是无意识转？因为不是我想要的，这次噩梦直接把我吓醒了，醒来半边手臂都是麻木的，还有一次半夜明显感觉自己手机刺痛[哭惹R],674e5400000000000800923e,世界是我的坐便器,https://sns-avatar-qc.xhscdn.com/avatar/1040g2jo31k5jdpd7j0605pqeag0214hum8hvcjo?imageView2/2/w/120/format/jpg,0,,0,1780042382763,0
6a186fae00000000290268f8,1779986351000,云南,69eb447a000000001a02c15e,我来。翻plq也想分享一下，突然想到久远的例子_五月初是瓦罗兰特vct cn比赛。我当时去看edg和ag的比赛。第一个地图edg出师不利前几局都输掉了，我当时就想着“不行得翻了”结果第五局真的翻了后来一路高歌赢得了比赛。隔了几天又去跟xlg打。我看了几局没看了因为心惊胆战，双方都很强，然后我又心里默念“edg赢了”。当时心里超级忐忑结果晚上回来发现edg确实又赢了hh。,61b2b484000000002102afb8,feiniao,https://sns-avatar-qc.xhscdn.com/avatar/1040g2jo320hv14r8m86g5odimi28dbto85rmab0?imageView2/2/w/120/format/jpg,1,,0,1780042382768,2
69b91389000000001400b502,1773736842000,江苏,69b3f277000000001d01ddfc,玄学爱好者，告诉你，运气变好，收入变好很好，桃花千万别多,5f3a354e00000000010007cd,澄心见月,https://sns-avatar-qc.xhscdn.com/avatar/1040g2jo31pphsphs4m605npq6l7081udd2q5qc0?imageView2/2/w/120/format/jpg,11,,0,1780042388233,466
69c37a4d000000001400864f,1774418510000,江西,69b3f277000000001d01ddfc,咋输出，告诉我元宝给了你多少广告费,63e0f69000000000260125f9,不许偷看我的主页,https://sns-avatar-qc.xhscdn.com/avatar/1040g2jo31olir55jmg0g5ov0uq89i9fprbtsr3o?imageView2/2/w/120/format/jpg,4,,0,1780042388237,7
69c11fda0000000001006630,1774264283000,浙江,69b3f277000000001d01ddfc,最近刷到了好多元宝的推荐啊……,5458db96d6e4a90a29e653f4,超爱吃的多吉吉,https://sns-avatar-qc.xhscdn.com/avatar/626a6507890b74ae1aa23bdb.jpg?imageView2/2/w/120/format/jpg,2,,0,1780042388239,33
69b91fc900000000010067d6,1773739977000,福建,69b3f277000000001d01ddfc,姐妹，你那个表达力视频怎么找不到啊[捂脸R],633d14e8000000001802b8b3,小巫减肥记,https://sns-avatar-qc.xhscdn.com/avatar/1040g2jo317ktn6t7jk6g5opt2jk65e5jgkso8do?imageView2/2/w/120/format/jpg,6,,0,1780042388239,0
69be2e6e0000000015002af6,1774071406000,江苏,69b3f277000000001d01ddfc,似广告 总结ai比我聪明 多利用,650b9d55000000001603bfa1,小红薯650C8ACE,https://sns-avatar-qc.xhscdn.com/avatar/645b7e17e29f7d0acadad89f.jpg?imageView2/2/w/120/format/jpg,1,,0,1780042388241,5
69b8acd3000000000d03efc3,1773710548000,福建,69b3f277000000001d01ddfc,要钱吗？这个功能[萌萌哒R],6591117b0000000022016738,小红薯659276F6,https://sns-avatar-qc.xhscdn.com/avatar/645b800677c97ef1a2abc7e0.jpg?imageView2/2/w/120/format/jpg,1,,0,1780042388249,1
69ca6db2000000001400805a,1774874034000,上海,69b3f277000000001d01ddfc,主要是还不太敢露脸[捂脸R]怎么跨过这一步,66be3178000000001d021a1a,心晴不心晴,https://sns-avatar-qc.xhscdn.com/avatar/1040g2jo31rfu132f7u005plu65s7c6gqi1lb650?imageView2/2/w/120/format/jpg,2,,0,1780042388251,1
69b902ae000000001601617c,1773732527000,广东,69b3f277000000001d01ddfc,才华横溢魅力四射,64d6027c000000000100c61e,做个网球创作者,https://sns-avatar-qc.xhscdn.com/avatar/1040g2jo31ocmtcl9lm6g5p6m09u09hguuvji4go?imageView2/2/w/120/format/jpg,1,,0,1780042388254,1
69babccc000000001500526d,1773845709000,广东,69b3f277000000001d01ddfc,元宝在哪里,5879cef56a6a69628be4d5b4,MOON star,https://sns-avatar-qc.xhscdn.com/avatar/1040g2jo31pae8dtqiu6g491p197fbldk9taj4mg?imageView2/2/w/120/format/jpg,1,,0,1780042388255,0
69baa74e00000000180208c2,1773840207000,四川,69b3f277000000001d01ddfc,主包想问下现在不垂直的话，怎么提升收入呢？接广的话不垂直会不会广告质量不高啊[呃R],65cd708a000000000b0319ef,三金在家掘金！,https://sns-avatar-qc.xhscdn.com/avatar/1040g2jo3100g62dp5s6g5pede252u6ffe6vp2ug?imageView2/2/w/120/format/jpg,2,,0,1780042388255,1
69ba73e300000000140325f4,1773827043000,浙江,69b3f277000000001d01ddfc,不想露脸怎么办,661fcf1c00000000070068a1,小红薯6620F4B1,https://sns-avatar-qc.xhscdn.com/avatar/645b7f8f2a34639eb26eb1cd.jpg?imageView2/2/w/120/format/jpg,1,,0,1780042391589,0
69b9f1800000000016015e62,1773793665000,贵州,69b3f277000000001d01ddfc,一年之后 我因为五年前生孩子撕裂侧切的伤口的牵拉感和难受感一定要好起来[合十R][合十R][合十R],5a8d65e4e8ac2b7a8f7ee277,圣诞星✨和兔兔,https://sns-avatar-qc.xhscdn.com/avatar/1040g2jo31otj2usrho004a1ljhiu9ojn5gnm2e8?imageView2/2/w/120/format/jpg,0,,0,1780042391595,2
69c2985d000000001d00ad19,1774360670000,上海,69b3f277000000001d01ddfc,输出真的蛮难,5b2f3cfd4eacab48cd05cd20,nevermind,https://sns-avatar-qc.xhscdn.com/avatar/1040g2jo31d1quv96gm0g4a6hdvufrj908leld8o?imageView2/2/w/120/format/jpg,1,,0,1780042391598,1
69dccc49000000000103f1ce,1776077897000,安徽,69b3f277000000001d01ddfc,让AI无差别的纪录你，然后就会得到你的蒸馏版本,5fc250ac000000000101f996,浅陌微醺,https://sns-avatar-qc.xhscdn.com/avatar/5fc250ac000000000101f996.jpg?imageView2/2/w/120/format/jpg,0,,0,1780042391602,4
69c91750000000000f02584e,1774786384000,山东,69b3f277000000001d01ddfc,学到了谢谢你啦！发现多听多看真的有帮助[害羞R],659567840000000022012d79,荷海如意,https://sns-avatar-qc.xhscdn.com/avatar/1040g2jo31qor79e1no6g5pclcu28ibbpvrnc3ng?imageView2/2/w/120/format/jpg,1,,0,1780042391606,0
69ba2ab60000000015007459,1773808311000,北京,69b3f277000000001d01ddfc,宝宝之前的那个视频是下架了吗？没有找到诶,681c4967000000000e01d08d,wuli 馬修,https://sns-avatar-qc.xhscdn.com/avatar/1040g2jo31ni06tl35i005q0s95jjjk4d4oqals8?imageView2/2/w/120/format/jpg,1,,0,1780042391607,0
69c2b78d000000001500459f,1774368655000,广西,69b3f277000000001d01ddfc,,65b811fa000000000e024874,林茉莉（吃拉睡都好,https://sns-avatar-qc.xhscdn.com/avatar/1040g2jo3206eggl15m005pdo27t3ki3k6i25kr8?imageView2/2/w/120/format/jpg,0,,0,1780042391610,0
69ccb78e000000001500a3e8,1775024014000,广东,69b3f277000000001d01ddfc,@问一问 帮我总结一下,5bb48b3124264b0001c99f08,元宝团子,https://sns-avatar-qc.xhscdn.com/avatar/1040g2jo31l0qemqt326g4b9ft45j37o83nh4grg?imageView2/2/w/120/format/jpg,1,,0,1780042391617,0
69dd7afe000000000c0302f9,1776122623000,福建,69b3f277000000001d01ddfc,从现在开始,598588fd82ec392141184814,💗小满🌱,https://sns-avatar-qc.xhscdn.com/avatar/1040g2jo31uk6h6vmjk0g49nev04fqi0kvop43q8?imageView2/2/w/120/format/jpg,0,,0,1780042391618,0
69d99963000000000202830b,1775868259000,安徽,69b3f277000000001d01ddfc,最近刷到无数篇这个了，能不能搞点新的[笑哭R],5b3b94934eacab6a600d1ff4,山佳Zoey,https://sns-avatar-qc.xhscdn.com/avatar/1040g2jo31u4scdgh1m004a6qava967vk9evjp40?imageView2/2/w/120/format/jpg,0,,0,1780042391619,0
69ce85150000000015004900,1775142165000,广西,69b3f277000000001d01ddfc,@问一问 帮我总结,5d2538d80000000012009d80,食盐不咸,https://sns-avatar-qc.xhscdn.com/avatar/1040g2jo31oud5fjh1g605n9573c4h7c0ejk2ssg?imageView2/2/w/120/format/jpg,1,,0,1780042394851,0
69c75227000000000c0339a4,1774670376000,山东,69b3f277000000001d01ddfc,还不错,5e3436a60000000001003f2e,ZC葫禄禄,https://sns-avatar-qc.xhscdn.com/avatar/6462f684e961003c14c8b737.jpg?imageView2/2/w/120/format/jpg,0,,0,1780042394853,0
69c151fa000000001400aa5d,1774277114000,陕西,69b3f277000000001d01ddfc,建立自己的思考体系是被删了吗[亲一个R],62d8a4c400000000020022c1,momo,https://sns-avatar-qc.xhscdn.com/avatar/1040g2jo31v7fdiqjiq005omokj20g8m1b4gee18?imageView2/2/w/120/format/jpg,0,,0,1780042394856,0
69dce5b50000000035021687,1776084406000,上海,69b3f277000000001d01ddfc,随喜赞叹,63569cf5000000001802dc70,清一,https://sns-avatar-qc.xhscdn.com/avatar/1040g2jo31liuhkihlo6g5oqmjjqm5n3gnukj9f8?imageView2/2/w/120/format/jpg,0,,0,1780042394864,0
69b9f6d50000000016014a36,1773795030000,山东,69b3f277000000001d01ddfc,不是中国有句古话叫：事秘则成么,5b5ba3ce6b58b772c2ba7f6c,AKuNa,https://sns-avatar-qc.xhscdn.com/avatar/5c2c2dd09e27790001e0dc10.jpg?imageView2/2/w/120/format/jpg,0,,0,1780042394865,1
69c884f30000000015015806,1774748915000,重庆,69b3f277000000001d01ddfc,被安利到了,61bdbacc0000000010004990,沉默中爆发,https://sns-avatar-qc.xhscdn.com/avatar/63c3fb9bbd14e747df25b893.jpg?imageView2/2/w/120/format/jpg,0,,0,1780042394865,0
69dd0d10000000000d03c6e2,1776094480000,山东,69b3f277000000001d01ddfc,姐妹，你用什么软件拍的视频呀，这么清晰，还自然。有什么滤镜吗，眼镜也没有反光,6216f2f700000000210225c2,锦子不犹豫,https://sns-avatar-qc.xhscdn.com/avatar/1040g2jo31upe3ap4jqkg5ogmubroc9e2tksdpu8?imageView2/2/w/120/format/jpg,0,,0,1780042394865,0
6a049107000000002901973f,1778684168000,湖北,69b3f277000000001d01ddfc,确实记录很重要,5ff7d023000000000100366f,岑小越成长记,https://sns-avatar-qc.xhscdn.com/avatar/1040g2jo31vrr36l12a005nvnq0hg8djf5ffma48?imageView2/2/w/120/format/jpg,0,,0,1780042394873,0
69c255bb000000001900078e,1774343612000,四川,69b3f277000000001d01ddfc,打开束缚自己的心[赞R],661286290000000003033b35,清暇的自白,https://sns-avatar-qc.xhscdn.com/avatar/1040g2jo31t0jf74sm2005pgigokgueplstapafo?imageView2/2/w/120/format/jpg,0,,0,1780042394877,0
69bce45b000000000f02d6fd,1773986908000,重庆,69b3f277000000001d01ddfc,学到了,68518be0000000001b021ca1,屿禾,https://sns-avatar-qc.xhscdn.com/avatar/1040g2jo31uf4afh22a0g5q2hhfg6s751fbp1eh8?imageView2/2/w/120/format/jpg,0,,0,1780042394881,0
69bcdaab000000000503ad17,1773984427000,广西,69b3f277000000001d01ddfc,更新系统，输入输出都重要[玫瑰R][玫瑰R][玫瑰R][玫瑰R],5c997d120000000010038e78,🌟是知鹿啊🦌,https://sns-avatar-qc.xhscdn.com/avatar/1040g2jo31mal4bvq68e05n4pfk9473jolnliv98?imageView2/2/w/120/format/jpg,0,,0,1780042398177,0
69cb76f2000000001500aff3,1774941939000,北京,69b3f277000000001d01ddfc,光脚的这么搞一定会好运,5c2e0d590000000007022e14,lzcmbs,https://sns-avatar-qc.xhscdn.com/avatar/5dd6374fc6c5a900011af29d.jpg?imageView2/2/w/120/format/jpg,0,,0,1780042398180,0
69db671300000000010067fa,1775986452000,陕西,69b3f277000000001d01ddfc,同感。输出感觉就是重新理顺人生,67768a9600000000150072e6,一二二,https://sns-avatar-qc.xhscdn.com/avatar/1040g2jo31uj3ulv1j4005prmhab58sn6p67j298?imageView2/2/w/120/format/jpg,0,,0,1780042398182,0
69c1d8b3000000000f01dafe,1774311604000,四川,69b3f277000000001d01ddfc,我的人生必须越来越好,5aa9d9f911be105eb2c6168c,苏苏美人钱多多,https://sns-avatar-qc.xhscdn.com/avatar/1040g2jo31r5lhh6b7g004a3hndcvi5kcu0ogo3g?imageView2/2/w/120/format/jpg,0,,0,1780042398186,0
69d32863000000000d0367a5,1775446116000,四川,69b3f277000000001d01ddfc,又是元宝广告[微笑R],64e8a415000000000100722a,要瘦到一百斤,https://sns-avatar-qc.xhscdn.com/avatar/1040g2jo31b96ff2p6o6g5p78kgag8shajk623ag?imageView2/2/w/120/format/jpg,0,,0,1780042398193,0
69d7be990000000014008389,1775746713000,山东,69b3f277000000001d01ddfc,好不容易劝自己接受了露脸拍视频，但是不知道第一个视频该怎么拍 [笑哭R],6216f2f700000000210225c2,锦子不犹豫,https://sns-avatar-qc.xhscdn.com/avatar/1040g2jo31upe3ap4jqkg5ogmubroc9e2tksdpu8?imageView2/2/w/120/format/jpg,0,,0,1780042398203,0
69c3ad7e0000000018038ebd,1774431614000,山东,69b3f277000000001d01ddfc,关注不迷路👍👍👍,693fa26a0000000037031afd,积德行善,https://sns-avatar-qc.xhscdn.com/avatar/1040g2jo31u9n3sub2q605q9vk9ldu6ntugoak78?imageView2/2/w/120/format/jpg,0,,0,1780042398204,0
69bb8d0b0000000002034247,1773899019000,广西,69b3f277000000001d01ddfc,悟了,694a7b120000000037003384,启迪｜温柔且独立,https://sns-avatar-qc.xhscdn.com/avatar/1040g2jo31trtamf6mo705qaafc9docs4udvjhn8?imageView2/2/w/120/format/jpg,1,,0,1780042398206,0
69c1e03b000000000103c290,1774313532000,河北,69b3f277000000001d01ddfc,所以这就是ai让你这么做广告的？,5c8fa394000000001100e2ff,阿岁,https://sns-avatar-qc.xhscdn.com/avatar/653a0978ff5ed88f3f09f991.jpg?imageView2/2/w/120/format/jpg,0,,0,1780042398211,0
69bb121a000000000100793b,1773867546000,江苏,69b3f277000000001d01ddfc,@问一问 总结,65b5d10b000000000e027c95,Koipuppy🦴,https://sns-avatar-qc.xhscdn.com/avatar/1040g2jo31qbupolv74005pdlq45jkv4loj8h42g?imageView2/2/w/120/format/jpg,1,,0,1780042398213,0
69bab41f0000000002029ead,1773843488000,浙江,69b3f277000000001d01ddfc,对的⭕[派对R],6966229800000000370057ad,YamiYami,https://sns-avatar-qc.xhscdn.com/avatar/1040g2jo31r9fn7ii72cg5qb64acdoltd57cu0b0?imageView2/2/w/120/format/jpg,0,,0,1780042401508,0
69ba8c950000000015012ceb,1773833365000,四川,69b3f277000000001d01ddfc,谢谢博主的分享。您的分享出发点是用元宝提炼灵感文案。但你的分享也给了我提示，我正好可以用它来写日记，记录思绪，提炼总结，复盘事件，从心理学来说，情绪在被看见的时候，它就消失了。我正好可以用元宝录音笔，来“看见自己的情绪”，谢谢你的分享。,5c6641790000000010002570,斯佳丽,https://sns-avatar-qc.xhscdn.com/avatar/1040g2jo31s0h2lc14o005n3685sk09bgkngskb8?imageView2/2/w/120/format/jpg,0,,0,1780042401515,0
69b9658b0000000018021b82,1773757836000,江苏,69b3f277000000001d01ddfc,不断记录自己，加油,5b758430a73ea700017e9b1c,伍较瘦a,https://sns-avatar-qc.xhscdn.com/avatar/1040g2jo31tep3b47lk004af9lq2316oskampghg?imageView2/2/w/120/format/jpg,0,,0,1780042401517,0
69ba028b00000000160144cb,1773798027000,江苏,69b3f277000000001d01ddfc,,643827d9000000001203498d,momo,https://sns-avatar-qc.xhscdn.com/avatar/1040g2jo31u0qrp10n2605p1o4vckmicdqnka3mg?imageView2/2/w/120/format/jpg,0,http://sns-webpic-qc.xhscdn.com/202605291613/05e40c2da569a4dffe85a5efb6cc4d7a/comment/1040g2h031traq1stnq505p1o4vckmicd70ot7j0!nd_whlt34_webp_wm_1,0,1780042401520,2
6a0603520000000028035c7b,1778778962000,安徽,69b3f277000000001d01ddfc,接,6151136f000000000201853f,Lucky希希,https://sns-avatar-qc.xhscdn.com/avatar/1040g2jo31uqftlot2g005oah2dngj19v1k3cr7o?imageView2/2/w/120/format/jpg,0,,0,1780042401527,0
69bd20760000000002035385,1774002294000,广西,69b3f277000000001d01ddfc,姐妹、你是怎么起号的[黑薯问号R],5b2dc2434eacab24d7c89470,小橙思职场,https://sns-avatar-qc.xhscdn.com/avatar/1040g2jo31v0rlvqn3m004a6gio14753g0h67ong?imageView2/2/w/120/format/jpg,0,,0,1780042401530,0
69bbe4ae0000000001005942,1773921455000,河北,69b3f277000000001d01ddfc,是有点道理，前年我在大厂卷了三年，项目被砍整个人迷茫得不行。回老家我妈拉我去见一个伯伯，说看事儿挺有意思。本来不信，一进门他看了我一眼，你左边肩膀是不是受过凉，现在阴天下雨还酸？这是两年前年冬天赶项目，落下的老毛病，穿着外套他也能看出来？接着他提了句：“明年开春，别往南边跑，有个机会能让你稳下来。”我当时正投简历，南方几个大厂给了面试，就没当回事。年后北方有个初创团队拉我入伙，我去了，现在公司马上B轮，我也成了元老。前段时间我姐总咳嗽，临走时他随口跟我说，让我姐姐去检查检查身体。后来我姐体检查出来肺结节，幸亏是良性的。现在想想，这些事儿，真是没法解释[萌萌哒R],62db7af8000000001f005e54,天天开心,https://sns-avatar-qc.xhscdn.com/avatar/1040g2jo320i3prov6e105o5qdojgbocriqusato?imageView2/2/w/120/format/jpg,0,,0,1780042401533,1
69bb4dd3000000000c0306f0,1773882835000,山东,69b3f277000000001d01ddfc,[点赞R],6533d9b6000000000400b685,健康安馨Lucky,https://sns-avatar-qc.xhscdn.com/avatar/1040g2jo31tlia7dj6o005p9jr6r11dk5oa4lrm8?imageView2/2/w/120/format/jpg,0,,0,1780042401535,0
6a052c6d00000000290272fe,1778723949000,浙江,69b3f277000000001d01ddfc,[派对R],689c5223000000001903f02f,kiki,https://sns-avatar-qc.xhscdn.com/avatar/1040g2jo31sbmmluf5s605q4sa8hmfs1fe2qbh28?imageView2/2/w/120/format/jpg,0,,0,1780042401536,0
6a15a6620000000028033e94,1779803747000,辽宁,6a1585bb000000003502766f,这个帖子反耳给了我这个准备接入AI指令的玩具店店主一点灵感,62274a3f00000000100082f0,米线大厨,https://sns-avatar-qc.xhscdn.com/avatar/1040g2jo320k70ou15m005oh798vk10ngs3s3khg?imageView2/2/w/120/format/jpg,77,http://sns-webpic-qc.xhscdn.com/202605291613/280b6f1ab84d7832ec1859706fef29b1/comment/1040g2h0320kotrga623g5oh798vk10ngm99vji8!nd_whlt34_webp_wm_1,0,1780042406792,408
6a1949b4000000002803e892,1780042165000,福建,6a1585bb000000003502766f,,6121117800000000010172dd,云簌,https://sns-avatar-qc.xhscdn.com/avatar/1040g2jo3174pbvu8446g5o9125s0asmt24ghqn0?imageView2/2/w/120/format/jpg,0,http://sns-webpic-qc.xhscdn.com/202605291613/53af372ff141ca6862db842f2e554c8b/comment/1040g4b8320ocfo8klmc05o9125s0asmteq0r9sg!nd_whgt34_webp_wm_1,0,1780042406796,0
6a180535000000002903730a,1779959095000,江苏,6a1585bb000000003502766f,,6665db840000000003033c2a,李.,https://sns-avatar-qc.xhscdn.com/avatar/1040g2jo31uvlnbi52i005pj5re20uf1alekip68?imageView2/2/w/120/format/jpg,1,http://sns-webpic-qc.xhscdn.com/202605291613/621a0227132611736ba5d3d167bd4873/comment/1040g4b8320n46h7d5s7g5pj5re20uf1aef9p3po!nd_whlt34_webp_wm_1,0,1780042406796,0
6a19484d000000002900d68f,1780041805000,河北,6a1585bb000000003502766f,蹲蹲！,5d05f42d0000000011029914,大橘子汽水,https://sns-avatar-qc.xhscdn.com/avatar/1040g2jo313ta64le2c6g5n85ugmkd68kjdtai28?imageView2/2/w/120/format/jpg,0,,0,1780042406798,0
6a15d15e0000000029019564,1779814752000,安徽,6a1585bb000000003502766f,,58c177eb50c4b44aa7e80d2c,白毛绷带猫🍀,https://sns-avatar-qc.xhscdn.com/avatar/1040g2jo31o7fvr2k5m004991jfrum39cl4takdg?imageView2/2/w/120/format/jpg,1,http://sns-webpic-qc.xhscdn.com/202605291613/b94ba949c9bbed50940d481a00339b1a/comment/1040g2h0320l01mlmls6g4991jfrum39c912sau8!nd_whgt34_webp_wm_1,0,1780042406800,0
6a1946ee00000000270288e4,1780041456000,江苏,6a1585bb000000003502766f,,635cb0e8000000001802b01e,糜糜ym,https://sns-avatar-qc.xhscdn.com/avatar/1040g2jo31vdoeogjhmfg5oqsm3k65c0u0g94d0o?imageView2/2/w/120/format/jpg,0,http://sns-webpic-qc.xhscdn.com/202605291613/fde1960dfb077179d9941763f0d01f7a/comment/1040g4b8320oc4ts55kdg5oqsm3k65c0u9aolh8g!nd_whgt34_webp_wm_1,0,1780042406802,0
6a1669b1000000002803cf30,1779853746000,山东,6a1585bb000000003502766f,,60f91907000000000100b26d,甜菜小龙虾,https://sns-avatar-qc.xhscdn.com/avatar/1040g2jo31o1cglsn06005o7p343g9cjdiidqmto?imageView2/2/w/120/format/jpg,1,http://sns-webpic-qc.xhscdn.com/202605291613/73b32832c7c9b721942c03d16ebbcead/comment/1040g2h0320likmmk5s005o7p343g9cjd58lk5ro!nd_whlt34_webp_wm_1,0,1780042406806,0
6a166c1f000000002900d8c2,1779854367000,云南,6a1585bb000000003502766f,群满了[哭惹R][哭惹R][哭惹R],62b9b089000000001b02b54d,抹茶厚乳蛋挞,https://sns-avatar-qc.xhscdn.com/avatar/1040g2jo31u3srea1ig6g5olpm24mtdad8eev4f0?imageView2/2/w/120/format/jpg,0,,0,1780042406808,1
6a1664ce0000000027023f43,1779852494000,四川,6a1585bb000000003502766f,满了[哭惹R],6534c05b000000000d006f2a,呼呀呼诶,https://sns-avatar-qc.xhscdn.com/avatar/1040g2jo31ca6ptcf125g5p9ko1dj8rpad6vc6vo?imageView2/2/w/120/format/jpg,0,,0,1780042406810,1
6a1668f0000000002900fb6f,1779853554000,安徽,6a1585bb000000003502766f,,6538f09b0000000006007033,糖霜纪,https://sns-avatar-qc.xhscdn.com/avatar/1040g2jo31s60rk7am86g5p9ou2dhgs1jr9gvlv0?imageView2/2/w/120/format/jpg,1,http://sns-webpic-qc.xhscdn.com/202605291613/4c8cc0ab05d7a0867cddc785346c069f/comment/1040g4b8320lihold62605p9ou2dhgs1j7mj54io!nd_whgt34_webp_wm_1,0,1780042406811,0
6a15f42b000000002800ad9d,1779823661000,新疆,6a1585bb000000003502766f,蹲蹲宝宝,610a56aa000000000101f6d3,怪我唯俊主义,https://sns-avatar-qc.xhscdn.com/avatar/1040g2jo320m8fhde5e005o8aaql0btmjl7fv1v0?imageView2/2/w/120/format/jpg,0,http://sns-webpic-qc.xhscdn.com/202605291613/ae8b547accdcd1fb04bdb48cb6572291/comment/1040g2h0320l49keilc005o8aaql0btmjk2cjjfg!nd_whlt34_webp_wm_1,0,1780042410010,1
6a19440e000000002900fb2b,1780040719000,内蒙古,6a1585bb000000003502766f,,5eb80c4d0000000001006378,xx,https://sns-avatar-qc.xhscdn.com/avatar/1040g2jo31tc8b57r5m005nlo1h6g8oroeme6mc0?imageView2/2/w/120/format/jpg,0,http://sns-webpic-qc.xhscdn.com/202605291613/28f4bb376241b936da2e9482d26e5bbb/comment/1040g4b8320obpm6268005nlo1h6g8oro7ju4dbo!nd_whlt34_webp_wm_1,0,1780042410020,0
6a18244d0000000028037f1b,1779967054000,贵州,6a1585bb000000003502766f,,61ed1b100000000010006512,黔风小旅📍,https://sns-avatar-qc.xhscdn.com/avatar/cd255d0e201935e0d852bd371f18c198.jpg?imageView2/2/w/120/format/jpg,1,http://sns-webpic-qc.xhscdn.com/202605291613/8602015d6ba7ce05b3fd1e1a5406411f/comment/1040g2h0320n8lkv1me605ofd3c840p8i8q2i45o!nd_whgt34_webp_wm_1,0,1780042410026,0
6a19455e000000002701fd15,1780041055000,湖北,6a1585bb000000003502766f,,662619d20000000007007b06,别抢我奶酪棒,https://sns-avatar-qc.xhscdn.com/avatar/1040g2jo31tq1acra6o0g5ph63791ouo624esdp8?imageView2/2/w/120/format/jpg,0,http://sns-webpic-qc.xhscdn.com/202605291613/1f41b84b1b8b3e4ede99a6ea3477dac2/comment/1040g4b8320obupur5k705ph63791ouo6igj93b8!nd_whlt34_webp_wm_1,0,1780042410027,0
6a1934ef000000002702890d,1780036848000,福建,6a1585bb000000003502766f,,68f4a2a1000000003201e03e,sukiauo-,https://sns-avatar-qc.xhscdn.com/avatar/1040g2jo31vv625661m6g5q7kkagsjo1upkdn57g?imageView2/2/w/120/format/jpg,0,http://sns-webpic-qc.xhscdn.com/202605291613/74d136ea171cb65b898bdd6d40725194/comment/1040g4b8320o9ujudlcdg5q7kkagsjo1uh0eat4o!nd_whgt34_webp_wm_1,0,1780042410030,0
6a166c050000000029010bc9,1779854342000,江苏,6a1585bb000000003502766f,四联[皱眉R],60039c740000000001007f59,xx,https://sns-avatar-qc.xhscdn.com/avatar/1040g2jo31eip0uaq0m005o03jhq08vqpe3oahgo?imageView2/2/w/120/format/jpg,1,,0,1780042410033,0
6a193249000000002901091d,1780036170000,广东,6a1585bb000000003502766f,蹲蹲，已四连,639d60fc000000002502fac0,星元,https://sns-avatar-qc.xhscdn.com/avatar/1040g2jo31mb1pqvl5ic05ostc3u9dum0i7m78bg?imageView2/2/w/120/format/jpg,0,,0,1780042410042,0
6a15d05a000000002b001c59,1779814492000,山东,6a1585bb000000003502766f,,6981d4f1000000001c034f12,7,https://sns-avatar-qc.xhscdn.com/avatar/645b7ea002c16c941e0bcb05.jpg?imageView2/2/w/120/format/jpg,1,http://sns-webpic-qc.xhscdn.com/202605291613/ab6f4ee3ab5b8b22ec0d1e940081b8a5/comment/1040g4b8320kvtnkkls805qc1qjon6joiduaii38!nd_whgt34_webp_wm_1,0,1780042410042,0
6a193aa80000000029027f98,1780038313000,重庆,6a1585bb000000003502766f,dd,662f2df70000000007004df1,小乖,https://sns-avatar-qc.xhscdn.com/avatar/1040g2jo31u5iiosvia005phf5nrhojfh0j8tod8?imageView2/2/w/120/format/jpg,0,,0,1780042410050,0
6a1665b700000000290260c8,1779852729000,江苏,6a1585bb000000003502766f,群满啦,5de28e2b0000000001000b64,对称痣,https://sns-avatar-qc.xhscdn.com/avatar/1040g2jo31vett4kv2a6g5nf2holg82r4997dgt8?imageView2/2/w/120/format/jpg,0,http://sns-webpic-qc.xhscdn.com/202605291613/b24494da0f3949016d699265f6a98847/comment/1040g4b8320li5632me6g5nf2holg82r4ced2gi0!nd_whgt34_webp_wm_1,0,1780042410051,1
6a193911000000002a00686a,1780037907000,广西,6a1585bb000000003502766f,,5de792a70000000001003426,..,https://sns-avatar-qc.xhscdn.com/avatar/1040g2jo31vgh371rjq605nf7iajg8d16g1np8ag?imageView2/2/w/120/format/jpg,0,http://sns-webpic-qc.xhscdn.com/202605291613/14e6e9ce393c42f8002f42f871593a16/comment/1040g4b8320oaeoqg62cg5nf7iajg8d16q6esml0!nd_whgt34_webp_wm_1,0,1780042413305,0
6a166afe000000002902dca1,1779854078000,安徽,6a1585bb000000003502766f,蹲蹲群啊啊满员了,64bb0f4e000000001403d60c,阿里嘎给多喵喵！,https://sns-avatar-qc.xhscdn.com/avatar/1040g2jo31p4qmhcj2s6g5p5r1t757lgcmh5k5e0?imageView2/2/w/120/format/jpg,0,,0,1780042413305,1
6a1935d6000000002803b4c6,1780037079000,重庆,6a1585bb000000003502766f,,64c4bc37000000000e027d53,滚,https://sns-avatar-qc.xhscdn.com/avatar/1040g2jo320ahqbn26e6g5p64ngrjkvajkra8eh8?imageView2/2/w/120/format/jpg,0,http://sns-webpic-qc.xhscdn.com/202605291613/84003fdb8c2272d8acdf2a506f844dca/comment/1040g4b8320o9noc768bg5p64ngrjkvajj7kfok0!nd_whgt34_webp_wm_1,0,1780042413305,0
6a15ca45000000002803e2b5,1779812933000,河南,6a1585bb000000003502766f,已四连，群好像满员了[哭惹R][哭惹R],6547e3520000000006005863,嘿呀，江秋酩,https://sns-avatar-qc.xhscdn.com/avatar/1040g2jo31p8auc24jc605pa7sd91gm33lffn7ho?imageView2/2/w/120/format/jpg,0,,0,1780042413312,1
6a192fec000000002902c6cb,1780035566000,河南,6a1585bb000000003502766f,,656c8bce0000000019012f5e,用户0419,https://sns-avatar-qc.xhscdn.com/avatar/1040g2jo31rh9cb877o505pbchf76abqujd2s7cg?imageView2/2/w/120/format/jpg,0,http://sns-webpic-qc.xhscdn.com/202605291613/a404a4ef04b3a99aa85df7db133be1a0/comment/1040g4b8320o9b1vi6e605pbchf76abqusrhcvlo!nd_whgt34_webp_wm_1,0,1780042413316,0
6a15d6a3000000002702a424,1779816101000,安徽,6a1585bb000000003502766f,,61135b8100000000010084ec,0616,https://sns-avatar-qc.xhscdn.com/avatar/1040g2jo31jgkursq36605o8jbe0g917cfsoqvbg?imageView2/2/w/120/format/jpg,0,http://sns-webpic-qc.xhscdn.com/202605291613/b87277fbe836721042f355647ed918c5/comment/1040g2h0320l0m99f5i6g5o8jbe0g917chi5jmm0!nd_whgt34_webp_wm_1,0,1780042413320,1
6a193344000000002701df60,1780036486000,贵州,6a1585bb000000003502766f,,636f3806000000001f01d591,Hana酱,https://sns-avatar-qc.xhscdn.com/avatar/1040g2jo31iheo0ej7o5g5orf7037rlchpg16ieo?imageView2/2/w/120/format/jpg,0,http://sns-webpic-qc.xhscdn.com/202605291613/21d83784bd19f8a385eb3deac888f3e6/comment/1040g4b8320o9o3e4lkdg5orf7037rlchkpps34o!nd_whgt34_webp_wm_1,0,1780042413324,0
6a15872500000000290372d0,1779795751000,陕西,6a1585bb000000003502766f,,6161ae28000000001f0342e7,CloYfe,https://sns-avatar-qc.xhscdn.com/avatar/1040g2jo31ga3ldsl2u6g5ob1lok7ugn740lqs6o?imageView2/2/w/120/format/jpg,0,http://sns-webpic-qc.xhscdn.com/202605291613/5f14ed74243356fd72d50efd960c9a5b/comment/1040g2h0320kmvoh5m26g5ob1lok7ugn7374etc0!nd_whgt34_webp_wm_1,0,1780042413326,1
6a1936ca0000000029027481,1780037324000,湖北,6a1585bb000000003502766f,,6290d66400000000210249ce,相似好难,https://sns-avatar-qc.xhscdn.com/avatar/1040g2jo31qkrqvchng6g5okgqpi8cieeacged60?imageView2/2/w/120/format/jpg,0,http://sns-webpic-qc.xhscdn.com/202605291613/12c07f36ae14d356444ac31b5327b9a7/comment/1040g2h0320oa5s7o5s5g5okgqpi8cieemucaigo!nd_whgt34_webp_wm_1,0,1780042413328,0
6a16c38e0000000029034260,1779876750000,广东,6a1585bb000000003502766f,@山山山岷 美味,60d5f47b000000000101c450,烛鬼,https://sns-avatar-qc.xhscdn.com/avatar/1040g2jo315hdaakp1e505o6luhtgbh2go51nnko?imageView2/2/w/120/format/jpg,0,,0,1780042413328,1
6a193fbf0000000029010257,1780039617000,吉林,6a1585bb000000003502766f,,5cf1b3c8000000001602465a,解离,https://sns-avatar-qc.xhscdn.com/avatar/1040g2jo31laosko05o6g5n7hmf45khiqqk8hp3o?imageView2/2/w/120/format/jpg,0,http://sns-webpic-qc.xhscdn.com/202605291613/d053bea307d07988dbd463ffe93c14d8/comment/1040g2h0320ob8rp9lmm05n7hmf45khiqajmqejo!nd_whgt34_webp_wm_1,0,1780042416724,0
6a194477000000002701cc9a,1780040824000,湖南,6a1585bb000000003502766f,,5b0be28211be10169cd97ff8,诣心诣意的恒,https://sns-avatar-qc.xhscdn.com/avatar/1040g2jo320jncsu35k004a5noah84vvobjrd6n8?imageView2/2/w/120/format/jpg,0,http://sns-webpic-qc.xhscdn.com/202605291613/de405f70ad60aea3cc320c0db8dcfdd8/comment/1040g2h0320obr9c56q004a5noah84vvoh4s281g!nd_whlt34_webp_wm_1,0,1780042416735,0
6a193737000000002a03055f,1780037432000,江苏,6a1585bb000000003502766f,,654653190000000004008a1b,南铃,https://sns-avatar-qc.xhscdn.com/avatar/1040g2jo31u6rqucd2i5g5pa6acch12grvnj3hqg?imageView2/2/w/120/format/jpg,0,http://sns-webpic-qc.xhscdn.com/202605291613/8324d7f400cb5a23c13a72c231dec528/comment/1040g2h0320oa7h8c5s505pa6acch12gr6825n5g!nd_whgt34_webp_wm_1,0,1780042416742,0
6a193e06000000002803523c,1780039174000,山东,6a1585bb000000003502766f,[抽泣R]已四连,6395466300000000260102b8,咪可小咩,https://sns-avatar-qc.xhscdn.com/avatar/1040g2jo31nvkgf326g6g5osl8phpi0loqnlolso?imageView2/2/w/120/format/jpg,0,,0,1780042416748,0
6a19363300000000290374da,1780037172000,山西,6a1585bb000000003502766f,,5e5e38d3000000000100bce6,momo,https://sns-avatar-qc.xhscdn.com/avatar/cd255d0e201935e0d852bd371f18c198.jpg?imageView2/2/w/120/format/jpg,0,http://sns-webpic-qc.xhscdn.com/202605291613/c2e65c03cab7854629b5f5e5a446f5bc/comment/1040g2h0320oa3hvg68005niu739g9f763fq5lro!nd_whlt34_webp_wm_1,0,1780042416755,0
6a191b3700000000290370a9,1780030264000,河南,6a1585bb000000003502766f,蹲蹲已四,600c6e18000000000101d9d3,T.d,https://sns-avatar-qc.xhscdn.com/avatar/1040g2jo31vtnngjh2i0g5o0cdoc0bmejujimuqo?imageView2/2/w/120/format/jpg,0,http://sns-webpic-qc.xhscdn.com/202605291613/6213d3ef96fd0a9d98ecf6c959286d37/comment/1040g4b8320o6q55nm2005o0cdoc0bmeje04nth8!nd_whlt34_webp_wm_1,0,1780042416759,0
6a191ba30000000028008dde,1780030372000,河南,6a1585bb000000003502766f,,658aa93f000000002001ce67,瓜瓜我啊,https://sns-avatar-qc.xhscdn.com/avatar/65a0e88d9dc7c6146a9fc33e.jpg?imageView2/2/w/120/format/jpg,0,http://sns-webpic-qc.xhscdn.com/202605291613/ea32236c0c7f62da17ee83bdefff55a1/comment/1040g2h0320o6rpte6o0g5pcal4vo3jj70bcqcj8!nd_whlt34_webp_wm_1,0,1780042416761,0
6a192094000000002a026031,1780031637000,湖南,6a1585bb000000003502766f,,68005b03000000000a03c2af,暖暖瓦瓦,https://sns-avatar-qc.xhscdn.com/avatar/1040g2jo3208qdeknm8605q00bc1inglfi8rosgo?imageView2/2/w/120/format/jpg,0,http://sns-webpic-qc.xhscdn.com/202605291613/c434a9a53473a98c76d6e5976d081e86/comment/1040g4b8320o2v98a62c05q00bc1inglfr877fko!nd_whgt34_webp_wm_1,0,1780042416763,0
6a191f29000000002701dea0,1780031274000,上海,6a1585bb000000003502766f,,5daabcce00000000010079d4,AYYYYY🍔,https://sns-avatar-qc.xhscdn.com/avatar/1040g2jo31ul8icmrhu005ndanj708uek3jm2ucg?imageView2/2/w/120/format/jpg,0,http://sns-webpic-qc.xhscdn.com/202605291613/fb2294bd086dd5a1a851d21cbb71f2ac/comment/1040g4b8320nve91g5k805ndanj708uek3t6o7ao!nd_whlt34_webp_wm_1,0,1780042416766,0
6a192d00000000002903606f,1780034817000,湖北,6a1585bb000000003502766f,,6294896c0000000021025637,成步堂龙生而为一,https://sns-avatar-qc.xhscdn.com/avatar/1040g2jo31u17rd2cne605okkh5m8clhnncieof0?imageView2/2/w/120/format/jpg,0,http://sns-webpic-qc.xhscdn.com/202605291613/f40336adae7294346d618eaddc885dba/comment/1040g4b8320o2cagm5mcg5okkh5m8clhnbpuctj8!nd_whgt34_webp_wm_1,0,1780042416770,0
6a192add000000002702a225,1780034270000,陕西,6a1585bb000000003502766f,,608a8fd30000000001009c4f,今天您吃了吗,https://sns-avatar-qc.xhscdn.com/avatar/1040g2jo320i4ic12lk6g5o4ahv9g972f2mokjk0?imageView2/2/w/120/format/jpg,0,http://sns-webpic-qc.xhscdn.com/202605291613/3bb901276a17335cd5ffdb9cf588486e/comment/1040g2h0320o8n923lk6g5o4ahv9g972feupf4k8!nd_whgt34_webp_wm_1,0,1780042420139,0
6a191327000000002a030a22,1780028200000,江苏,6a1585bb000000003502766f,,621ee6b5000000001000703d,MAUYEZᯤ⁶ᴳ,https://sns-avatar-qc.xhscdn.com/avatar/621ee6b5000000001000703d.jpg?imageView2/2/w/120/format/jpg,0,http://sns-webpic-qc.xhscdn.com/202605291613/2762a13b7f7e1829cd546c5b2f883b60/comment/1040g4b8320o5qlhom8dg5ogusqqk0s1t0n5n4rg!nd_whgt34_webp_wm_1,0,1780042420146,0
6a192929000000002702ec9b,1780033834000,浙江,6a1585bb000000003502766f,,60845c200000000001000bb5,栗子,https://sns-avatar-qc.xhscdn.com/avatar/1040g2jo31umnf2c33m005o44bgg082tlmfr4kko?imageView2/2/w/120/format/jpg,0,http://sns-webpic-qc.xhscdn.com/202605291613/5fef0ed8038e8c87c0899fda2765c859/comment/1040g2h0320o8gk5hlk005o44bgg082tlfvbup8g!nd_whlt34_webp_wm_1,0,1780042420157,0
6a192407000000002800b88c,1780032520000,山东,6a1585bb000000003502766f,,6197b5490000000010006afc,a,https://sns-avatar-qc.xhscdn.com/avatar/1040g2jo31ul5c2ptj4005ocnml4k0qnshcashng?imageView2/2/w/120/format/jpg,0,http://sns-webpic-qc.xhscdn.com/202605291613/dda1627ef0f2ad48191e827308bee28f/comment/1040g2h0320o7sifp6o005ocnml4k0qns4t2t9u8!nd_whlt34_webp_wm_1,0,1780042420161,0
6a19274d000000002702b4d4,1780033358000,黑龙江,6a1585bb000000003502766f,,5e847482000000000100913e,小晨爱困_,https://sns-avatar-qc.xhscdn.com/avatar/1040g2jo31gsr9dv4j4105nk4ei10949u57fsb88?imageView2/2/w/120/format/jpg,0,http://sns-webpic-qc.xhscdn.com/202605291613/ab1655ac1e7c48ea9811ea1331120668/comment/1040g4b8320o868h9lk7g5nk4ei10949u2an9mno!nd_whlt34_webp_wm_1,0,1780042420165,0
6a1921b9000000002803e93b,1780031930000,河南,6a1585bb000000003502766f,,61c210ec0000000010004320,沉焔,https://sns-avatar-qc.xhscdn.com/avatar/1040g2jo31k6upv01j06g5oe223m40gp0dmrqiug?imageView2/2/w/120/format/jpg,0,http://sns-webpic-qc.xhscdn.com/202605291613/5db444d45782b630eb2933a9425a15bb/comment/1040g2h0320o7jige626g5oe223m40gp0astc3t0!nd_whgt34_webp_wm_1,0,1780042420169,0
6a1924e2000000002a032643,1780032740000,山西,6a1585bb000000003502766f,,64ef5eed0000000004026b57,潋冬,https://sns-avatar-qc.xhscdn.com/avatar/1040g2jo31sl675ucm8005p7fbrmh4qqna541gng?imageView2/2/w/120/format/jpg,0,http://sns-webpic-qc.xhscdn.com/202605291613/45b2aecd800fccba4d4403c0ed9c1196/comment/1040g2h0320o7vtst5s005p7fbrmh4qqn4ou90hg!nd_whlt34_webp_wm_1,0,1780042420170,0
6a1920e5000000002a026bf0,1780031719000,河南,6a1585bb000000003502766f,,5fefe499000000000100ba8b,无限月读猫猫教,https://sns-avatar-qc.xhscdn.com/avatar/1040g2jo31tt4f4rmn86g5nvfsicg9ekb4ep24b0?imageView2/2/w/120/format/jpg,0,http://sns-webpic-qc.xhscdn.com/202605291613/53f89ad2972693a222f0aa1e67fa5f58/comment/1040g4b8320o7gb8ilmd05nvfsicg9ekbn9qijv8!nd_whgt34_webp_wm_1,0,1780042420174,0
6a1920a9000000002b002676,1780031659000,山东,6a1585bb000000003502766f,,6401e006000000002a00a576,lNG,https://sns-avatar-qc.xhscdn.com/avatar/1040g2jo31u6f9cecio605p01s03ah9bmhr3kh18?imageView2/2/w/120/format/jpg,0,http://sns-webpic-qc.xhscdn.com/202605291613/9f175dfc9b54d71ca4e46ebfa674537e/comment/1040g4b8320o7fe5im8d05p01s03ah9bmjjk3190!nd_whgt34_webp_wm_1,0,1780042420176,0
6a191304000000002702fdd4,1780028165000,河北,6a1585bb000000003502766f,,67dac068000000000d00ac21,神秘手工女,https://sns-avatar-qc.xhscdn.com/avatar/1040g2jo31qeria2p74505puqo1k39b11ufs93go?imageView2/2/w/120/format/jpg,0,http://sns-webpic-qc.xhscdn.com/202605291613/025778b6245760b54d4a33ba3828781c/comment/1040g2h0320o5q44tle5g5puqo1k39b11miriba8!nd_whgt34_webp_wm_1,0,1780042420178,0
6a191218000000002701d201,1780027930000,吉林,6a1585bb000000003502766f,,5ea64a770000000001000547,Sink.,https://sns-avatar-qc.xhscdn.com/avatar/1040g2jo31jnbct7vii6g5nl699rg81a7q171dog?imageView2/2/w/120/format/jpg,0,http://sns-webpic-qc.xhscdn.com/202605291613/f9e65c01a8e4de12c1a324c6cfa7bf2c/comment/1040g2h0320o5mhdimo6g5nl699rg81a7vqtkhh8!nd_whgt34_webp_wm_1,0,1780042423371,0
6a191956000000002b025923,1780029783000,安徽,6a1585bb000000003502766f,,5abd896611be1074b00827fa,SEANIXXIZZ,https://sns-avatar-qc.xhscdn.com/avatar/1040g2jo31q8nd1o27u004a42374mc9vqrk4va0g?imageView2/2/w/120/format/jpg,0,http://sns-webpic-qc.xhscdn.com/202605291613/5689daddccdc6df351a52c6937fb1bbd/comment/1040g2h0320o6iqad5s004a42374mc9vqq5p2ojg!nd_whgt34_webp_wm_1,0,1780042423371,0
6a190beb000000002701684e,1780026348000,湖北,6a1585bb000000003502766f,,5b348d3ee8ac2b4f68eb2fc3,melody,https://sns-avatar-qc.xhscdn.com/avatar/1040g2jo31nplch64ks704a6lda6jsbu31gn8hpg?imageView2/2/w/120/format/jpg,0,http://sns-webpic-qc.xhscdn.com/202605291613/47dfb6ba59b7097d5af65a38f2fabd13/comment/1040g2h0320o4ud3c5e0g4a6lda6jsbu3iok5c30!nd_whlt34_webp_wm_1,0,1780042423371,0
6a190c87000000002803dc35,1780026504000,湖北,6a1585bb000000003502766f,,620b6eb6000000001000eb07,Long D,https://sns-avatar-qc.xhscdn.com/avatar/ae351b5abc78ae2e8d79998354db8440.jpg?imageView2/2/w/120/format/jpg,0,http://sns-webpic-qc.xhscdn.com/202605291613/58d4e3e0fd8e210c5dca2dfb5c7fbac9/comment/1040g4b8320o50p6a5m005ogbdqr41qo7s7e7vlg!nd_whlt34_webp_wm_1,0,1780042423378,0
6a191f8d0000000028031fff,1780031373000,湖南,6a1585bb000000003502766f,已四连,5faabbcd000000000100230f,异依不是依伊,https://sns-avatar-qc.xhscdn.com/avatar/1040g2jo31telffle686g5ntanf6g88of5gnodko?imageView2/2/w/120/format/jpg,0,,0,1780042423382,0
6a1909d2000000002b0259b6,1780025811000,四川,6a1585bb000000003502766f,四连ing,61096de80000000001003499,一枕槐安,https://sns-avatar-qc.xhscdn.com/avatar/1040g2jo31v2be19oiq605o89dnk08d4p2dqfo30?imageView2/2/w/120/format/jpg,0,,0,1780042423389,0
6a1926a4000000002803dad5,1780033190000,河北,6a1585bb000000003502766f,,67a75b7a0000000004031077,怪我天赋,https://sns-avatar-qc.xhscdn.com/avatar/645b80521e6a57c3bdb8f301.jpg?imageView2/2/w/120/format/jpg,0,http://sns-webpic-qc.xhscdn.com/202605291613/2189818fedfe729fbe6cbb80ae638d8c/comment/1040g2h0320o86ppv626g5pt7bdt1643n62l7cao!nd_whgt34_webp_wm_1,0,1780042423391,0
6a19273e000000002900f474,1780033344000,广西,6a1585bb000000003502766f,,6200daee0000000010006640,蛋包饭桑,https://sns-avatar-qc.xhscdn.com/avatar/1040g2jo31j70og8v345g5og0rbn40pi0rp4dr20?imageView2/2/w/120/format/jpg,0,http://sns-webpic-qc.xhscdn.com/202605291613/b80231b5c65fe92d40d0fba423b45354/comment/1040g4b8320o894ogm2d05og0rbn40pi0dj07bs0!nd_whgt34_webp_wm_1,0,1780042423393,0
6a192efb000000002b024f8a,1780035325000,陕西,6a1585bb000000003502766f,,5e3ef50f0000000001005ea7,多米米多,https://sns-avatar-qc.xhscdn.com/avatar/1040g2jo31r1lu31hno005nhuuk7g8nl7imtgljg?imageView2/2/w/120/format/jpg,0,http://sns-webpic-qc.xhscdn.com/202605291613/29740b6d861e5e7124485de9e93a690e/comment/1040g2h0320o97c1k6e005nhuuk7g8nl736b2dj8!nd_whlt34_webp_wm_1,0,1780042423394,0
6a191266000000002803fd7a,1780028008000,河南,6a1585bb000000003502766f,,5f268870000000000101c312,害怕凝胶,https://sns-avatar-qc.xhscdn.com/avatar/1040g2jo31vn0k43oiq6g5np6h1o0bgoiv6h5ig8?imageView2/2/w/120/format/jpg,0,http://sns-webpic-qc.xhscdn.com/202605291613/804fe4e53f79a3afcb3163deb92e91bb/comment/1040g2h0320o5nn9rme5g5np6h1o0bgoiqmebelo!nd_whgt34_webp_wm_1,0,1780042423395,0
6a19073600000000280327dd,1780025144000,山东,6a1585bb000000003502766f,,5e87e81c00000000010025c4,SSEEAA.,https://sns-avatar-qc.xhscdn.com/avatar/1040g2jo31an4982qnc605nk7t0e089e4hp5at8o?imageView2/2/w/120/format/jpg,0,http://sns-webpic-qc.xhscdn.com/202605291613/a21138bafebd0e3c172d8e7982d0e778/comment/1040g4b8320o4c0s168d05nk7t0e089e4iglm4n0!nd_whgt34_webp_wm_1,0,1780042426700,0
6a19106100000000280359a1,1780027491000,黑龙江,6a1585bb000000003502766f,,60c4d57900000000010044a5,泪桥,https://sns-avatar-qc.xhscdn.com/avatar/1040g2jo320j8tgpclm6g5o64qlsg8h55lkd3ueg?imageView2/2/w/120/format/jpg,0,http://sns-webpic-qc.xhscdn.com/202605291613/5b356ead35115ec37be662520696da46/comment/1040g4b8320o5fqpd626g5o64qlsg8h55sesihlg!nd_whgt34_webp_wm_1,0,1780042426704,0
6a1924be0000000029034c8a,1780032702000,安徽,6a1585bb000000003502766f,四连了,5b987df35189950001e81416,臣~,https://sns-avatar-qc.xhscdn.com/avatar/1040g2jo31s81n194lk6g4aucaguv650mue19qm0?imageView2/2/w/120/format/jpg,0,,0,1780042426706,0
6a19035f000000002702fea0,1780024160000,上海,6a1585bb000000003502766f,已/,68ef0bcb0000000037003c2f,长谷川 御世 Hasagawa Miyo,https://sns-avatar-qc.xhscdn.com/avatar/1040g2jo31s5vntkpl66g5q7f1f5tof1f0ts08ig?imageView2/2/w/120/format/jpg,0,,0,1780042426706,0
6a190432000000002702e864,1780024372000,四川,6a1585bb000000003502766f,,5c2c7f1a00000000070038b2,无敌巨鲨,https://sns-avatar-qc.xhscdn.com/avatar/1040g2jo31hn7hh83ja005n1cfsd1oe5i18fd1tg?imageView2/2/w/120/format/jpg,0,http://sns-webpic-qc.xhscdn.com/202605291613/9ab4daf0bf8df664d08aeb4cb42fa153/comment/1040g2h0320o407s85c005n1cfsd1oe5ipavn5kg!nd_whlt34_webp_wm_1,0,1780042426711,0
6a193048000000002803a564,1780035656000,宁夏,6a1585bb000000003502766f,已三连蹲蹲,5f31422e000000000100aaaa,忧郁小猫猫,https://sns-avatar-qc.xhscdn.com/avatar/1040g2jo31s5ek3cbll905nph88n09alaj9iueu8?imageView2/2/w/120/format/jpg,0,,0,1780042426713,0
6a191d6c000000002a030bfb,1780030829000,上海,6a1585bb000000003502766f,,61c7c2bc000000001000745c,-番茄大王-,https://sns-avatar-qc.xhscdn.com/avatar/1040g2jo31gbgdqu3js005oe7oau40t2si2o67f0?imageView2/2/w/120/format/jpg,0,http://sns-webpic-qc.xhscdn.com/202605291613/d33e7608cc7debca4c7fdb951d056fcc/comment/1040g2h0320o72p7n6e005oe7oau40t2s33hv35g!nd_whlt34_webp_wm_1,0,1780042426722,0
6a190ef3000000002900c695,1780027125000,广东,6a1585bb000000003502766f,,5c6b82c0000000001203c5b9,二猫子🐟,https://sns-avatar-qc.xhscdn.com/avatar/1040g2jo320ka0r8hm86g5n3bgb04nhdpbrae6og?imageView2/2/w/120/format/jpg,0,http://sns-webpic-qc.xhscdn.com/202605291613/137915642a580ddcbca127411466b6a9/comment/1040g4b8320o5a8695md05n3bgb04nhdplmnpd7g!nd_whgt34_webp_wm_1,0,1780042426724,0
6a19147d000000002900d0ea,1780028542000,浙江,6a1585bb000000003502766f,,64e0b686000000000100f532,棒球侠,https://sns-avatar-qc.xhscdn.com/avatar/1040g2jo3134kggl56k6g5p70mq309t9irlvdj88?imageView2/2/w/120/format/jpg,0,http://sns-webpic-qc.xhscdn.com/202605291613/ea26b412b657b941d609ec08d20d30be/comment/1040g4b8320o2mig45m5g5p70mq309t9ic1vcq2o!nd_whgt34_webp_wm_1,0,1780042426725,0
6a190ff300000000280309f5,1780027381000,河北,6a1585bb000000003502766f,,5f5ce08c000000000100a1c2,面包鱼罐头,https://sns-avatar-qc.xhscdn.com/avatar/1040g2jo31uism9ls2i6g5nqss26098e263jvbag?imageView2/2/w/120/format/jpg,0,http://sns-webpic-qc.xhscdn.com/202605291613/949fa63ec1fc2de82eb4b4df2c1c9876/comment/1040g4b8320o5e59o626g5nqss26098e2benjnk8!nd_whgt34_webp_wm_1,0,1780042426726,0
6a18f620000000002902f54d,1780020769000,吉林,6a1585bb000000003502766f,,5f1d7c9e000000000100578d,云吃吃,https://sns-avatar-qc.xhscdn.com/avatar/1040g2jo31u20i1o7786g5notfif08lsdgeb7d88?imageView2/2/w/120/format/jpg,0,http://sns-webpic-qc.xhscdn.com/202605291613/586e5abf4db73dc0b182587b024dfa0c/comment/1040g4b8320o298ujlsdg5notfif08lsdcujnkho!nd_whgt34_webp_wm_1,0,1780042430007,0
6a1910e8000000002803f0c1,1780027627000,云南,6a1585bb000000003502766f,,5bf7d78b95485a0001a24164,思鸢鸢鸢鸢鸢,https://sns-avatar-qc.xhscdn.com/avatar/1040g2jo31r6l8smsnu6g4bt8fibomgb4i0thg48?imageView2/2/w/120/format/jpg,0,http://sns-webpic-qc.xhscdn.com/202605291613/cf6c45f015f7bda1abdd08d3f22543d6/comment/1040g2h0320o5ht3fmedg4bt8fibomgb41geea88!nd_whgt34_webp_wm_1,0,1780042430011,0
6a18f37e000000002702bae2,1780020096000,四川,6a1585bb000000003502766f,,670a3137000000001d02105f,ph海棠,https://sns-avatar-qc.xhscdn.com/avatar/1040g2jo31ubi1dochu6g5poa64rnc42vnqlq82o?imageView2/2/w/120/format/jpg,0,http://sns-webpic-qc.xhscdn.com/202605291613/9ffad636026f0c80645e11c3290a0e28/comment/1040g2h0320o1uvv1lc6g5poa64rnc42v535bi6g!nd_whgt34_webp_wm_1,0,1780042430011,0
6a18f630000000002a0326aa,1780020785000,山西,6a1585bb000000003502766f,,6685f8d3000000000f035cd2,言言_stelle,https://sns-avatar-qc.xhscdn.com/avatar/1040g2jo31kour21sj0605pk5v39jun6ih49rj1o?imageView2/2/w/120/format/jpg,0,http://sns-webpic-qc.xhscdn.com/202605291613/42417a9dd5179501f8587cc475b908d8/comment/1040g4b8320o29gkn68d05pk5v39jun6ict8q7vg!nd_whgt34_webp_wm_1,0,1780042430023,0
6a19055d000000002702bd6c,1780024673000,贵州,6a1585bb000000003502766f,,5d440ec70000000016011bae,一只鹅,https://sns-avatar-qc.xhscdn.com/avatar/6723193da3b1b2010c0c5df7.jpg?imageView2/2/w/120/format/jpg,0,http://sns-webpic-qc.xhscdn.com/202605291613/e90dd98012307cc14e41707cd6beb04a/comment/1040g2h0320o436665e0g5na41r3li6tekk49308!nd_whgt34_webp_wm_1,0,1780042430025,0
6a19067f000000002b000d2e,1780024961000,山西,6a1585bb000000003502766f,,60e7bfdc000000000101fdac,10086,https://sns-avatar-qc.xhscdn.com/avatar/1040g2jo31ocojoqig6605o77nve0bvdc12v5hf8?imageView2/2/w/120/format/jpg,0,http://sns-webpic-qc.xhscdn.com/202605291613/92fe9ca691f33a9b77a5e8d00f2c1e5a/comment/1040g4b8320o497j362dg5o77nve0bvdc7g3f50g!nd_whgt34_webp_wm_1,0,1780042430025,0
6a1910460000000028038750,1780027462000,浙江,6a1585bb000000003502766f,,654f51ea000000000403be40,零碎阿妤.,https://sns-avatar-qc.xhscdn.com/avatar/1040g2jo320gudgu8626g5pafa7l17fi0l4nfpjo?imageView2/2/w/120/format/jpg,0,http://sns-webpic-qc.xhscdn.com/202605291613/b856a3810110e2eae44b7f0424d33175/comment/1040g2h0320o45l9em8405pafa7l17fi0hlptfp0!nd_whgt34_webp_wm_1,0,1780042430029,0
6a18fa5c00000000270165c9,1780021853000,河北,6a1585bb000000003502766f,,5fddbb7b0000000001007c92,momo,https://sns-avatar-qc.xhscdn.com/avatar/1040g2jo31sqmnru6l8005nutndtg8v4i9lpabs8?imageView2/2/w/120/format/jpg,0,http://sns-webpic-qc.xhscdn.com/202605291613/fa8293b21ed6fcf6b13ccdcf117a7813/comment/1040g2h0320o2pq6amq005nutndtg8v4incdoltg!nd_whlt34_webp_wm_1,0,1780042430036,0
6a190a2e000000002b028762,1780025904000,辽宁,6a1585bb000000003502766f,,6050438d000000000100356f,八方来财小鱼干,https://sns-avatar-qc.xhscdn.com/avatar/1040g2jo31r87kngr00605o2g8e6g8dbf0colj3o?imageView2/2/w/120/format/jpg,0,http://sns-webpic-qc.xhscdn.com/202605291613/3ebc0ded448a1862b4c382097e46cc2a/comment/1040g2h0320o4njvk5mdg5o2g8e6g8dbf3cgckag!nd_whgt34_webp_wm_1,0,1780042430039,0
6a191c39000000002803942a,1780030522000,广西,6a1585bb000000003502766f,已四连[哭惹R],61d0eb8c000000001000af16,苔原带,https://sns-avatar-qc.xhscdn.com/avatar/1040g2jo31l45cp872u5g5oegte641bom3n7rhvo?imageView2/2/w/120/format/jpg,0,,0,1780042430041,0
6a190baf000000002803f1ad,1780026288000,福建,6a1585bb000000003502766f,,5dd005260000000001008bcc,Alkaid✨,https://sns-avatar-qc.xhscdn.com/avatar/1040g2jo3169sr77f1c6g5neg0kj092ucqjtn1r8?imageView2/2/w/120/format/jpg,0,http://sns-webpic-qc.xhscdn.com/202605291613/407f320d1ae2c804e3a5bfaf697d8e60/comment/1040g2h0320o4tfr262605neg0kj092uc0id6h9g!nd_whgt34_webp_wm_1,0,1780042433284,0
6a18f961000000002800b1cc,1780021602000,安徽,6a1585bb000000003502766f,,5fb25b1e00000000010092d2,寻付卿,https://sns-avatar-qc.xhscdn.com/avatar/63c577a4f9ec6f7554f853e7.jpg?imageView2/2/w/120/format/jpg,0,http://sns-webpic-qc.xhscdn.com/202605291613/79f7d62800d3b31d9ba40cc6c7858c05/comment/1040g2h0320o2lviq6q005ntibcf094mi2omuru8!nd_whlt34_webp_wm_1,0,1780042433297,0
6a18fa61000000002702c33a,1780021858000,河北,6a1585bb000000003502766f,,5fddbb7b0000000001007c92,momo,https://sns-avatar-qc.xhscdn.com/avatar/1040g2jo31sqmnru6l8005nutndtg8v4i9lpabs8?imageView2/2/w/120/format/jpg,0,http://sns-webpic-qc.xhscdn.com/202605291613/3bf5dccd47daafd2d29947c043cac872/comment/1040g2h0320o2pq6amq0g5nutndtg8v4ifnn8nrg!nd_whlt34_webp_wm_1,0,1780042433299,0
6a18f8c5000000002803ec16,1780021445000,海南,6a1585bb000000003502766f,,62fc8f02000000001200f6a3,bobo,https://sns-avatar-qc.xhscdn.com/avatar/1040g2jo30piigkhs6s5g5onshs14htl3j608r38?imageView2/2/w/120/format/jpg,0,http://sns-webpic-qc.xhscdn.com/202605291613/2199af8c89fdaca2ea086c3c587176a0/comment/1040g2h030vtjte0tm06000000000003rpreqg4o!nd_whgt34_webp_wm_1,0,1780042433310,0
6a18fbc8000000002a0043c7,1780022217000,北京,6a1585bb000000003502766f,,62a21597000000001b02afa7,带火星的小木条,https://sns-avatar-qc.xhscdn.com/avatar/1040g2jo31vscosm2jq705ol22mbmtbt7q32lvh8?imageView2/2/w/120/format/jpg,0,http://sns-webpic-qc.xhscdn.com/202605291613/ebcfbbea3be834008a75493de2a87a20/comment/1040g2h0320o2vbn3m8005ol22mbmtbt785h7nm8!nd_whlt34_webp_wm_1,0,1780042433314,0
6a18f4bb000000002803b9f8,1780020412000,海南,6a1585bb000000003502766f,,5ff75ff00000000001006da8,沈鹤鸣_,https://sns-avatar-qc.xhscdn.com/avatar/6367480e3da99737387cdf75.jpg?imageView2/2/w/120/format/jpg,0,http://sns-webpic-qc.xhscdn.com/202605291613/4c639bb2d36e5b178ff2e692c7844731/comment/1040g4b8320o23qcm5s705nvnbvo08rd8ajqr2f8!nd_whlt34_webp_wm_1,0,1780042433328,0
6a18ec4b000000002702c4b9,1780018253000,江西,6a1585bb000000003502766f,,600acb90000000000101e390,不吃鱼的猫,https://sns-avatar-qc.xhscdn.com/avatar/1040g2jo31s0j1k3qju005o0ape80bosgvhshv1o?imageView2/2/w/120/format/jpg,0,http://sns-webpic-qc.xhscdn.com/202605291613/ff19e46eedb5977c1227ea01ad67e088/comment/1040g2h0320o12rvq5e005o0ape80bosguvn4tm0!nd_whlt34_webp_wm_1,0,1780042433334,0
6a18e83d000000002803bbca,1780017215000,甘肃,6a1585bb000000003502766f,,59e9cb744eacab03cbe42fd4,黎明如铁,https://sns-avatar-qc.xhscdn.com/avatar/1040g2jo31r19ardgnu6049unhj5n8bukau9v6po?imageView2/2/w/120/format/jpg,0,http://sns-webpic-qc.xhscdn.com/202605291613/4f53814a8b7ae09ad2bb45ced1e8b887/comment/1040g4b8320o0j1c9lmcg49unhj5n8buklqmpr4o!nd_whgt34_webp_wm_1,0,1780042433337,0
6a18e2a500000000280318f7,1780015782000,江苏,6a1585bb000000003502766f,,6841bf5f000000001d016b67,魔芋爽,https://sns-avatar-qc.xhscdn.com/avatar/1040g2jo31sml5r4pls0g5q21ntfnaqr7edu9gt0?imageView2/2/w/120/format/jpg,0,http://sns-webpic-qc.xhscdn.com/202605291613/e163ec3aa5be9ef76aabf772cc0baeb6/comment/1040g4b8320nvt5l4m2705q21ntfnaqr7judjbqg!nd_whlt34_webp_wm_1,0,1780042433338,0
6a18e0ad000000002a026f09,1780015278000,上海,6a1585bb000000003502766f,,66e53379000000001d030e86,33,https://sns-avatar-qc.xhscdn.com/avatar/1040g2jo31e5d9ji3gm005pn56dsne3k61a10ve8?imageView2/2/w/120/format/jpg,0,http://sns-webpic-qc.xhscdn.com/202605291613/53ab9cf7c930365d7a49eb5dd7e8ca39/comment/1040g2h0320nvlfnblm005pn56dsne3k6m1097j0!nd_whlt34_webp_wm_1,0,1780042433340,0
6a18de1d000000002a027271,1780014622000,河北,6a1585bb000000003502766f,,5b8d25509ca68a0001f734e5,十三_🍎,https://sns-avatar-qc.xhscdn.com/avatar/1040g2jo31vs255uqiq6g4apjotil0d75pevruio?imageView2/2/w/120/format/jpg,0,http://sns-webpic-qc.xhscdn.com/202605291613/cc0af1372cae8632d43587fa57bd86c2/comment/1040g4b8320nvbfbk5md04apjotil0d75ti14db8!nd_whgt34_webp_wm_1,0,1780042436547,0
6a18dc18000000002a004ca9,1780014105000,辽宁,6a1585bb000000003502766f,,66c19dc6000000001d02193a,momo,https://sns-avatar-qc.xhscdn.com/avatar/645b800677c97ef1a2abc7e0.jpg?imageView2/2/w/120/format/jpg,0,http://sns-webpic-qc.xhscdn.com/202605291613/27cd1036da5b8c9798a8a9edc48a5c87/comment/1040g4b8320nv3iu96e005pm1jn37c69qhuqc7og!nd_whlt34_webp_wm_1,0,1780042436553,0
6a18da2d0000000028032ccb,1780013615000,广东,6a1585bb000000003502766f,,67492ba4000000001c0199d9,小施,https://sns-avatar-qc.xhscdn.com/avatar/1040g2jo31o9pg5o1lm6g5pq95ei736ep83nlgq8?imageView2/2/w/120/format/jpg,0,http://sns-webpic-qc.xhscdn.com/202605291613/c2e4cd5053e8d04e9a3c6f862120821c/comment/1040g4b8320nus3dl5mdg5pq95ei736epbpgejj0!nd_whgt34_webp_wm_1,0,1780042436555,0
6a18d8dd000000002702ab1f,1780013278000,浙江,6a1585bb000000003502766f,，,63d7838f00000000260135a4,失眠艺术家,https://sns-avatar-qc.xhscdn.com/avatar/1040g2jo31okomthk4s005ounge7pidd4vk7j640?imageView2/2/w/120/format/jpg,0,http://sns-webpic-qc.xhscdn.com/202605291613/3297df198977508056bcbbcd9b8eaf53/comment/1040g2h0320numv0gli005ounge7pidd4lhjljpg!nd_whlt34_webp_wm_1,0,1780042436569,0
6a18d0d2000000002803535e,1780011220000,上海,6a1585bb000000003502766f,,665308b000000000030311d0,泡泡大王,https://sns-avatar-qc.xhscdn.com/avatar/1040g2jo31lio6qjv5e005pij12o0u4egv8fq708?imageView2/2/w/120/format/jpg,0,http://sns-webpic-qc.xhscdn.com/202605291613/b58f33553fbace967a8e8b3293c44ddf/comment/1040g4b8320ntni8mmedg5pij12o0u4egubik768!nd_whgt34_webp_wm_1,0,1780042436572,0
6a18c3e2000000002a030f96,1780007908000,内蒙古,6a1585bb000000003502766f,,6575593a0000000020032a25,某某就是抄了,https://sns-avatar-qc.xhscdn.com/avatar/1040g2jo31rkhjq5bis6g5pblb4t86ah5fknqtn0?imageView2/2/w/120/format/jpg,0,http://sns-webpic-qc.xhscdn.com/202605291613/61943cc4efc63dad56f7b93deccfe52f/comment/1040g2h0320ns50qem26g5pblb4t86ah5roqbfpo!nd_whgt34_webp_wm_1,0,1780042436574,0
6a18c0180000000029013d2f,1780006938000,湖南,6a1585bb000000003502766f,,6446585000000000100269ec,xin,https://sns-avatar-qc.xhscdn.com/avatar/1040g2jo31vi5k19hig505p26b1844qfc3lbtvl8?imageView2/2/w/120/format/jpg,0,http://sns-webpic-qc.xhscdn.com/202605291613/a0b1ec5e253f3bfb50647f36f0bb4e0d/comment/1040g2h0320nrm76d685g5p26b1844qfcp6cdd50!nd_whgt34_webp_wm_1,0,1780042436575,0
6a18beac000000002b02b484,1780006573000,四川,6a1585bb000000003502766f,,5f827346000000000101d1f3,meow,https://sns-avatar-qc.xhscdn.com/avatar/1040g2jo31tujjuvn72005ns2ed30bkfjeo40e78?imageView2/2/w/120/format/jpg,0,http://sns-webpic-qc.xhscdn.com/202605291613/93a09db45106bebfb29b88e1d0c0667e/comment/1040g4b8320nrglails705ns2ed30bkfjcfag0ng!nd_whlt34_webp_wm_1,0,1780042436576,0
6a18b9eb000000002a031082,1780005357000,广东,6a1585bb000000003502766f,,640dad94000000001002b6df,叶修息一下马上回来,https://sns-avatar-qc.xhscdn.com/avatar/1040g2jo31no8696i06d05p0dlma45dmv6t1600o?imageView2/2/w/120/format/jpg,0,http://sns-webpic-qc.xhscdn.com/202605291613/b14199cb45171a8b2edf2467401fcf90/comment/1040g4b8320nqu3a5lsdg5p0dlma45dmv3hpiq70!nd_whgt34_webp_wm_1,0,1780042436582,0
6a18b6ce0000000029025c6f,1780004559000,北京,6a1585bb000000003502766f,,63d757bb0000000026004373,同鮭魚盡,https://sns-avatar-qc.xhscdn.com/avatar/1040g2jo320hceevj62605ounautpggrjeu7aeio?imageView2/2/w/120/format/jpg,0,http://sns-webpic-qc.xhscdn.com/202605291613/0ecc0273292be544eb1ced5d5908650d/comment/1040g4b8320nqhtse5mcg5ounautpggrjhn1cmeg!nd_whgt34_webp_wm_1,0,1780042436586,0
6898bc59000000002903fce9,1754840153000,河北,6896e1ac000000002500ee72,我在b站刷到一个玄学博主，有人给他分享同一个八字来自全国各地的18个还是19个人，用男有女各一半吧。最高学历的人家境优渥上了复旦，最低的初中读完就不上了在打工。八字只是一方面，自己的主观能动性也是很重要。我在考研失败的时候也试图借此指点迷津，但其实只是一场空。你在命好的时候不用算都会很顺利。命不好的时候，找的人也都是不靠谱的玄学半吊子，遇不到好人。人生中有一段时间迷茫无助，努力也找不到出路，浑浑噩噩，我也经历过这样的三年，觉得人生无望，怎么努力都没用结果。后期慢慢的事情顺利了，也不想着算命了。所以，你也是这样，加油学习吧，着眼于自己能掌握的事情，谋事在人成事在天[飞吻R],55e50b75a75c95367dea95ec,洛洛的小世界,https://sns-avatar-qc.xhscdn.com/avatar/be4e54a984a21be925a215a08fb36c8b.jpg?imageView2/2/w/120/format/jpg,24,,0,1780042441872,484
689a25fd000000002b009187,1754932733000,海南,6896e1ac000000002500ee72,我在考研初试结束等出成绩前找人看过，那个人先说了几个前事，都很准，然后说我那年大概率读不上了。但事实是我过线五十多分，稳稳上岸。大家生来都不是完人，事上学 心上练，好与坏都是成长，成长就是好事，所以不必去看的。,63aaaa080000000026011c65,momo,https://sns-avatar-qc.xhscdn.com/avatar/1040g2jo31a0p9jrmne6g5otal849i735872i5qo?imageView2/2/w/120/format/jpg,19,,0,1780042441875,983
6a18f92d0000000028032fc9,1780021550000,山东,6896e1ac000000002500ee72,谷多多不要米,5eab797a0000000001002ef0,草莓味的奶昔,https://sns-avatar-qc.xhscdn.com/avatar/1040g2jo320lfai6t5m6g5nlbf5t08bngkqfqnsg?imageView2/2/w/120/format/jpg,0,http://sns-webpic-qc.xhscdn.com/202605291614/ca72abbde3d1bc97a098f31b5bedb399/comment/1040g2h0320o2i0r85s8g5nlbf5t08bng2s6e5e8!nd_whgt34_webp_wm_1,0,1780042441880,0
68984c26000000002a00c807,1754811430000,甘肃,6896e1ac000000002500ee72,我和我朋友同年同月同日，还是一个地方的，时间也只差一个小时左右[嘻嘻R]但上大学后的轨迹还差挺多的,5f2bbfa50000000001008969,momo,https://sns-avatar-qc.xhscdn.com/avatar/1040g2jo31u6bveegiu605npbnuig92b9lqmdcng?imageView2/2/w/120/format/jpg,26,,0,1780042441885,111
68a22ac20000000030005f85,1755458243000,北京,6896e1ac000000002500ee72,用ai算了[笑哭R]感觉都很好，不知道是不是ai比较人性化，说的都是好事,62c954ad0000000002003049,本小姐一定上岸,https://sns-avatar-qc.xhscdn.com/avatar/1040g2jo31dar9ogah2705om9aimggc29dgfd4vo?imageView2/2/w/120/format/jpg,3,,0,1780042441892,13
68fa08760000000039002bde,1761216630000,山东,6896e1ac000000002500ee72,我全盘无印，说是学习能力很差，但是二本也逆袭了211硕成功毕业了[扯脸H]所以无论如何都要好好努力啊,5a25ee6d4eacab2c66b41dd9,momo,https://sns-avatar-qc.xhscdn.com/avatar/1040g2jo30nqr1sbv16004a03e2n6q7episjki0g?imageView2/2/w/120/format/jpg,8,,0,1780042441894,18
68975f37000000002903da09,1754750775000,吉林,6896e1ac000000002500ee72,是这样的，我当时焦虑总去看，还有人说我考不上呢，最后还是考上了[笑哭R],5b26f7f911be1067fad7bca2,木喜,https://sns-avatar-qc.xhscdn.com/avatar/d784fc20c996f3d2f39d034c404f234e.jpg?imageView2/2/w/120/format/jpg,13,,0,1780042441899,320
68a5ec2e0000000027004b9d,1755704367000,贵州,6896e1ac000000002500ee72,我最爱研究的时候也是备考考研的时候，每天两眼一睁坐在图书馆就开始看八字，到处学，学得杂七杂八的，然后就上小红书看盘看别人实操。除了八字我还研究了星盘，星宿等等，也花钱请人算过，只能说事在人为吧。有说我考不上的，有说能考上的，现在已经是研0了。允许一切发生，对得起自己就好,6746dcb700000000080093e9,Lisa蓉,https://sns-avatar-qc.xhscdn.com/avatar/1040g2jo31kjmhi4cj45g5pq6riri14v9lpsnqhg?imageView2/2/w/120/format/jpg,3,,0,1780042441902,27
68a5d799000000003001e86d,1755699097000,江西,6896e1ac000000002500ee72,我今天没忍住去算了一卦 师傅说考研考那个大学不管咋样努力都不会上岸 还说让我换个目标 搞的我心态都有点崩 都有些退却了[完啦R][完啦R][完啦R]早知道就不算了,65798a75000000001902f205,芝芝！！,https://sns-avatar-qc.xhscdn.com/avatar/1040g2jo31l35vird30005pbph9qmdsg5grhi9to?imageView2/2/w/120/format/jpg,9,,0,1780042441904,14
69df51da000000003200284f,1776243162000,江西,6896e1ac000000002500ee72,来个大师帮我看看,639ad987000000002801bac5,18岁骑老奶奶过马路,https://sns-avatar-qc.xhscdn.com/avatar/1040g2jo31l0daa3q30005osqr63q3em5js8grg8?imageView2/2/w/120/format/jpg,2,,0,1780042441905,1
68a6c1ce0000000026039af0,1755759054000,上海,6896e1ac000000002500ee72,不如扔更deepseek让它说点好话，学累的时候安慰一下自己，deepseek反正不可能告诉你摆烂也能成功，基本都是只要努力就能得到成长之类的话,611cd538000000000101e7cb,。,https://sns-avatar-qc.xhscdn.com/avatar/1040g2jo31c7n5ohugs6g5o8sqks0bpubsal3so8?imageView2/2/w/120/format/jpg,2,,0,1780042445076,35
6a13a4c000000000270155c1,1779672256000,广东,6896e1ac000000002500ee72,这会儿🈚事了,69ef13930000000002000c04,木水,https://sns-avatar-qc.xhscdn.com/avatar/1040g2jo31vj6qtsi4c605qff2e9gg304ikhdse8?imageView2/2/w/120/format/jpg,4,,0,1780042445080,3
6897f0ab0000000029025275,1754788012000,浙江,6896e1ac000000002500ee72,是这样的[害羞R]我遇到两个和我同年同月的女生，我们性格80%相似，专业不一样但学历一样，我有弟弟其他两个女生独生，我们都在同年同月遇到八字极其相似的桃花，但两个谈了一个没谈，相同的是我们三个大学毕业后都没工作，现在都在考公考编，我的理解就是八字确定人生的大致发展方向，但细节千差万别，主要靠人的主观能动性，所以八字看了也没多大用[笑哭R]但行好事莫问前程叭,5c6b956a000000001100d27d,铁军,https://sns-avatar-qc.xhscdn.com/avatar/1040g2jo31kjaedonio005n3bill49kjto296ee0?imageView2/2/w/120/format/jpg,8,,0,1780042445083,387
68a172a20000000030026543,1755411107000,江苏,6896e1ac000000002500ee72,我也是，我最近一直在找人算我是27考研，我在纠结考研还是考公[哭惹R]感觉人生一片黑暗,60eaa9d400000000010052fe,无与伦比,https://sns-avatar-qc.xhscdn.com/avatar/60eaa9d400000000010052fe.jpg?imageView2/2/w/120/format/jpg,2,,0,1780042445085,1
68a49cc90000000030017824,1755618506000,吉林,6896e1ac000000002500ee72,之前大一的时候比较焦虑，我去花钱算了学业，我问我这次四级能不能过，哈哈哈哈哈她说不能，还让我好好学习能改变。。。。。。结果我六级都过了，准备考雅思了，还是得努力，别人说了都不算,5ea27b8c0000000001004dcc,不爱上网的美女（备考版）,https://sns-avatar-qc.xhscdn.com/avatar/1040g2jo31gvsgfdck26g5nl2fe608jecu99t180?imageView2/2/w/120/format/jpg,3,,0,1780042445087,48
68a1d335000000003002980c,1755435829000,广东,6896e1ac000000002500ee72,一开始我研究这个一方面是好奇，另一方面是玄学很类似一种心理咨询，我本身是心理学方向的。所以我经常结合心理学和玄学去安抚那些日子本来就过得不太好的网友，也算是无聊上网的时候帮帮别人。但是最近发现，有些人对八字的迷信到了一种不愿意面对自己的地步，例如学习不好全怪八字大运，别人学得好肯定是大运走得好，我说人家走忌神运呢，她就说那一定是原局好…完全不管自己有没有努力，完全不愿在当下应该解决的问题上去花心思[笑哭R]最终不就是为自己的懒惰和无能找个外在的理由吗？,5aa3bc67e8ac2b220e46b5d3,局部小雨,https://sns-avatar-qc.xhscdn.com/avatar/1040g2jo31k7vntur2u6g4a3894u6fdej71bm2h0?imageView2/2/w/120/format/jpg,10,,0,1780042445091,33
689836a3000000002902e042,1754805924000,浙江,6896e1ac000000002500ee72,姐妹写得好棒，我自学八字有一段时间了，我就是不断告诉自己这是一门统计学，我的命运不在统计范围内,61bc459900000000100095cb,汐溪,https://sns-avatar-qc.xhscdn.com/avatar/1040g2jo31su3csemm85g5ods8mck15eb2408728?imageView2/2/w/120/format/jpg,3,,0,1780042445096,53
69f609d60000000028033340,1777732054000,浙江,6896e1ac000000002500ee72,我现在就是非常非常后悔去算学业[哭惹R]，今年有一个很重要的考试，我也没跟他说具体是什么考试，然后让他算我的学业运，他说什么你付出2-3倍努力才能获得1成收获，说我努力会打水漂，我真的恨死自己为什么要去算学业了[哭惹R][哭惹R]，但是内心里还是暗暗地下决心那我付出4-5倍努力总可以了吧,612e2bcd00000000020252d3,March-,https://sns-avatar-qc.xhscdn.com/avatar/1040g2jo315t3ftfb2o0g5o9e5f6gkkmjofjnffg?imageView2/2/w/120/format/jpg,3,,0,1780042445099,2
68984e5b0000000029027987,1754811996000,广东,6896e1ac000000002500ee72,感觉你算了也改变不了结果，要是真能世界上就没那么穷人了,5ed91bbb000000000100002c,贰拾壹,https://sns-avatar-qc.xhscdn.com/avatar/1040g2jo320msnv4q68605nmp3etg801cutdbb50?imageView2/2/w/120/format/jpg,2,,0,1780042445099,4
68974d47000000002a00ad54,1754746183000,江苏,6896e1ac000000002500ee72,哎今天刚找几个师傅看了八字，都说我30岁之前运势会很差[哭惹R]最近失业，想考研，其实本来想求心安结果看了更焦虑了，有一种淡淡的死感,646c31b9000000002901021b,洛丝薇瑟花匠,https://sns-avatar-qc.xhscdn.com/avatar/1040g2jo31qrhtpf96u5g5p3c66sqa0grflna86g?imageView2/2/w/120/format/jpg,2,,0,1780042445103,4
689771b30000000029028df7,1754755508000,黑龙江,6896e1ac000000002500ee72,谢谢姐妹 最近一直也犹豫要不要去算 但又怕算的结果不好[失望R],63255fc2000000002303cf5c,Coco,https://sns-avatar-qc.xhscdn.com/avatar/1040g2jo31uof16g72a005op5bv18vjqs3q8q1eg?imageView2/2/w/120/format/jpg,3,,0,1780042448351,0
69faa0700000000029018af6,1778032752000,广东,6896e1ac000000002500ee72,今天休息，抽[三R]个[合十R],69dd2f940000000032025617,小红薯69FC082C,https://sns-avatar-qc.xhscdn.com/avatar/645b809d1b0ee4025dc47735.jpg?imageView2/2/w/120/format/jpg,2,,0,1780042448354,1
68a32433000000003001c6c0,1755522099000,山东,6896e1ac000000002500ee72,和我一样，非常想算，但是抠搜，最后都以拒绝结束[哭惹R][微笑R],6421bc95000000000f01317c,用户已注销,https://sns-avatar-qc.xhscdn.com/avatar/645b7e90e29f7d0acadad8aa.jpg?imageView2/2/w/120/format/jpg,1,,0,1780042448356,5
68bc0a7c0000000030027f51,1757153916000,四川,6896e1ac000000002500ee72,马克思已经告诉过我们了，发挥主观能动性才是决定性因素哈哈哈哈,5b7fcdec39b013000167a8e5,多加香菜！,https://sns-avatar-qc.xhscdn.com/avatar/1040g2jo315brd5c11c004aj4ut6upa75jtki6do?imageView2/2/w/120/format/jpg,1,,0,1780042448357,157
6898cb0e000000002a005064,1754843918000,福建,6896e1ac000000002500ee72,不管是花钱看也好还是自己研究也好，只要你有这个心理素质接受自己命中好或者不好的地方只要你能为自己负责可以接受这个东西你就去看，接受不了就不要看不要研究这些，自己越研究的话其实是越对这个东西祛魅的，大部分都是普通人，能有一两个地方好就已经很不错了，其实最重要的还是去建立可以去接受自己普通的一个心理承受能力吧,5e4172cd00000000010057fd,绝对要早睡,https://sns-avatar-qc.xhscdn.com/avatar/1040g2jo31p6mb2i0ia005ni1eb6g8lvtrlhefng?imageView2/2/w/120/format/jpg,1,,0,1780042448366,11
6896f6f6000000002a00ab9a,1754724086000,北京,6896e1ac000000002500ee72,写的好棒啊,5ff959130000000001006da7,淇勾,https://sns-avatar-qc.xhscdn.com/avatar/1040g2jo31ub4ds9rj4605nvpb49g8rd7jtqkpig?imageView2/2/w/120/format/jpg,2,,0,1780042448368,1
689bf89d000000002603e1d7,1755052190000,广东,6896e1ac000000002500ee72,我感觉它就像是一个游戏说明书和人物设定书，告诉你的角色设计，但是怎么发展还是得看自己，毕竟游戏手柄在你自己的手上,5f0072f80000000001004b67,番茄蘸番茄,https://sns-avatar-qc.xhscdn.com/avatar/1040g2jo31r3acs3nng005no0ebs08ir7u8lssb0?imageView2/2/w/120/format/jpg,0,,0,1780042448371,23
69521508000000001600cffd,1766987016000,英国,6896e1ac000000002500ee72,学历这方面一般看不太准，主要还是靠个人努力[微笑R],6732b2c5000000001c018244,小红薯6733987F,https://sns-avatar-qc.xhscdn.com/avatar/1040g2jo31uufgmjligd05ppimb2n30i437n56pg?imageView2/2/w/120/format/jpg,0,,0,1780042448373,6
69f02384000000002702c04a,1777345413000,辽宁,6896e1ac000000002500ee72,我上学的时候，我妈妈说她去找人给我算过，那人说我考不上大学，我考上了，大学毕业之后说我不能上岸，得考五六年才可以，我一次上岸[笑哭R],632d4811000000001501e7b8,🍅大王,https://sns-avatar-qc.xhscdn.com/avatar/1040g2jo31nch0pj952dg5opd908lbptokg6m2rg?imageView2/2/w/120/format/jpg,1,,0,1780042448374,2
68dcf41b000000003901f98c,1759310875000,广东,6896e1ac000000002500ee72,博主说的观点是对的。八字算的是性格和运势，运势改不了，想改性格的话，多审视自己，修身养性，就能越活越好。,636b79ca000000001f01d691,楠楠,https://sns-avatar-qc.xhscdn.com/avatar/1040g2jo31qaj0fp06u6g5orbf757rlkhngub4go?imageView2/2/w/120/format/jpg,0,,0,1780042448380,8
68baab3c0000000030011c78,1757063996000,四川,6896e1ac000000002500ee72,学业这个是真的，一命二运三风水四积阴德五读书，当时中招、高考，我妈是学东玄的，按前四个的说法来说我是应该凭自己能考上好学校的（不过当时也说我应该静心，不然就不行了，只要我能静下心就可以）但差就差在我之前的性格属于是爱有侥幸心理，还懒，然后中招和高考就败在五读书上了[笑哭R]最后虽然都也到了不错的学校但都不是自己考上的[捂脸R]不过现在上了大学想明白了，踏踏实实的去读书，只是做到了踏踏实实（听课不跑神的，作业凭自己认真写，要求的练习能练就练）然后我的考试就顺利超预期通过了（我之前一直认为我不擅长这个学科[捂脸R]）所以说个人努力真的很重要,667da1900000000007004f20,momo,https://sns-avatar-qc.xhscdn.com/avatar/1040g2jo31uc6o51qhm6g5pjtk681ojp0b3uojjg?imageView2/2/w/120/format/jpg,0,,0,1780042451695,11
689859ca000000002903d07f,1754814922000,广东,6896e1ac000000002500ee72,没啥用，假的,62dce874000000001f0047cd,巧克力,https://sns-avatar-qc.xhscdn.com/avatar/166ad12ae9a7f6fbb4bbbf88d417895f.jpg?imageView2/2/w/120/format/jpg,1,,0,1780042451698,1
689aeb20000000002a01928e,1754983201000,广西,6896e1ac000000002500ee72,我还是蛮信我妈说的事在人为啦，考前再去拜拜求好运,61db04250000000010006a75,es大楼中国限定NOX叶朱樱（托p心碎版）,https://sns-avatar-qc.xhscdn.com/avatar/62c44205b208b6f31800fcee.jpg?imageView2/2/w/120/format/jpg,1,,0,1780042451700,8
689b96240000000030009f98,1755026980000,海南,6896e1ac000000002500ee72,感觉大事就不要算了 本来可以的算了以后反而可能不太行了 我觉得有一个理解挺到位的 就是命运可能定了你会到达的地方 但是你怎么去什么时候去都是靠自己决定的,5b93c4fba166850001025d95,Vanessa,https://sns-avatar-qc.xhscdn.com/avatar/1040g2jo31u6e823chu004askg62fmncl1evpmk0?imageView2/2/w/120/format/jpg,1,,0,1780042451701,15
6897e0ad000000002b0191f2,1754783918000,云南,6896e1ac000000002500ee72,我也是 真的焦虑到需要研究这些安慰自己 但是每个人说的都不一样 有些说能考上 有些说不能 本来我对自己很有信心的一下子就遭到打击一样[哭惹R][哭惹R]瞬间压力大增呜呜[哭惹R][哭惹R],5a239c614eacab61acc414f5,苹果派🍎,https://sns-avatar-qc.xhscdn.com/avatar/1040g2jo31l1id2auj2004a02eae6257lt2ben5g?imageView2/2/w/120/format/jpg,1,,0,1780042451703,2
69eb563d000000002a024993,1777030717000,重庆,6896e1ac000000002500ee72,曾经非常沉迷于八字紫微星盘，后来发现，算来算去他们用一套框架去解释已经发生的事情，对未发生的事情根本就算不准，于是不断引入新变量去解释为什么不准。现在看见这些东西就烦得不得了，有这时间天天关注运势，去学点什么早就成专家了。人只要有点主观能动性能够不断修正自身，命是很难算准的。并且社会发展日新月异，算命的能知道未来的社会是什么样吗，是不是可以去其他星球生活了都不一定。最后，算命的受限于个人的局限性，再怎么也得找智慧格局在自己之上的人去算吧，即使找到了，人依然有局限性和不稳定性，就你自己也是七天一变的。就活这一次呢，盖棺定论，把人生交回给自己，自己握紧方向盘。,5c715f44000000001000b910,momo,https://sns-avatar-qc.xhscdn.com/avatar/1040g2jo31qvgsfkm00005n3hbt241e8ga26t170?imageView2/2/w/120/format/jpg,0,,0,1780042451705,2
68975b6a0000000029039017,1754749802000,山东,6896e1ac000000002500ee72,没错[哭惹R]学习遇到瓶颈反而更想看玄学的东西，姐妹你写的很好，感谢🥹,606f8d78000000000101ddfc,Avonlea,https://sns-avatar-qc.xhscdn.com/avatar/1040g2jo31nhstrh25i0g5o3fhls0bnfskh89epg?imageView2/2/w/120/format/jpg,1,,0,1780042451706,5
69db7094000000001500308b,1775988885000,河北,6896e1ac000000002500ee72,厉害厉害,615998da000000000201ceb1,薯薯,https://sns-avatar-qc.xhscdn.com/avatar/1040g2jo320mnnp4rm26g5oapj3d0jjlh0q4kmko?imageView2/2/w/120/format/jpg,0,"http://sns-webpic-qc.xhscdn.com/202605291614/cce10d51bb1f7ff61f337ffc314c43f3/comment/1040g2h031urvmvfo2q505oapj3d0jjlhad6oal8!nd_whgt34_webp_wm_1,http://sns-webpic-qc.xhscdn.com/202605291614/aa7a505a928784e009db0a07add8e8de/comment/1040g2h031urvmvfo2q2g5oapj3d0jjlh704crf8!nd_whgt34_webp_wm_1",0,1780042451716,1
6a0433da000000002b002253,1778660314000,山东,6896e1ac000000002500ee72,天行健君子以自强不息,601a51f500000000010031ab,徒然,https://sns-avatar-qc.xhscdn.com/avatar/1040g2jo31ip8rg6jhg505o0qa7qg8cdbehhmtig?imageView2/2/w/120/format/jpg,0,,0,1780042451718,1
6897ccd4000000002a00a799,1754778836000,河北,6896e1ac000000002500ee72,如何修心呢,60c2f2e1000000000101f5db,momo,https://sns-avatar-qc.xhscdn.com/avatar/1040g2jo31s1d2padju5g5o62ubggbterqcaj07o?imageView2/2/w/120/format/jpg,1,,0,1780042451720,0
68a7ac0c000000002603acf1,1755819021000,山东,6896e1ac000000002500ee72,我觉得很多对命理学感兴趣的人都会经历这些阶段，先是有个契机开始琢磨  学习   然后很着迷  看大佬的视频  甚至花钱找人算  然后慢慢放平心态[doge],622c82bc000000001000e905,元气满满,https://sns-avatar-qc.xhscdn.com/avatar/1040g2jo31svgoq6fm8005ohcgau41q85rrnoqpg?imageView2/2/w/120/format/jpg,1,,0,1780042455007,15
6899be27000000002b0192ea,1754906151000,北京,6896e1ac000000002500ee72,研究一下没什么但是不要一直研究[大笑R]其实很多时候结果是自己的选择导致的，八字大运看出来的东西也可以有多重解读，相信相信的力量，相信什么内容就比较灵活了[doge][doge]宝考研加油啊！,59d88c1951783a5be5e88d45,天才多女,https://sns-avatar-qc.xhscdn.com/avatar/1040g2jo31tvp099u7e7049se2v61j3a5bk31ogo?imageView2/2/w/120/format/jpg,1,,0,1780042455010,8
68971332000000002b01fdb5,1754731315000,北京,6896e1ac000000002500ee72,加油！,6217a7690000000010006115,番茄头是教主,https://sns-avatar-qc.xhscdn.com/avatar/1040g2jo31eqd1af86a105ognktkk0o8l0ehr3jo?imageView2/2/w/120/format/jpg,1,,0,1780042455013,0
689776de000000002a00703a,1754756831000,江苏,6896e1ac000000002500ee72,加油💪,5aca0cc74eacab0b982637d3,如意随我心意,https://sns-avatar-qc.xhscdn.com/avatar/1040g2jo31neuqkn3kq604a4cgv6cedujuodheo0?imageView2/2/w/120/format/jpg,1,,0,1780042455016,0
696f6b13000000000600e864,1768909588000,广东,6896e1ac000000002500ee72,事在人为,62d41dc8000000000e00db22,横舟,https://sns-avatar-qc.xhscdn.com/avatar/1040g2jo31q5l10ke6u0g5omk3n43hmp2fhtpbc8?imageView2/2/w/120/format/jpg,0,,0,1780042455017,1
68983be1000000002a007eb4,1754807265000,陕西,6896e1ac000000002500ee72,看八字我只听好的，说我能发财那我就能发财，其他的都是平常生活,5dc6d1970000000001008c7f,落萧萧萧,https://sns-avatar-qc.xhscdn.com/avatar/5dd8fdec21967b0001821e55.jpg?imageView2/2/w/120/format/jpg,0,,0,1780042455020,35
68ee38920000000033005547,1760442514000,河北,6896e1ac000000002500ee72,我一不开心就看这种八字软件 我觉得ting you yi,5da2df530000000001000f51,momo,https://sns-avatar-qc.xhscdn.com/avatar/1040g2jo31v9drngg2a005nd2rt9g83qhphnr1jg?imageView2/2/w/120/format/jpg,1,,0,1780042455022,0
690471920000000038029f2b,1761898899000,贵州,6896e1ac000000002500ee72,这种东西一般我都不信的，只有在遇到特别多的时候我才信，第一年考研吗电瓶车被偷了被老师针对当天手机莫名其妙黑屏烂了（电瓶车坏了的当天），被实习折磨的下颌功能紊乱吃东西啥的受限，那年考研我放弃了，考研前一天打车到考场，遇到司机恶意别车，我方司机与对方互相上演生死时速。来到订的酒店，完全照片，当时我的那个房间面朝办丧事还是喜事啥的那一桌，吹拉弹响的。后面果断换酒店，结果来了姨妈不知道，当了酒店一看裤子后面已经全是血了，没有换洗的裤子，考研前一天在酒店搓裤子，挂到空调上去晾裤子，差点摔倒。第一年不是因为这些没考上，是我实习没有好好学。今年第二年开起得早，一调整好学习状态，回家吃老妈做的绝命毒饭心态炸裂,60d5dc0300000000200248a0,我要成为大号,https://sns-avatar-qc.xhscdn.com/avatar/1000g2jo2pl34v5qjq0605o6lrg1o4i50juhnkfo?imageView2/2/w/120/format/jpg,1,,0,1780042455028,4
68a6221900000000300236b7,1755718169000,四川,6896e1ac000000002500ee72,所谓算命对于普通人来说的用处就找找到自己生命的“使命”，属于你的东西，你朝着方向努力，知行合一，那你早晚能得到；不属于你的东西你一直有执念，那就会成了佛教中的“贪嗔痴”，这一点是很不好的。在三维之外的高维肯定有“造物者”规划好了一切的大致方向，你要做的是体验是接受，是在你自己的方向上创造和奋斗，一味的“人定胜天”也是会消耗心性的。,62cd91530000000002000251,li1Z,https://sns-avatar-qc.xhscdn.com/avatar/1040g2jo314dkj71smi005omdi59gg0ihkmrcico?imageView2/2/w/120/format/jpg,0,,0,1780042455032,1
689ad667000000002b0153e5,1754977896000,湖南,6896e1ac000000002500ee72,看八字的时候如果本身处于下滑状态你看准了不揪心么。。。而且如果是找人来看的话，你本身都处于低谷状态了你能找到啥人。。。,58ce932682ec39331b799729,故月照西楼,https://sns-avatar-qc.xhscdn.com/avatar/620510b3db78070001bc53c1.jpg?imageView2/2/w/120/format/jpg,0,,0,1780042455033,0
6898c3be0000000029031f68,1754842046000,安徽,6896e1ac000000002500ee72,我看了，桃花很多，没有婚姻命，给我看盘的说我很小概率会结婚[石化R]不过财运还挺好的[doge]结不结婚无所谓了，还说我以后晚婚，老公比我小好几岁[笑哭R],63afa52f000000002500394f,温,https://sns-avatar-qc.xhscdn.com/avatar/1040g2jo31rju8iroia6g5otfkknp8eaf1bp007o?imageView2/2/w/120/format/jpg,1,,0,1780042458279,0
6967dbf600000000060084ca,1768414199000,甘肃,6896e1ac000000002500ee72,嘿猜我是嘛呢 下午我妈带我去算命先生那里算 结果就是中规中矩挺影响心态 我妈也感觉听了以后心情不太好 不懂她在想什么 然后我用软件又研究到这个点[汗颜R]最后结论就是无所谓了 人生是一场修行 我依然会朝着自己的目标努力 我甚至要更努力 因为我想发财啊哈哈哈哈哈哈[害羞R],69393dea00000000030137af,七里岩,https://sns-avatar-qc.xhscdn.com/avatar/1040g2jo320gr21s55k005q9p7nl0qdtfmn18i2g?imageView2/2/w/120/format/jpg,0,,0,1780042458283,0
689b474c0000000026035b34,1755006797000,浙江,6896e1ac000000002500ee72,是这样 越焦虑越研究…,5fec8ec7000000000101c7f7,低密度脂蛋白菜,https://sns-avatar-qc.xhscdn.com/avatar/1040g2jo31nco2tgc58705nvchr3gbhvnhdm2dkg?imageView2/2/w/120/format/jpg,1,,0,1780042458285,5
6a0130af000000002901abc3,1778462896000,广东,6896e1ac000000002500ee72,心理学早就给出答案了：性格决定命运,63c2780f0000000026005e94,小澪bb,https://sns-avatar-qc.xhscdn.com/avatar/1040g2jo31q940q6r0a005ou2f07pgnkk6g8tkr8?imageView2/2/w/120/format/jpg,0,,0,1780042458289,0
6a014000000000002900f3e9,1778466817000,江西,6896e1ac000000002500ee72,试试谷多多，还挺准的,67395e9400000000010018af,画不圆的圈,https://sns-avatar-qc.xhscdn.com/avatar/1040g2jo31eq3a5po6g6g5pppbqa0865fulce9d8?imageView2/2/w/120/format/jpg,0,http://sns-webpic-qc.xhscdn.com/202605291614/1756ac35457d2e0eaf00ae86737fd967/comment/1040g4b83200t74obia305pppbqa0865fqv7ldcg!nd_whgt34_webp_wm_1,0,1780042458299,0
6a103e6f0000000029027c53,1779449455000,四川,6896e1ac000000002500ee72,谁给我看一下啊,5c30b00a00000000060139de,我好想发脾气（好运版）,https://sns-avatar-qc.xhscdn.com/avatar/1040g2jo31r9llq7p0a105n1gm051ieeu6rn6020?imageView2/2/w/120/format/jpg,0,,0,1780042458301,0
68a57fa80000000030008477,1755676584000,广东,6896e1ac000000002500ee72,[捂脸R]，其实八字真的很深奥，你相信但又不能完全让她深入你的脑子里，半信半疑顺其自然吧,6550ad1e00000000040382a8,柿子红了.,https://sns-avatar-qc.xhscdn.com/avatar/1040g2jo31c7gsjs012005paglkf170l81mg4tsg?imageView2/2/w/120/format/jpg,0,,0,1780042458303,0
68a7e65a0000000027006fc0,1755833946000,广东,6896e1ac000000002500ee72,看来看去真没什么好看，好的吧，反正也没有应验，看来看去也只是个故事。坏的吧，说了又不高兴，觉得自己人生也就这样了，反正没什么好处,601135b40000000001000cdd,炎墨阳ymy,https://sns-avatar-qc.xhscdn.com/avatar/1040g2jo320fh8cs6m2605o0h6mq0836ti9vqof0?imageView2/2/w/120/format/jpg,0,,0,1780042458305,0
6974624b000000000c0163d2,1769235020000,江西,6896e1ac000000002500ee72,谢谢博主，希望我们都如愿以偿,64abab18000000001c02ab5f,mono,https://sns-avatar-qc.xhscdn.com/avatar/1040g2jo31voggocf2i005p5blcc75aqv0ia5tf0?imageView2/2/w/120/format/jpg,0,,0,1780042458306,0
69dde865000000003102cc1e,1776150630000,天津,6896e1ac000000002500ee72,我让别人帮我算这个好的我就信不好的我就不信，或者会注意避开，我就觉得有些东西我就不信命，我就要打他的脸,68cf703100000000220266be,momo,https://sns-avatar-qc.xhscdn.com/avatar/1040g2jo320jls9k75m505q6fe0ookplue9hgdm0?imageView2/2/w/120/format/jpg,0,,0,1780042458310,0
6a053983000000002a0312d2,1778727300000,广东,6896e1ac000000002500ee72,我觉得八字有时候蛮神奇的，有时候，因为之前都是一头莽冲，现在算完也知道自己适合什么朝哪个方向走,60a213e80000000001000bfd,窹思,https://sns-avatar-qc.xhscdn.com/avatar/1040g2jo31vcv8u8sii6g5o522fk082vto8f7q08?imageView2/2/w/120/format/jpg,0,,0,1780042461489,0
69e7151f000000001401d415,1776751904000,广东,6896e1ac000000002500ee72,其实可以当做一本说明书，说你好的时候，你就去努力就行，事半功倍。说你不好的时候，就适当躺平，别太努力做到及格就行，不要和自己过不去。,627f5cba000000002102270a,那年打包好的眼泪,https://sns-avatar-qc.xhscdn.com/avatar/1040g2jo318h65ikgju605ojvbit8c9oaflfl2v8?imageView2/2/w/120/format/jpg,0,,0,1780042461493,0
69e76610000000001401bc16,1776772624000,安徽,6896e1ac000000002500ee72,想问感情,62cfad55000000000303c619,xx,https://sns-avatar-qc.xhscdn.com/avatar/1040g2jo31e6qvtl90e005omfllagvhgpdv0ttng?imageView2/2/w/120/format/jpg,0,,0,1780042461493,0
69df827c000000000103ecbd,1776255612000,浙江,6896e1ac000000002500ee72,有谁能给我看一下啊,5c5c566b000000001803536f,今晚早点睡na,https://sns-avatar-qc.xhscdn.com/avatar/1040g2jo32075e4p35k005n2saplm6krf3coaito?imageView2/2/w/120/format/jpg,0,,0,1780042461497,0
69c7b619000000000d03c4e7,1774695962000,吉林,6896e1ac000000002500ee72,最近考试找工作压力大，实在没忍住算了，结果答案不尽人意，崩溃了好久，今天给家人打电话才得知我把自己出生时间记错了，那看来算的不是我的八字，心里稍微有了安慰。希望看到这条评论的宝宝们记住一句话！“三分天注定，七分靠打拼”[哭惹R][哭惹R]充分发挥主观能动性，努力干就完了！！加油！！,61151370000000000101e395,不会起名字,https://sns-avatar-qc.xhscdn.com/avatar/1040g2jo31fa17c6l6i5g5o8l2do0bosl2f5iin8?imageView2/2/w/120/format/jpg,0,,0,1780042461499,0
69df37de0000000015004354,1776236511000,河北,6896e1ac000000002500ee72,太厉害了！！！,615998da000000000201ceb1,薯薯,https://sns-avatar-qc.xhscdn.com/avatar/1040g2jo320mnnp4rm26g5oapj3d0jjlh0q4kmko?imageView2/2/w/120/format/jpg,0,"http://sns-webpic-qc.xhscdn.com/202605291614/26a3173247da0da5a6db0c33c5c784cd/comment/1040g4b831uvlq2pcii6g5oapj3d0jjlhqbnlo38!nd_whgt34_webp_wm_1,http://sns-webpic-qc.xhscdn.com/202605291614/4eef0381eb6a386c8c4439d2f9e6f8e9/comment/1040g4b831uvlq2pcii505oapj3d0jjlhsv30hto!nd_whgt34_webp_wm_1",0,1780042461503,0
68f8e7250000000038027541,1761142565000,江苏,6896e1ac000000002500ee72,真的是自我怀疑了，ai说我的专业我的选择甚至起名都对我不利，可是我长这么大一路走过来也过得很幸福啊学业也很好啊一切都很顺利啊，面临择业选择，对ta太绝对的话术搞得自我怀疑了，难道就要因为ai算的结果放弃一个高平台好待遇的工作吗[笑哭R],65a4a7ef000000001f010efb,momo,https://sns-avatar-qc.xhscdn.com/avatar/1040g2jo31scc0bg3lm5g5pd4kvnnq3nr16ncmrg?imageView2/2/w/120/format/jpg,0,,0,1780042461507,0
69d676ae000000000d0344d1,1775662766000,湖南,6896e1ac000000002500ee72,确实[笑哭R]我最近三天也是研究这个感觉生活都乱了,65322365000000002a02b92c,看马桶冒烟,https://sns-avatar-qc.xhscdn.com/avatar/1040g2jo31rak9mrk0m6g5p9i4diqle9cveo6p60?imageView2/2/w/120/format/jpg,0,,0,1780042461512,0
69e18b7f000000001401bc0f,1776388991000,辽宁,6896e1ac000000002500ee72,好的就是心理安慰 不好的想安心就破 反耳都是看自己,61b4c37d000000001000b61d,宋宋,https://sns-avatar-qc.xhscdn.com/avatar/1040g2jo31va820tr2s005odkoduk1dgtikiib10?imageView2/2/w/120/format/jpg,0,,0,1780042461514,0
69d1db100000000030027086,1775360785000,山东,6896e1ac000000002500ee72,难道只有我是真的会786aa？别算啦，看书更香。,60a8bd8400000000010090b3,mama（不回私信版,https://sns-avatar-qc.xhscdn.com/avatar/1040g2jo31pr4847o5a005o58nm20945jriej5i8?imageView2/2/w/120/format/jpg,0,,0,1780042461515,0
696489bf000000001d00af09,1768196543000,广西,6896e1ac000000002500ee72,命盘决定人生百分之六七十，剩下三四十只能靠自己心起念动来改变，出生那一刻出厂设置已定好，底牌已定，就看怎样出牌了。,5a757d4511be1012ced327e7,momo,https://sns-avatar-qc.xhscdn.com/avatar/1040g2jo30vp28peals5g4a187vuka9v792tjcl0?imageView2/2/w/120/format/jpg,0,,0,1780042464814,2
69fdfc0f0000000028033dd8,1778252816000,辽宁,6896e1ac000000002500ee72,已收藏此贴。。ai算得心情不好看了评论区好多了[笑哭R]三分天注定七分靠打拼中,66b8821b000000000b031a9c,momo,https://sns-avatar-qc.xhscdn.com/avatar/1040g2jo31lcej2bil86g5plog8diu6ksjc84p68?imageView2/2/w/120/format/jpg,0,,0,1780042464830,0
69f838ba00000000280304ed,1777875130000,辽宁,6896e1ac000000002500ee72,我去年找批八字的师傅看事业，因为去年失业了，师傅说我27年才能有工作，当时给我气的不行，觉得他算的不准瞎说，但事实证明我今年确实还在做米虫[哭惹R]也是服了我靠,5cac5223000000001700120d,金金,https://sns-avatar-qc.xhscdn.com/avatar/1040g2jo31nht3tig6m005n5ca8hlo4gdrvrev60?imageView2/2/w/120/format/jpg,0,,0,1780042464841,0
69ff4ec90000000029010e12,1778339530000,北京,6896e1ac000000002500ee72,这网上骗子可多[笑哭R]大家要注意广告，我总上当，我妈去年领我去看姻缘，当时他说我那个男朋友有过婚姻，有欺骗我的地方，我直接懵了觉得他也不准，今年年初翻看手机被我发现了蛛丝马迹，我就觉得这人是真牛，我今年又去找他，他说不想插手姻缘的事太多，只告诉我一句不是正缘多听父母意见，主要人家收费便宜的要命，所以贵的一定要斟酌真正有本事的师傅都不高收费的[笑哭R]那些乱七八糟的都是骗子,6601453e000000000600e733,小红薯6A0001C1,https://sns-avatar-qc.xhscdn.com/avatar/645b7f6e338379fac1893093.jpg?imageView2/2/w/120/format/jpg,0,,0,1780042464844,0
69f313ed000000002900fc30,1777538030000,宁夏,6896e1ac000000002500ee72,最近找工作处处碰壁，我就想说找个人看看，感觉自己气运不对。我妈就说我迷信，她之前找人算我啥时候结婚，结果没结她觉得不准。我也不是说想算命或者让人给我算个工作，想看下气运，多少能有个心理暗示，让自己没那么焦虑或许一切就否极泰来了,59c4bf8482ec397ae4eb02d7,老可爱啦,https://sns-avatar-qc.xhscdn.com/avatar/1040g2jo30uic87cs546g49qtnevo80mndvd6e3g?imageView2/2/w/120/format/jpg,0,,0,1780042464846,0
69095f9b000000003800af61,1762221979000,山东,6896e1ac000000002500ee72,主要是有些心态不好的人，比如我，非常容易被这些东西影响日常生活，所以有时候还不如不知道，闷头干就完了,67d29130000000000e0114fd,用户已注销,https://sns-avatar-qc.xhscdn.com/avatar/645b6b2504c28aa15eab1dac.jpg?imageView2/2/w/120/format/jpg,0,,0,1780042464849,1
69081b8f00000000370127c1,1762139024000,陕西,6896e1ac000000002500ee72,看给你带来的是开心还是不开心吧，如果都让你变得不自信、生活变得更差了，这个东西就不对。,653760c50000000004009067,稣溪suzy,https://sns-avatar-qc.xhscdn.com/avatar/1040g2jo31v4r0uo0ia005p9nc32h1437k3hsjng?imageView2/2/w/120/format/jpg,0,,0,1780042464851,1
68fcf82900000000370249f2,1761409065000,湖北,6896e1ac000000002500ee72,[笑哭R][笑哭R]说白了没时间就别看，搞这些然后七八天不学习其实我说真的，你可能本身也没有什么很大的定力,686a277e000000001e00679f,用户已注销,https://sns-avatar-qc.xhscdn.com/avatar/645b7e90e29f7d0acadad8aa.jpg?imageView2/2/w/120/format/jpg,0,,0,1780042464853,0
68fcf8030000000037011181,1761409027000,湖北,6896e1ac000000002500ee72,[doge]你不理解所以肯定就不会看啊,686a277e000000001e00679f,用户已注销,https://sns-avatar-qc.xhscdn.com/avatar/645b7e90e29f7d0acadad8aa.jpg?imageView2/2/w/120/format/jpg,0,,0,1780042464854,0
68fac6a0000000003800aeab,1761265312000,广东,6896e1ac000000002500ee72,有推荐吗,59df4c0e44363b245cb82708,momo,https://sns-avatar-qc.xhscdn.com/avatar/1040g2jo3185f6v9j4c0049t0of60s9o8i29dheo?imageView2/2/w/120/format/jpg,0,,0,1780042464857,0
68f6e93d00000000390089d2,1761012030000,云南,6896e1ac000000002500ee72,天 我也是在考研喜欢看这种东西[失望R],5a0c25234eacab7bf8ee59ad,比巴卜卜,https://sns-avatar-qc.xhscdn.com/avatar/62bc2c3f2e131716631b0abe.jpg?imageView2/2/w/120/format/jpg,0,,0,1780042468289,0
68f1c8760000000037027af4,1760675958000,江西,6896e1ac000000002500ee72,呜呜呜，我就这两天学不进去就刷到很多这种帖子，就想算算[哭惹R]，我不看那个了，我保持努力吧，感觉看多了对我影响还蛮大的[哭惹R],62a473e0000000001b02a5c7,momo,https://sns-avatar-qc.xhscdn.com/avatar/64e0c5168fa89d8e07bb04a7.jpg?imageView2/2/w/120/format/jpg,0,,0,1780042468293,0
68ef9531000000003803c3e9,1760531762000,江西,6896e1ac000000002500ee72,爱研究这些就尽量让自己心态好点，比如算出来好结果就大胆冲(算是受到鼓励)，算出来坏结果就更要砥砺前行加倍努力，尽量让它对你自己是正面影响,64d65a08000000000100d9c1,ye！,https://sns-avatar-qc.xhscdn.com/avatar/1040g2jo320bqbs10me0g5p6mb8409me1ils973o?imageView2/2/w/120/format/jpg,0,,0,1780042468297,2
68ef0fdd0000000039027916,1760497630000,福建,6896e1ac000000002500ee72,最近也是被干扰了，还是得靠自己努力，先调整心态。,5b5fb07011be1006956ab07b,要少玩点手机喔,https://sns-avatar-qc.xhscdn.com/avatar/1040g2jo31pfcvef73k6g4a7mr4o71c3r2jpin60?imageView2/2/w/120/format/jpg,0,,0,1780042468299,1
68ec4642000000003902ec62,1760314947000,湖南,6896e1ac000000002500ee72,命盘是一部分，拿到同一命盘的人高度也不一样，尽人事还是要尽的,63c95b6c000000002702a178,かぜさわ,https://sns-avatar-qc.xhscdn.com/avatar/1040g2jo31u7p6tivis605ou9bdm9t8bog6e8k9o?imageView2/2/w/120/format/jpg,0,,0,1780042468308,1
68e633190000000038028115,1759916826000,浙江,6896e1ac000000002500ee72,我谢谢你，呜呜呜，开悟了。[派对R],5f62007b000000000100a222,小红薯5F635F16,https://sns-avatar-qc.xhscdn.com/avatar/0dd6f7e91ce0bea602fbc47515b7c72f.jpg?imageView2/2/w/120/format/jpg,0,,0,1780042468312,0
68d51227000000000100341d,1758794280000,河北,6896e1ac000000002500ee72,我正在走你走过的路[哭惹R]也是考研备考中，就想研究这个[哭惹R],62dfe259000000001f016634,燕琢意,https://sns-avatar-qc.xhscdn.com/avatar/1040g2jo31tasuqc55k605omvs9cnqphkhcap7u8?imageView2/2/w/120/format/jpg,0,,0,1780042468315,1
68c281fb000000003000f0fe,1757577723000,四川,6896e1ac000000002500ee72,同为考研er，多谢这篇分享，不然我已经开始狠狠研究八字了！！,61e03910000000001000624c,欧系kk啦,https://sns-avatar-qc.xhscdn.com/avatar/1040g2jo3177afqro0m605of074840oiceki0638?imageView2/2/w/120/format/jpg,0,,0,1780042468317,3
68bd84da000000000b026a1b,1757250779000,浙江,6896e1ac000000002500ee72,宝宝，我感觉我很难克服命带来的一些情绪内耗啊，不坚定啊等等，很容易三心二意这样，不知道怎么克服了[哭惹R],5dc75670000000000100632c,momo,https://sns-avatar-qc.xhscdn.com/avatar/1040g2jo31mkcm11kmm005ne7apo08opc8rucat0?imageView2/2/w/120/format/jpg,0,,0,1780042468319,1
68ba95a30000000002002568,1757058467000,广东,6896e1ac000000002500ee72,今天生病特多是因为啥[哭惹R][哭惹R],65ec786f000000000d026ae3,瘾。,https://sns-avatar-qc.xhscdn.com/avatar/1040g2jo31obj7o3lmm6g5pfcf1njcqn3d0otgfo?imageView2/2/w/120/format/jpg,0,,0,1780042468322,0
68b345bf000000000b02b621,1756579264000,山西,6896e1ac000000002500ee72,问一句如果知道了你的八字是不是不太好[失望R]容易被做法什么的,60f3ea8c000000000100a839,姬锦桐,https://sns-avatar-qc.xhscdn.com/avatar/1040g2jo31vsuag6cjq6g5o7jta609a1pedc80j8?imageView2/2/w/120/format/jpg,0,,0,1780042471623,0
68b08d7a000000000b01e9a2,1756401018000,河北,6896e1ac000000002500ee72,@prrrrrrrrrrrr [扯脸H],62a88a4c00000000190212b1,鹅妈妈,https://sns-avatar-qc.xhscdn.com/avatar/1040g2jo31ui1l6jcia605ol8h966c4lh6onlckg?imageView2/2/w/120/format/jpg,0,,0,1780042471625,0
68afe404000000003000e23b,1756357637000,湖北,6896e1ac000000002500ee72,我想问下，家房子外的四个角被人放了mingbi是什么意思[哭惹R][哭惹R]家里条件也不好 真的害怕 去年好像也有,5c3982750000000007007f3a,623,https://sns-avatar-qc.xhscdn.com/avatar/1040g2jo31v908a3r2s6g5n1pg9qhovpq5d0h7do?imageView2/2/w/120/format/jpg,0,,0,1780042471626,0
68aeeb4f000000000201403a,1756293968000,浙江,6896e1ac000000002500ee72,呃呃，我觉得八字就是归纳总结生活呗，就像知道自己印星重，然后恍然大悟，哦怪不得我容易想很多呢，只是对应了一下生活里面的现象而已，并没有因为我了解了之后我就变得无敌完美，如果是因为八字脱离生活，那可能不适合学吧,6655153400000000030318e0,纪和月,https://sns-avatar-qc.xhscdn.com/avatar/1040g2jo31ttr2lr3n8005pil2kq0u670uoc6i9o?imageView2/2/w/120/format/jpg,0,,0,1780042471628,1
68ad4e8700000000300063d3,1756188295000,四川,6896e1ac000000002500ee72,我现在就是有点信命运，但是就会陷入虚无，没意思的状态,6548f979000000000200f9da,小小咸鱼儿🍑,https://sns-avatar-qc.xhscdn.com/avatar/1040g2jo31km54d7via5g5pa8v5sghueq84hbk8o?imageView2/2/w/120/format/jpg,0,,0,1780042471631,4
68a802ca0000000026038feb,1755841227000,浙江,6896e1ac000000002500ee72,就是学累了，焦虑导致。奖励自己做些喜欢的事情就好,64016150000000000e023c54,法学卷卷,https://sns-avatar-qc.xhscdn.com/avatar/1040g2jo31rjojlsbj2005p01c583kf2kkkateh0?imageView2/2/w/120/format/jpg,0,,0,1780042471633,4
68a71e22000000002603e5e1,1755782691000,重庆,6896e1ac000000002500ee72,评论干嘛总纠结时柱不同有多大影响，年月日都一样了，总会轨迹有相近的地方吧。倒不如说更多的不同是原生家庭带来的，有钱或者没钱，有爱或者没爱,602bac3600000000010029db,foxy🦊,https://sns-avatar-qc.xhscdn.com/avatar/1040g2jo31v8ii9ba3q5g5o1blgr08aeruggnc1o?imageView2/2/w/120/format/jpg,0,,0,1780042471640,0
68a6cabb000000002700980c,1755761340000,内蒙古,6896e1ac000000002500ee72,感觉不准，紫薇也不准，撇了，不如学点别的,61d9c8ea0000000010005a62,momo,https://sns-avatar-qc.xhscdn.com/avatar/cd255d0e201935e0d852bd371f18c198.jpg?imageView2/2/w/120/format/jpg,0,,0,1780042471642,2
68a6b4c2000000003000faa4,1755755714000,湖南,6896e1ac000000002500ee72,是的，好好生活，好好学习！,5ac5b6d0b1da1411178250d1,游到天色明亮,https://sns-avatar-qc.xhscdn.com/avatar/1040g2jo31vs51o63l4004a49sprd0k6h2n4mqvo?imageView2/2/w/120/format/jpg,0,,0,1780042471644,0
68a62177000000003002b8ce,1755718008000,河南,6896e1ac000000002500ee72,我就讲我自己吧，我舍友会算塔罗，而且算的挺准的。当时快5月份的时候算了一下我三个月的运势，就是5.6.7月的运势。当时说我520有男人给我转账，我520那天购物让我爸报销，我爸还额外多给我了几百。算的7月跟老妈关系不太好，互相看不顺眼。听着有点糟糕，但是其实也就是我和我妈吵了两次架。没有算到的8月份我妈给我买了个金镯子，其实算的这些也是准的，但是不要不好就天天担心，而且不要什么都去算，生活中未知的惊喜快乐是翻倍的！坚信自己越过越好就行了[飞吻R],63db94fb0000000026013ae5,momo,https://sns-avatar-qc.xhscdn.com/avatar/1040g2jo31f2ef45km6005ourijtpien5cg9qbko?imageView2/2/w/120/format/jpg,0,,0,1780042471645,1
68d645b5000000001903e073,1758873013000,江西,68d400de00000000130142b6,所以我好奇博主，你找到你自己的天赋吗？是什么？,663f2e940000000007007b2a,诗二八,https://sns-avatar-qc.xhscdn.com/avatar/1040g2jo3142lkgg41m6g5phv5qa1oupajtedibg?imageView2/2/w/120/format/jpg,8,,0,1780042477093,21
68d80bf1000000001903d017,1758989298000,中国澳门,68d400de00000000130142b6,其實我覺得AI頗愛順著人說話的[笑哭R],610b91550000000001003df4,澳門職業治療師林雯麗,https://sns-avatar-qc.xhscdn.com/avatar/646f095b248e41ffc87df85a.jpg?imageView2/2/w/120/format/jpg,7,,0,1780042477096,251
68d62ab4000000000a00c6b3,1758866101000,湖北,68d400de00000000130142b6,有指令吗？可以发一下嘛[皱眉R],5b7f8f36b924580001314d71,luckymomo💫,https://sns-avatar-qc.xhscdn.com/avatar/1040g2jo31qukfdv0006g4aj3447jcjbhpl883h8?imageView2/2/w/120/format/jpg,29,,0,1780042477098,6
68d641ef000000001a0270b2,1758872047000,广东,68d400de00000000130142b6,不知道为什么发不出去[失望R]大家想要的私我，我下班后尽力回复,6430d15e0000000011020b9c,一笔能连完所有的馕,https://sns-avatar-qc.xhscdn.com/avatar/1040g2jo31kd7b4bbj26g5p1gq5f4c2ssf1198rg?imageView2/2/w/120/format/jpg,3,,0,1780042477100,24
68d7e227000000000b02285c,1758978600000,浙江,68d400de00000000130142b6,有点东西，竟然是做游戏，但是又不对口又没门道[笑哭R],5c8531f50000000011038d3a,喵喵喵～,https://sns-avatar-qc.xhscdn.com/avatar/5c8533650355710001f26e41.jpg?imageView2/2/w/120/format/jpg,3,,0,1780042477103,1
68d7befd000000001903a484,1758969601000,江苏,68d400de00000000130142b6,问了，绝望地发现目前的工作竟然是当下和我天赋适配性很高的,557b14d767bc65449928b71a,兔子只吃窝边草,https://sns-avatar-qc.xhscdn.com/avatar/1040g2jo31ag3ek2b7e6g40qatvadfdoqkv4hjm8?imageView2/2/w/120/format/jpg,3,"http://sns-webpic-qc.xhscdn.com/202605291614/83c103b840190fa7bcd515df98c004e9/comment/1040g2h031muc9t5kmm6g40qatvadfdoq0atum3o!nd_whgt34_webp_wm_1,http://sns-webpic-qc.xhscdn.com/202605291614/97c4bd008acd07b08681a9ceab6e8079/comment/1040g2h031muc9t5kmm4g40qatvadfdoq21phh40!nd_whgt34_webp_wm_1,http://sns-webpic-qc.xhscdn.com/202605291614/8573b4d928931cab6b2bd59d14f6801e/comment/1040g2h031muc9t5kmm5040qatvadfdoqanoptio!nd_whgt34_webp_wm_1",0,1780042477106,0
68d73671000000001a02cf29,1758934644000,四川,68d400de00000000130142b6,这个指令真好，我解决了长期困扰我的问题。原来我是结构性观察和上帝思维，我之前还以为自己是过于冷漠了[石化R]现在能逻辑自洽了，解决了很多困扰我的问题,5f5e48140000000001000a7a,藕塘村怪味抄手,https://sns-avatar-qc.xhscdn.com/avatar/1040g2jo31t8dd2ne5k605nqu90a082jqjteq4ng?imageView2/2/w/120/format/jpg,4,http://sns-webpic-qc.xhscdn.com/202605291614/83e5a0bf59314131915a3dfb8f146878/comment/1040g2h031mtrkgnhmm605nqu90a082jq78iv3q0!nd_whgt34_webp_wm_1,0,1780042477108,4
68d83e98000000000a0082c1,1759002267000,山东,68d400de00000000130142b6,,557267fdb7ba2257599f73a7,我并不会吃你好吗,https://sns-avatar-qc.xhscdn.com/avatar/1040g2jo31vnb96402q0040oo85jvqst7hceebd8?imageView2/2/w/120/format/jpg,3,http://sns-webpic-qc.xhscdn.com/202605291614/ce2bef7815394633fd82b972a2eb5355/comment/1040g2h031mursbikmg0040oo85jvqst7k65phlg!nd_whgt34_webp_wm_1,0,1780042477112,0
69762c7a000000001d00b2b1,1769352314000,甘肃,68d400de00000000130142b6,我先让它找我的天赋，然后又让他反推我的MBTI和八字，竟然推准了,60504a460000000001005ac4,深松里,https://sns-avatar-qc.xhscdn.com/avatar/1040g2jo31ehjmj9h0u605o2g99308mm4sp9uk30?imageView2/2/w/120/format/jpg,1,,0,1780042477114,0
68d6ca85000000001a02dbe5,1758907014000,陕西,68d400de00000000130142b6,好神奇，我也问了一下，他问我什么事让我感觉时间飞快，我说吃美食。我以为没啥潜力天赋，他说我有策划能力和共情诶！！谢谢博主分享[害羞R],5e2936a600000000010080dc,momo在杨凌,https://sns-avatar-qc.xhscdn.com/avatar/1040g2jo3177r427ljm5g5nh96qj0906sbu31rg0?imageView2/2/w/120/format/jpg,1,,0,1780042477118,0
68d459c2000000003002bb3f,1758747074000,福建,68d400de00000000130142b6,等我反馈,60c4d6f3000000000100b77c,铁一样的拳头,https://sns-avatar-qc.xhscdn.com/avatar/60c4d6f3000000000100b77c.jpg?imageView2/2/w/120/format/jpg,1,,0,1780042480429,1
68d83aff0000000001000523,1759001344000,江西,68d400de00000000130142b6,太实用了！！呜呜目前是个人玩家想转战兼职美甲师这样的想法，但是一直很踌躇，聊完天赋之后继续问了问如果要成为美甲师要怎么做，说了自己的顾虑，然后给了特别特别精准的回答，真的看完之后，自己的想法变得特别清晰，第一次用ai对答，我总算知道为什么大家都爱用爱聊了，实在是夸的太有力了，不管我怎么选怎么说他第一句话都是对我的肯定[哭惹R][哭惹R][哭惹R],5b95a76ad2c20e0001029b4d,无谓形容,https://sns-avatar-qc.xhscdn.com/avatar/1040g2jo31vrp831j2a6g4at9ttjml6qd134o340?imageView2/2/w/120/format/jpg,2,http://sns-webpic-qc.xhscdn.com/202605291614/d8995198055ffa61c9bbbbf29d56d944/comment/1040g2h031mure9kn586g4at9ttjml6qdvb72i9o!nd_whgt34_webp_wm_1,0,1780042480431,3
68d83517000000001903ec11,1758999832000,贵州,68d400de00000000130142b6,我的天赋是没有天赋…我是发现了不论是我还是ds都很抽象了…,5e2950db0000000001009806,垮起个冷萌猫脸,https://sns-avatar-qc.xhscdn.com/avatar/1040g2jo31i3sh7c7na505nh9a3dg96061haarfg?imageView2/2/w/120/format/jpg,2,http://sns-webpic-qc.xhscdn.com/202605291614/df08eee8d2abfb957542f7efd30aa398/comment/1040g2h031muqn7ge58605nh9a3dg960691rn08o!nd_whgt34_webp_wm_1,0,1780042480432,0
68d5c82f0000000001034325,1758840880000,广东,68d400de00000000130142b6,刚刚试了一下，确实是帮我一步步引导和挖掘自己的能力，并把我擅长和喜欢的领域结合起来，得到了一个更加具象化的结果，蛮不错的,5922215c6a6a696912958176,芭蕉树上长了一颗苹果,https://sns-avatar-qc.xhscdn.com/avatar/1040g2jo316svi0kd3k0049h16aglp0bm2dfbce0?imageView2/2/w/120/format/jpg,2,,0,1780042480435,13
68d7c8840000000002002e77,1758972037000,广东,68d400de00000000130142b6,虽然但是，还是不知道自己该干啥,5bed67359d1898000156ca9c,破晓以后、,https://sns-avatar-qc.xhscdn.com/avatar/616ec97cd1e65fa558c45fed.jpg?imageView2/2/w/120/format/jpg,1,http://sns-webpic-qc.xhscdn.com/202605291614/707fc6a37b63fa857ffab1e627192a4f/comment/1040g2h031mudf3kh6m604br0kcjjbiksms70re0!nd_whgt34_webp_wm_1,0,1780042480440,1
68d8a6c80000000019039d88,1759028936000,广东,68d400de00000000130142b6,我真是谢了，ds说我比较适合做个人定制化顾问，我好高兴来着，我最喜欢给选择困难症做决定了，提供最优解什么的[哭惹R]准备着手做了！,57805ffb6a6a6947d076bbb4,Oohyo,https://sns-avatar-qc.xhscdn.com/avatar/1040g2jo318j48obukc0g48hdq7fvnetk0q798o8?imageView2/2/w/120/format/jpg,2,,0,1780042480442,1
68d64dfb000000000201456a,1758875133000,湖北,68d400de00000000130142b6,,598291356a6a693c432a541f,一时,https://sns-avatar-qc.xhscdn.com/avatar/1040g2jo31r8d5t0ono0049nagp8jal0vaovdo5g?imageView2/2/w/120/format/jpg,1,http://sns-webpic-qc.xhscdn.com/202605291614/16ac2a7cd5539f88c3c836b10a2fde8c/comment/1040g2h031msv8eril87049nagp8jal0vs74e4c8!nd_whgt34_webp_wm_1,0,1780042480444,1
68d81be00000000001010901,1758993376000,安徽,68d400de00000000130142b6,收藏 明天上课来做,65951e4c000000002001c76a,驿站小帮手,https://sns-avatar-qc.xhscdn.com/avatar/1040g2jo31ffkt6lun45g5pcl3p683hrargc1k7g?imageView2/2/w/120/format/jpg,1,,0,1780042480445,0
69894f7c000000001500cf27,1770606460000,河南,68d400de00000000130142b6,@问一问 请提取指令,62c2e44e000000001b02b235,ommo,https://sns-avatar-qc.xhscdn.com/avatar/1040g2jo31pa13eg0io6g5om2sh76tchlhg6ru28?imageView2/2/w/120/format/jpg,1,,0,1780042480446,0
69e5f43e000000001401c413,1776677950000,上海,68d400de00000000130142b6,@问一问 请提取指令,6655a8f70000000003032545,你不上课干嘛呢,https://sns-avatar-qc.xhscdn.com/avatar/1040g2jo31q1p5k8nn4005pill3rgu9a54v6c2ho?imageView2/2/w/120/format/jpg,1,,0,1780042480447,0
68d72b5a000000001903f7b6,1758931803000,江苏,68d400de00000000130142b6,我的天赋是挑刺，挑任何人的刺包括我自己[笑哭R],5a8c32bfe8ac2b59622fe935,贪得吴颜,https://sns-avatar-qc.xhscdn.com/avatar/1040g2jo31cq52vgrgm6g4a1kl6pbvq9l56hutt8?imageView2/2/w/120/format/jpg,1,,0,1780042483738,2
68d8395100000000020154eb,1759000913000,江苏,68d400de00000000130142b6,是的真的很准，而且回答完这15个问题后让ds再猜猜自己的mbti有奇效[哇R],6583c5c0000000001b030107,momo,https://sns-avatar-qc.xhscdn.com/avatar/1040g2jo31pq8imqvla005pc3on06u087kp2rfpo?imageView2/2/w/120/format/jpg,0,http://sns-webpic-qc.xhscdn.com/202605291614/2e799873f67c920e71045ebd7c36402b/comment/1040g2h030vtje5jd609000000000003r6mpo88o!nd_whgt34_webp_wm_1,0,1780042483740,6
68d96dba000000000b017b12,1759079867000,广西,68d400de00000000130142b6,交作业,5c230a38000000000603b9a6,不爱闹腾,https://sns-avatar-qc.xhscdn.com/avatar/5c230a38000000000603b9a6.jpg?imageView2/2/w/120/format/jpg,0,http://sns-webpic-qc.xhscdn.com/202605291614/c09947f5a11ad0cd1e0d3771d4fbd20a/comment/1040g2h031n00sf3o5i605n1318s1ned663g262g!nd_whlt34_webp_wm_1,0,1780042483742,0
68d87fee0000000002003f12,1759018990000,广东,68d400de00000000130142b6,求指令[哭惹R][皱眉R],5f562d0900000000010015fd,2046（摸过赫海的手，养了两只猫）,https://sns-avatar-qc.xhscdn.com/avatar/1040g2jo31vt2kkcfiq6g5nqm5k4g85ft6b3jhm8?imageView2/2/w/120/format/jpg,0,,0,1780042483744,0
68d8cafe0000000001036e2d,1759038206000,广东,68d400de00000000130142b6,蹲蹲指令,631351e7000000000f006095,森雨有漓,https://sns-avatar-qc.xhscdn.com/avatar/63e9f78adae449d0602fbb60.jpg?imageView2/2/w/120/format/jpg,0,,0,1780042483748,0
68d93eeb000000001a02f5eb,1759067883000,四川,68d400de00000000130142b6,感恩您的分享，获益匪浅[玫瑰R],5cb9608d000000001600bc49,回归莲池,https://sns-avatar-qc.xhscdn.com/avatar/6437c8c93efe33e0b0d63dbd.jpg?imageView2/2/w/120/format/jpg,0,,0,1780042483752,1
68d82f8c000000000401136a,1758998413000,四川,68d400de00000000130142b6,看不懂[失望R],603bc99d0000000001007b25,坤珍符瑞,https://sns-avatar-qc.xhscdn.com/avatar/603bc99d0000000001007b25.jpg?imageView2/2/w/120/format/jpg,1,http://sns-webpic-qc.xhscdn.com/202605291614/87d987987f49ecbb3c7b4178b9013819/comment/1040g2h031muq1ij0ks6g5o1rp6eg8up5m945nlg!nd_whgt34_webp_wm_1,0,1780042483754,0
69907cf50000000006030fe1,1771076855000,云南,68d400de00000000130142b6,嗯……,630f729900000000150145f4,momo,https://sns-avatar-qc.xhscdn.com/avatar/1040g2jo31tiv22oami6g5oofeaclahfk1b4skv8?imageView2/2/w/120/format/jpg,0,http://sns-webpic-qc.xhscdn.com/202605291614/ef8b2736a984dd32516974db8e1c8da2/comment/1040g4b831sipfv27lecg5oofeaclahfkmkhocng!nd_whgt34_webp_wm_1,0,1780042483758,0
68f09e1e000000003902f094,1760599583000,上海,68d400de00000000130142b6,蹲蹲指令,5dc668a00000000001007e3a,方醉祈Reines（经常被禁言版）,https://sns-avatar-qc.xhscdn.com/avatar/1040g2jo311ihridlmq6g5ne6d2g08vhqg6227jg?imageView2/2/w/120/format/jpg,0,,0,1780042483762,0
68de8a9d000000003100050c,1759414941000,阿尔及利亚,68d400de00000000130142b6,来交作业了，显示我是一个“秩序构建者”,5f58ed150000000001001557,无安南风,https://sns-avatar-qc.xhscdn.com/avatar/1040g2jo314a298uj6i605nqotkag85an5eu715o?imageView2/2/w/120/format/jpg,0,,0,1780042483763,0
68d88cf80000000004012d1a,1759022329000,河南,68d400de00000000130142b6,懒得回答[捂脸R][捂脸R],5780c28d50c4b456d8b73577,甜心乐乐酱,https://sns-avatar-qc.xhscdn.com/avatar/1040g2jo31oi28sqc506g48heb118qdbnmch1ir8?imageView2/2/w/120/format/jpg,0,,0,1780042487063,0
68d8c1aa000000001a0266a7,1759035819000,广东,68d400de00000000130142b6,蹲指令,5db1f49000000000010092e6,筱筱,https://sns-avatar-qc.xhscdn.com/avatar/1040g2jo3209619jmls005ndhui8094n6dbdm86g?imageView2/2/w/120/format/jpg,0,,0,1780042487067,0
68d86c8a000000000b0214a1,1759014027000,上海,68d400de00000000130142b6,想问问有指令么,5a36815811be103496f65b96,小红薯3627B745,https://sns-avatar-qc.xhscdn.com/avatar/645b7f8f2a34639eb26eb1cd.jpg?imageView2/2/w/120/format/jpg,0,,0,1780042487069,0
68d841ab000000001903d456,1759003054000,广东,68d400de00000000130142b6,他给我的结论还蛮清晰的，只能说第一份工作给我带来的改变确实也蛮多。但是感觉目前的能力可能还配不上他推荐的方向[叹气R],5c3238270000000005016198,一根无语的韭菜,https://sns-avatar-qc.xhscdn.com/avatar/6163d641c293a7feead1142c.jpg?imageView2/2/w/120/format/jpg,0,"http://sns-webpic-qc.xhscdn.com/202605291614/a7612ca5816eaa623764c6ec8623e01d/comment/1040g2h031mus8c5v5i6g5n1i70jhaoconncg8r8!nd_whgt34_webp_wm_1,http://sns-webpic-qc.xhscdn.com/202605291614/d15a02e2ffa1b456c975985dc4339c70/comment/1040g2h031mus8c5v5i605n1i70jhaoco2v4mdn8!nd_whgt34_webp_wm_1",0,1780042487072,0
68d83f2a000000000a00854c,1759002411000,上海,68d400de00000000130142b6,没有指令呢,58782de96a6a697a95399691,不按剧本走,https://sns-avatar-qc.xhscdn.com/avatar/1040g2jo31lieupae586g491it4muj5kht27rufo?imageView2/2/w/120/format/jpg,0,,0,1780042487075,0
68d8d27e000000000100207a,1759040127000,浙江,68d400de00000000130142b6,蹲指令[偷笑R],5c58753f000000001b034cf5,Maggie猫小七,https://sns-avatar-qc.xhscdn.com/avatar/1040g2jo31p3c7qmejc005n2oekvmuj7l4puc8vg?imageView2/2/w/120/format/jpg,0,,0,1780042487077,0
68d868f7000000001a008b15,1759013111000,湖南,68d400de00000000130142b6,斯沃 我发指令,5e25b7170000000001006952,木木,https://sns-avatar-qc.xhscdn.com/avatar/1040g2jo30uh8rclfle5g5nh5msbg8qai0onum7o?imageView2/2/w/120/format/jpg,0,,0,1780042487077,0
68da42250000000039032d85,1759134246000,广东,68d400de00000000130142b6,求指令啊,61699970000000000201e64d,朱有财,https://sns-avatar-qc.xhscdn.com/avatar/1040g2jo30nam27kp5s505ob9j5o0jpidiolqnto?imageView2/2/w/120/format/jpg,0,,0,1780042487081,0
68d9295d000000000101216b,1759062366000,湖南,68d400de00000000130142b6,你好想要指令[暗中观察R],5b0107cce8ac2b38a666a91d,momo,https://sns-avatar-qc.xhscdn.com/avatar/1040g2jo30pr5iog86k004a5g233spa8t797anhg?imageView2/2/w/120/format/jpg,0,,0,1780042487086,0
68d968e1000000000100585c,1759078625000,浙江,68d400de00000000130142b6,真的很有用[哭惹R],66a5aa72000000001d0222f5,春日宴,https://sns-avatar-qc.xhscdn.com/avatar/1040g2jo31nmsq487526g5pl5l9p7c8nl43jk8n8?imageView2/2/w/120/format/jpg,0,,0,1780042487089,0
68d9d036000000000801cf5a,1759105078000,河南,68d400de00000000130142b6,蹲蹲指令，谢谢[害羞R],5c67ba16000000001002e10c,流月,https://sns-avatar-qc.xhscdn.com/avatar/1040g2jo30ngucc4qn8605n37n8b45o8c1epo6ng?imageView2/2/w/120/format/jpg,0,,0,1780042490369,0
68d8e37e000000001a00a5f1,1759044479000,四川,68d400de00000000130142b6,还有指令吗宝,666a89c9000000000d02454a,罐梨脆紫柿,https://sns-avatar-qc.xhscdn.com/avatar/1040g2jo31v4v1ell2q0g5pjah74jchaa3i5dqp8?imageView2/2/w/120/format/jpg,0,,0,1780042490369,0
68d855e0000000000b028259,1759008225000,广东,68d400de00000000130142b6,体验架构师，但其实我自己也知道我就这样，只想不做...,5a7be78c4eacab6c065bdaf7,-zaelee,https://sns-avatar-qc.xhscdn.com/avatar/1040g2jo313404d1li8004a1bcqjopmnnmglkmvg?imageView2/2/w/120/format/jpg,0,http://sns-webpic-qc.xhscdn.com/202605291614/3028d3279da6b375dd988982be973c52/comment/1040g2h031muun9idmg004a1bcqjopmnnabl8c8g!nd_whgt34_webp_wm_1,0,1780042490372,0
68d937f6000000001a00b103,1759066103000,广东,68d400de00000000130142b6,蹲指令[哭惹R]找不到呢,6017d0fe000000000100324f,元气茶树油,https://sns-avatar-qc.xhscdn.com/avatar/1040g2jo31enf5fs3mg3g5o0nq3v08cifpiavr60?imageView2/2/w/120/format/jpg,0,,0,1780042490373,0
68d93696000000001a0089c2,1759065752000,江苏,68d400de00000000130142b6,我的天赋全点在音乐上了[微笑R],65f91bd4000000000b00db6f,Yuri_,https://sns-avatar-qc.xhscdn.com/avatar/1040g2jo32010dkraig005pfp3fa2pmrfhif2uro?imageView2/2/w/120/format/jpg,0,"http://sns-webpic-qc.xhscdn.com/202605291614/03f345743a0b2dfeac87c5ce566ea1ab/comment/1040g2h031mvq52lgli005pfp3fa2pmrfs5cdhro!nd_whgt34_webp_wm_1,http://sns-webpic-qc.xhscdn.com/202605291614/58d42fa9d6c2283111ffd75c15869adb/comment/1040g2h031mvq52lgli0g5pfp3fa2pmrflhte790!nd_whgt34_webp_wm_1,http://sns-webpic-qc.xhscdn.com/202605291614/52f0953d23a9a4b211434c670c221823/comment/1040g2h031mvq52lgli105pfp3fa2pmrfiebe2q8!nd_whgt34_webp_wm_1",0,1780042490373,0
68d87f670000000019039c02,1759018855000,陕西,68d400de00000000130142b6,墩蹲蹲指令,6179f3da000000000201bfcc,月山,https://sns-avatar-qc.xhscdn.com/avatar/1040g2jo31lb3uej85ibg5obpufd0jfucokramt8?imageView2/2/w/120/format/jpg,0,,0,1780042490376,0
68d79ac5000000000b026e00,1758960327000,湖北,68d400de00000000130142b6,全是消遣娱乐性爱好的我每回答一个问题都被deepseek夸得不知天地是何物，我都担心它找不出我这种天天不干正经事的人的天赋，果然[笑哭R]反正结果我想不出有什么领域是符合的。可能我的经历真的太苍白了[哭惹R],5a6d806d4eacab2a1bb82e2a,谢oO,https://sns-avatar-qc.xhscdn.com/avatar/5fe20af7fdc10fc0baf7848c.jpg?imageView2/2/w/120/format/jpg,0,http://sns-webpic-qc.xhscdn.com/202605291614/74406ac4de1390567e10a07aa5edf0c0/comment/1040g2h031mu7sdn6li6g4a14l806qbhapfs4s5o!nd_whgt34_webp_wm_1,0,1780042490379,0
68d88331000000000101081b,1759019825000,广东,68d400de00000000130142b6,人工智能算命[偷笑R],57b5aa7e6a6a69396511bacc,奥玛丽百咪home,https://sns-avatar-qc.xhscdn.com/avatar/1040g2jo31vtcekesjq0048l85sl7temcesjscag?imageView2/2/w/120/format/jpg,0,,0,1780042490381,0
69e4bdff000000001401cc27,1776598528000,浙江,68d400de00000000130142b6,@问一问 请提取指令,5d786bcd00000000010083a6,ccc,https://sns-avatar-qc.xhscdn.com/avatar/1040g2jo31b6b43knmo6g5nbodf6g90t6huu8rco?imageView2/2/w/120/format/jpg,1,,0,1780042490383,0
68d83b2d000000000a00b2f3,1759001390000,广东,68d400de00000000130142b6,蹲蹲指令,5baf58977d710f0001b9d1c7,晚上好！！！,https://sns-avatar-qc.xhscdn.com/avatar/1040g2jo31ousuo501g5g4b7h67c9fke79mpqeu8?imageView2/2/w/120/format/jpg,0,,0,1780042490388,0
68d83676000000000a009b91,1759000183000,福建,68d400de00000000130142b6,它叫我去修文物,56278dfaf53ee02d0159076b,多多的tinylove,https://sns-avatar-qc.xhscdn.com/avatar/1040g2jo31ii4jhndg26041o5896vk1rbpcgdvbo?imageView2/2/w/120/format/jpg,0,http://sns-webpic-qc.xhscdn.com/202605291614/53ff472e860ae0d399da16bc6cd28280/comment/1040g2h031mu8rprvmg6041o5896vk1rbc58lbk0!nd_whgt34_webp_wm_1,0,1780042493655,0
68d8338200000000040101a1,1758999426000,广东,68d400de00000000130142b6,@choiiiii 来玩,5f79424600000000010092d8,🎧探索家,https://sns-avatar-qc.xhscdn.com/avatar/1040g2jo31vi5f6bl4c605nrp893094mo9lc5l40?imageView2/2/w/120/format/jpg,0,,0,1780042493660,0
68d830460000000004011c7d,1758998599000,福建,68d400de00000000130142b6,交作业[doge],5b3ae909f7e8b9780297d74d,萧如昔,https://sns-avatar-qc.xhscdn.com/avatar/1040g2jo320keiclf6o6g4a6pqkkgjlqdrnmpkso?imageView2/2/w/120/format/jpg,0,"http://sns-webpic-qc.xhscdn.com/202605291614/0810afa3f46667dae311ccece8296d37/comment/1040g2h031muq4desl0604a6pqkkgjlqdl2kodog!nd_whgt34_webp_wm_1,http://sns-webpic-qc.xhscdn.com/202605291614/41040be45e1b5dc927bdf73c6b5969d2/comment/1040g2h031muq4desl05g4a6pqkkgjlqdcr802ug!nd_whgt34_webp_wm_1",0,1780042493665,0
68d82d010000000002026f85,1758997761000,江西,68d400de00000000130142b6,蹲指令,5a938e6011be106eb9facf10,姜姜酱,https://sns-avatar-qc.xhscdn.com/avatar/1040g2jo31qtjpsj8n20g4a2i8r761jog4n363b0?imageView2/2/w/120/format/jpg,0,,0,1780042493670,0
68d82267000000001903b74d,1758995049000,广东,68d400de00000000130142b6,交作业哈哈,649dbe5a000000002b009a47,A蓝家铝工师傅💙,https://sns-avatar-qc.xhscdn.com/avatar/1040g2jo31p1jju29io605p4tnpdap6i7k07eip8?imageView2/2/w/120/format/jpg,0,http://sns-webpic-qc.xhscdn.com/202605291614/0f52b150ac1b7ddc416a665cb331befc/comment/1040g2h031muoe7msl86g5p4tnpdap6i71pe8bu8!nd_whgt34_webp_wm_1,0,1780042493684,1
68d82175000000000b016e00,1758994805000,湖南,68d400de00000000130142b6,博主能把指令置顶不?看不到了,60f3db1a0000000001008872,蔚曙🍐,https://sns-avatar-qc.xhscdn.com/avatar/1040g2jo31tird617n2405o7jrcd0923i946m39o?imageView2/2/w/120/format/jpg,0,,0,1780042493686,1
68d81f5e000000001903b280,1758994271000,黑龙江,68d400de00000000130142b6,蹲指令,5e47f58c0000000001007b06,羊咩咩,https://sns-avatar-qc.xhscdn.com/avatar/1040g2jo31nh9jb1d6md05ni7um608uo6gnm9tj8?imageView2/2/w/120/format/jpg,0,,0,1780042493688,0
68d81e51000000000100727d,1758994002000,广东,68d400de00000000130142b6,我竟然是体验式场景架构,5aacc3dee8ac2b5340d58f3f,西瓜汁里没有西瓜,https://sns-avatar-qc.xhscdn.com/avatar/1040g2jo3146m1get18004a3m101tt3pvubs7s00?imageView2/2/w/120/format/jpg,0,,0,1780042493689,0
68d81cad000000001a032c2a,1758993581000,四川,68d400de00000000130142b6,它说我是生命系统架构师[笑哭R],5edce5110000000001002c7a,葵葵,https://sns-avatar-qc.xhscdn.com/avatar/1040g2jo312q4l1lh3i6g5nmssk8g8b3q265h3j8?imageView2/2/w/120/format/jpg,0,,0,1780042493691,0
68d81a5f0000000001005187,1758992991000,湖北,68d400de00000000130142b6,博主能给指令吗~评论区没找到,6773d75000000000180158db,Vroom,https://sns-avatar-qc.xhscdn.com/avatar/645b7e90e29f7d0acadad8aa.jpg?imageView2/2/w/120/format/jpg,0,,0,1780042493693,1
68d818590000000002027a49,1758992476000,云南,68d400de00000000130142b6,,5ddcc6b8000000000100b301,九月底,https://sns-avatar-qc.xhscdn.com/avatar/672114611137e61e3dff7ab5.jpg?imageView2/2/w/120/format/jpg,0,"http://sns-webpic-qc.xhscdn.com/202605291614/15fbd31f877bb994e1c6cba547501887/comment/1040g2h031mun6ujd4q005nesoqs09co1gj0hm8o!nd_whgt34_webp_wm_1,http://sns-webpic-qc.xhscdn.com/202605291614/0b9f64ef68edb5e8c303f788638ce92f/comment/1040g2h031mun6ujd4q0g5nesoqs09co14hssb5o!nd_whgt34_webp_wm_1",0,1780042497042,0
68d815b20000000019039eaf,1758991796000,广东,68d400de00000000130142b6,有意思，虽然并没有给我提供真正有用的建议，但是在对话的过程中让我对自己的思想更了解了些，也让我想更清晰完善自己接下来的规划[笑哭R],65913c4e00000000220141e9,火烈鸟会梦见狮子头吗,https://sns-avatar-qc.xhscdn.com/avatar/1040g2jo31t0mn7qvm26g5pch7h78igf94ckdg7o?imageView2/2/w/120/format/jpg,0,"http://sns-webpic-qc.xhscdn.com/202605291614/1f48ca6219a91d472806cd0bfb8eb158/comment/1040g2h031mumsj2qli2g5pch7h78igf9umikau8!nd_whgt34_webp_wm_1,http://sns-webpic-qc.xhscdn.com/202605291614/8af8076054647f3d3cea83a450ea1800/comment/1040g2h031mumsj2qli3g5pch7h78igf9v4jdkk0!nd_whgt34_webp_wm_1,http://sns-webpic-qc.xhscdn.com/202605291614/09d27e04b496788b97a1f65e87b4d792/comment/1040g2h031mumsj2qli405pch7h78igf9o1dthpo!nd_whgt34_webp_wm_1",0,1780042497042,0
68d8125f000000000b01f023,1758990945000,广东,68d400de00000000130142b6,,5ed124a30000000001003f87,缺牙巴重度依赖,https://sns-avatar-qc.xhscdn.com/avatar/1040g2jo31s0jdsbakc5g5nmh4ihg8fs7qngh09o?imageView2/2/w/120/format/jpg,0,http://sns-webpic-qc.xhscdn.com/202605291614/5879cbf41f44d0aeb424b8b832e70a19/comment/1040g2h031mumfk0e5m605nmh4ihg8fs72giitl8!nd_whgt34_webp_wm_1,0,1780042497042,0
68d80f61000000000b0174a0,1758990178000,江苏,68d400de00000000130142b6,蹲指令,5bf8cc64e484090001441d9d,月亮不打烊,https://sns-avatar-qc.xhscdn.com/avatar/1040g2jo3202khdn12a0g4btfe56687ctrnn7qr0?imageView2/2/w/120/format/jpg,0,,0,1780042497047,0
68d80e35000000000b015710,1758989879000,天津,68d400de00000000130142b6,当销售去了,60d5abd9000000000101e964,Newkkkk,https://sns-avatar-qc.xhscdn.com/avatar/1040g2jo31gp8h5j33q6g5o6llfcgbqb473340vo?imageView2/2/w/120/format/jpg,0,http://sns-webpic-qc.xhscdn.com/202605291614/8c42d928c8bd180be8864b433bfec385/comment/1040g2h031mulvba7l8605o6llfcgbqb4nsivtog!nd_whgt34_webp_wm_1,0,1780042497050,0
68d7ffdf000000000801eff2,1758986208000,广东,68d400de00000000130142b6,我问了指令，他就一个问题，然后就下结论，[笑哭R],5854bd2d3460944dee37b1b0,momo,https://sns-avatar-qc.xhscdn.com/avatar/1040g2jo313sdd0pn1c6g48vcruuircdgue337b8?imageView2/2/w/120/format/jpg,0,,0,1780042497054,0
68d7ca12000000000800e549,1758972435000,马来西亚,68d400de00000000130142b6,求指令～,55adc7de589446150c907073,Emily小饭团,https://sns-avatar-qc.xhscdn.com/avatar/5cb70f8d30c2010001bdb196.jpg?imageView2/2/w/120/format/jpg,0,,0,1780042497061,0
68d7c66b000000000a00a010,1758971500000,山东,68d400de00000000130142b6,大家的都好长，我的分析结果只有一小段[笑哭R],57217f9584edcd523b253203,Jennifer,https://sns-avatar-qc.xhscdn.com/avatar/62c41513e2f91747f0aedfbf.jpg?imageView2/2/w/120/format/jpg,0,http://sns-webpic-qc.xhscdn.com/202605291614/16802ff5e178492cb4545062bcfcd96a/comment/1040g2h031mud6tk35i5048b5u7vpacg3e3rd7qg!nd_whgt34_webp_wm_1,0,1780042497062,0
68d7a5b1000000000b02cc1d,1758963122000,浙江,68d400de00000000130142b6,务实的体验建造者是属于什么天赋啊[笑哭R],5bb3105d9ae4460001c8ed18,Thalassophile,https://sns-avatar-qc.xhscdn.com/avatar/1040g2jo31o89rlsm5m604b8u1d85rr8okesmq48?imageView2/2/w/120/format/jpg,0,,0,1780042497065,0
68d7a331000000001a027237,1758962482000,河南,68d400de00000000130142b6,,5a14536511be105490a12f94,🍐啪叽🥜,https://sns-avatar-qc.xhscdn.com/avatar/61df853866f1051276ca4ffb.jpg?imageView2/2/w/120/format/jpg,0,http://sns-webpic-qc.xhscdn.com/202605291614/33d58ac4a19e0eb81251b7ffffb211a4/comment/1040g2h031mu8tabhli0049vol59mabskl37mf80!nd_whgt34_webp_wm_1,0,1780042497070,0
68d79914000000001a026fe4,1758959894000,广西,68d400de00000000130142b6,,62c856c2000000000e00cb41,momo,https://sns-avatar-qc.xhscdn.com/avatar/1000g2jo2nvqa7v2k80005om8ar13hiq1o4drp5g?imageView2/2/w/120/format/jpg,0,http://sns-webpic-qc.xhscdn.com/202605291615/79078c9ce2b753583e1a906be5f27966/comment/1040g2h031mu7lq6f6m605om8ar13hiq10q0jifg!nd_whgt34_webp_wm_1,0,1780042500422,0
68d78d23000000001a024a4b,1758956836000,上海,68d400de00000000130142b6,交作业,5edf151a000000000101fc59,般若菠萝,https://sns-avatar-qc.xhscdn.com/avatar/1040g2jo31ojaria5l84g5nmv2kd0bv2psd785gg?imageView2/2/w/120/format/jpg,0,http://sns-webpic-qc.xhscdn.com/202605291615/c51fb83791e6fab1476d6afb9c64afc4/comment/1040g2h031mu6759eli6g5nmv2kd0bv2p6gt2uno!nd_whgt34_webp_wm_1,0,1780042500422,0
68d7888000000000010076e4,1758955663000,福建,68d400de00000000130142b6,,5c88f1c6000000001202897b,很爱吃棉花糖,https://sns-avatar-qc.xhscdn.com/avatar/1040g2jo31qdb5koamu005n48u734l2brbdrjsvg?imageView2/2/w/120/format/jpg,0,http://sns-webpic-qc.xhscdn.com/202605291615/c1e2e750ce3ba397d1a704fa167f11c3/comment/1040g2h031mu5l28h4s005n48u734l2br7snumcg!nd_whgt34_webp_wm_1,0,1780042500430,0
68d787d7000000000a00838d,1758955479000,海南,68d400de00000000130142b6,来玩@千万和春住  @oooook,5ccebae1000000001002f5e7,候鸟,https://sns-avatar-qc.xhscdn.com/avatar/1040g2jo31k1a7i9tj26g5n6enbgk5tf75j103o0?imageView2/2/w/120/format/jpg,6,,0,1780042500441,0
68d78552000000000b015cde,1758954835000,湖南,68d400de00000000130142b6,好像找的天赋都差不多[笑哭R],631549a3000000001200c39a,专搞提分的小缝老师,https://sns-avatar-qc.xhscdn.com/avatar/1040g2jo30pjqgdmemo6g5ool96hkhgsq8a0a1s0?imageView2/2/w/120/format/jpg,0,,0,1780042500444,0
68d782be000000000100664f,1758954175000,广东,68d400de00000000130142b6,,5fcf6dcd000000000101e7a7,谁捡到了我的魔杖,https://sns-avatar-qc.xhscdn.com/avatar/1040g2jo31rd4rk056u405nufdn6gbpt7oq1jvk0?imageView2/2/w/120/format/jpg,0,http://sns-webpic-qc.xhscdn.com/202605291615/9cd821473d69a0083a7fd6acf71038cd/comment/1040g2h031mu4ui2t506g5nufdn6gbpt7novo2v8!nd_whgt34_webp_wm_1,0,1780042500451,0
68d772d0000000001a025d27,1758950097000,江苏,68d400de00000000130142b6,感谢指引,5c120d096b58b74d7ed44fbd,sierra_sea,https://sns-avatar-qc.xhscdn.com/avatar/1040g2jo31ac9mrmhnc004bv1jr6gijttmeuddvo?imageView2/2/w/120/format/jpg,0,,0,1780042500453,0
68d75d4e0000000002026805,1758944590000,湖南,68d400de00000000130142b6,感恩[飞吻R]感觉很能从细小的事情，深挖底层逻辑，发现你的优点或者说潜力,60f2c3ce000000000101c96e,大米吖,https://sns-avatar-qc.xhscdn.com/avatar/1040g2jo31u9q10n7hs705o7iof70biber29ar0g?imageView2/2/w/120/format/jpg,0,,0,1780042500454,0
68d75af600000000010341be,1758943991000,四川,68d400de00000000130142b6,蹲蹲指令[哇R],5ac6e14c4eacab16ef649785,派派奶酪,https://sns-avatar-qc.xhscdn.com/avatar/1040g2jo31usp9nmoj45g4a4ak4gkp5s5b5v22bo?imageView2/2/w/120/format/jpg,0,,0,1780042500456,0
68d753750000000004013723,1758942069000,广西,68d400de00000000130142b6,谢谢老师，原来我的天赋是写作[笑哭R],611274360000000001002b54,河上霜,https://sns-avatar-qc.xhscdn.com/avatar/1040g2jo31tueo2n70o6g5o8iegr08aqkco8ej1g?imageView2/2/w/120/format/jpg,0,,0,1780042500458,0
68d752e10000000002000cc8,1758941923000,山西,68d400de00000000130142b6,谢谢指引🙏🏻,5985b07a5e87e777cbad55ef,薄荷173,https://sns-avatar-qc.xhscdn.com/avatar/5985b07a5e87e777cbad55ef.jpg?imageView2/2/w/120/format/jpg,0,http://sns-webpic-qc.xhscdn.com/202605291615/b8f1b9899ea12b32949a3ed6e7510bc8/comment/1040g2h031mtv3j41mg6g49nesuo7klffb6cd2fg!nd_whgt34_webp_wm_1,0,1780042503751,0
68d74233000000000b026007,1758937654000,广东,68d400de00000000130142b6,[微笑R],6062e05a000000000101ec56,曲奇啦啦,https://sns-avatar-qc.xhscdn.com/avatar/1040g2jo31seutome5k605o32s1d0br2mkh2cu3g?imageView2/2/w/120/format/jpg,0,http://sns-webpic-qc.xhscdn.com/202605291615/efa4ecad86fb3f81a3f73e1683137d00/comment/1040g2h031mtt2egblm5g5o32s1d0br2msjp0898!nd_whgt34_webp_wm_1,0,1780042503754,0
68d7402f00000000010347ed,1758937136000,广东,68d400de00000000130142b6,交作业交作业，为什么我的看起来这么具体[笑哭R],59ab602650c4b46094dbe087,可乐大杯加冰,https://sns-avatar-qc.xhscdn.com/avatar/1040g2jo31r86cjb2n46g49p5qjg2do4738gi2oo?imageView2/2/w/120/format/jpg,0,http://sns-webpic-qc.xhscdn.com/202605291615/251867c5f477ce59a91151983b27987e/comment/1040g2h031mtsqi444s6g49p5qjg2do47husjet0!nd_whgt34_webp_wm_1,0,1780042503756,0
68d71fa800000000020144d2,1758928809000,浙江,68d400de00000000130142b6,哈基米感谢[吧唧R][吧唧R],5cfee5a90000000011004515,加加加菲菲🐱,https://sns-avatar-qc.xhscdn.com/avatar/1040g2jo316ndbt0h3i605n7usmkk8h8li3cdr8g?imageView2/2/w/120/format/jpg,0,http://sns-webpic-qc.xhscdn.com/202605291615/82cd901826f2d668be5acc67ad67eae2/comment/1040g2h031mtorg645m6g5n7usmkk8h8lf467fj8!nd_whgt34_webp_wm_1,0,1780042503757,1
68d703b8000000001903b5cc,1758921658000,四川,68d400de00000000130142b6,交作业,6814d293000000000a03e8c9,又活了一天呢,https://sns-avatar-qc.xhscdn.com/avatar/1040g2jo31mhs6a49l84g5q0kqa9inq69avgnqm8?imageView2/2/w/120/format/jpg,0,"http://sns-webpic-qc.xhscdn.com/202605291615/be86a141ba182890fa370d393f427b52/comment/1040g2h031mtlec0u58605q0kqa9inq691uph8vg!nd_whgt34_webp_wm_1,http://sns-webpic-qc.xhscdn.com/202605291615/9668d7c82ef51d654d71bf1174f7a44a/comment/1040g2h031mtlec0u585g5q0kqa9inq69lqh35l8!nd_whgt34_webp_wm_1",0,1780042503759,0
68d6f6a0000000000903b849,1758918304000,江苏,68d400de00000000130142b6,谢谢很有用,58c227636a6a693b51cb83da,ielynn,https://sns-avatar-qc.xhscdn.com/avatar/1040g2jo31ijka11dge004993rsjm70uqt0oj6to?imageView2/2/w/120/format/jpg,0,,0,1780042503764,0
68d6f4fd000000001a0248ac,1758917885000,广西,68d400de00000000130142b6,和他聊了一个多小时，感觉对自己更加了解了,5f71be960000000001000292,momo,https://sns-avatar-qc.xhscdn.com/avatar/1040g2jo31q8eia437o6g5nrhnqb080ki7cd5cuo?imageView2/2/w/120/format/jpg,0,,0,1780042503768,1
68d6f2c1000000000a00d361,1758917314000,新疆,68d400de00000000130142b6,硬控我一小时！！特别感谢博主提供的方法[飞吻R]真的特别有意思,62fc7e4a0000000015018d10,EVE,https://sns-avatar-qc.xhscdn.com/avatar/1040g2jo31qbh9gq27o6g5onsfp55b38gktv6omg?imageView2/2/w/120/format/jpg,0,,0,1780042503769,2
68d6e673000000001a025546,1758914164000,广东,68d400de00000000130142b6,我最近喜欢问自己，我为什么这么做，我这样做的行为动机，这样做对吗？合适吗？以及下次遇到类似的事情有没有更好的解决方法。,65a7e3b00000000008014da8,兴起码头,https://sns-avatar-qc.xhscdn.com/avatar/1040g2jo31jh5dhqmiu005pd7seo22jd8j1l1c50?imageView2/2/w/120/format/jpg,0,http://sns-webpic-qc.xhscdn.com/202605291615/3ed57eb219f70ec4fc543b74fc2305b2/comment/1040g2h031mte0b9bl8105pd7seo22jd8fatpk5g!nd_whgt34_webp_wm_1,0,1780042503770,1
68d6d3c9000000001a02fb0f,1758909385000,中国香港,68d400de00000000130142b6,蹲指令 谢谢～,5c2b9ca70000000007020a21,momo plus,https://sns-avatar-qc.xhscdn.com/avatar/6387520c0e879fd1278d8081.jpg?imageView2/2/w/120/format/jpg,0,,0,1780042503771,0
68d6ba04000000000b023902,1758902789000,河南,68d400de00000000130142b6,蛮牛的，已经在ds的引导下翻出很久没打开的word了。,61ee1bc5000000001000d86e,万事大吉伊,https://sns-avatar-qc.xhscdn.com/avatar/1040g2jo31ul8kgh12od05ofe3f2k1m3e4846f3g?imageView2/2/w/120/format/jpg,0,,0,1780042507061,3
68d6a85f00000000020258ea,1758898272000,江苏,68d400de00000000130142b6,蹲指令,565ad1aff53ee070217d4139,上上签退休计划,https://sns-avatar-qc.xhscdn.com/avatar/1040g2jo31o7v13jukq6g43gpef8qug9puje71b8?imageView2/2/w/120/format/jpg,0,,0,1780042507063,0
68d6a58e0000000002017856,1758897552000,山东,68d400de00000000130142b6,,61c2bc4b0000000021022efd,一颗橘橘橘橘橘子,https://sns-avatar-qc.xhscdn.com/avatar/1040g2jo30rrrlmk8ik605oe2nh5ocbnttl1almg?imageView2/2/w/120/format/jpg,0,http://sns-webpic-qc.xhscdn.com/202605291615/414efb0632f65361ba4133ecd41c8a34/comment/1040g2h031mt9dh4jli605oe2nh5ocbnt9bh3ta8!nd_whgt34_webp_wm_1,0,1780042507066,0
68d666590000000001006988,1758881370000,浙江,68d400de00000000130142b6,求指令,5edc3cfc000000000101f32f,oio,https://sns-avatar-qc.xhscdn.com/avatar/1040g2jo31uk5psekhu005nms7ju0bspfnuui7mo?imageView2/2/w/120/format/jpg,0,,0,1780042507068,0
68d66581000000000b01fb18,1758881154000,福建,68d400de00000000130142b6,第一个问题的回答很关键，他后续都是根据第一个回答来展开的,641017a9000000001001f2d3,三六六,https://sns-avatar-qc.xhscdn.com/avatar/1040g2jo31kfk89j332605p0g2ukk3smja0s0qg0?imageView2/2/w/120/format/jpg,0,,0,1780042507069,6
68d661a00000000023017b27,1758880160000,上海,68d400de00000000130142b6,用chatgpt，结果第一个问题就好复杂，算了不测了……,603a4f920000000001000d61,momo,https://sns-avatar-qc.xhscdn.com/avatar/1040g2jo320liq5nk6e005o1q9u9083b1770vdqg?imageView2/2/w/120/format/jpg,0,,0,1780042507072,0
68d65ba2000000001a00ab13,1758878626000,广东,68d400de00000000130142b6,不er图上不是有指令吗，copy一下不就好了吗？,61d8eb1e000000001f03ad60,睡个好觉芭,https://sns-avatar-qc.xhscdn.com/avatar/1040g2jo320f0tbdjls105oeotcf7vbb0ggg7cgo?imageView2/2/w/120/format/jpg,0,,0,1780042507074,0
68d658e60000000002025326,1758877926000,山东,68d400de00000000130142b6,求个口令,58b3bcc05e87e70d9d6dcdfb,Mint,https://sns-avatar-qc.xhscdn.com/avatar/1040g2jo31uuoeha8is00497cabuc1jfrfbp57go?imageView2/2/w/120/format/jpg,0,,0,1780042507081,0
68d65621000000001903cb45,1758877217000,广东,68d400de00000000130142b6,蹲个指令[飞吻R],5c3819ec000000000703d3f7,辣的毛毛-高知悍妇版,https://sns-avatar-qc.xhscdn.com/avatar/1040g2jo31ve8r7p5ii005n1o37m1vkvnmap3qr8?imageView2/2/w/120/format/jpg,0,,0,1780042507083,1
68d653e60000000002026c6a,1758876647000,福建,68d400de00000000130142b6,,5ec9dde9000000000101c280,今天不逃跑,https://sns-avatar-qc.xhscdn.com/avatar/1040g2jo31r8a0efan2005nm9rnkgbgk05g40uvo?imageView2/2/w/120/format/jpg,0,http://sns-webpic-qc.xhscdn.com/202605291615/ea0bc21cb902e8b3f74961c8ddbfe91f/comment/1040g2h031msvvidfkq005nm9rnkgbgk0kdetub0!nd_whgt34_webp_wm_1,0,1780042507085,1
67a417ca000000000b039edc,1738807243000,山东,67a417900000000029027f9b,我是女生，出生于x年x月x日几时几分，出生地点是x省x市x区，现居地是x省x市x区。你精通东方玄学，用紫薇或梅花帮我看看我的前世，和今生的议题什么关系，顺便请提供肉身证据我也是复制下面博主的一定要开深度解答,5c6b99ce000000001100e729,Zz～,https://sns-avatar-qc.xhscdn.com/avatar/1040g2jo31tga5hji5k0g5n3bj7749pp9ld5884g?imageView2/2/w/120/format/jpg,45,,0,1780042512496,150
67adc39c0000000018036cf0,1739441053000,安徽,67a417900000000029027f9b,我让ds算了跟前男友的 说我俩25-26年婚动了 今天去线下找人算 说我这三年要结婚[笑哭R],5a77c5664eacab09fbfca5f0,Xxx7y,https://sns-avatar-qc.xhscdn.com/avatar/1040g2jo31uq8i7ubii004a19bu2md9fg32db5v8?imageView2/2/w/120/format/jpg,63,,0,1780042512497,48
67b173b60000000019006790,1739682742000,山东,67a417900000000029027f9b,用你这个模板挺准的，尤其是那个肉身验证，绝了[doge],59ea4d594eacab46d8b97159,君亦清,https://sns-avatar-qc.xhscdn.com/avatar/1040g2jo320b7pinqme6g49uo1b6lisapqhv4nf0?imageView2/2/w/120/format/jpg,12,,0,1780042512499,12
6952a5a6000000001600d5b7,1767024042000,广东,67a417900000000029027f9b,等我，我来看一下是不是真的，都快一月份了,662723f30000000007006816,🍊,https://sns-avatar-qc.xhscdn.com/avatar/1040g2jo31ga72r5u2q605ph74fphoq0mh2gvs7g?imageView2/2/w/120/format/jpg,8,http://sns-webpic-qc.xhscdn.com/202605291615/c927dd735e4a2d7e58dd83dd2eda63d8/comment/1040g2h031qmcutm3ng5g5ph74fphoq0m58tg2bg!nd_whgt34_webp_wm_1,0,1780042512500,3
67af4a79000000001803580b,1739541114000,广东,67a417900000000029027f9b,我算的两次婚姻，跟算命师傅说的一样,5bf8317d7b26bb000140577d,九贰久,https://sns-avatar-qc.xhscdn.com/avatar/1040g2jo31md4red45m004btad5onqlrtp79l8b0?imageView2/2/w/120/format/jpg,3,,0,1780042512501,4
694ada3a000000001601e95d,1766513211000,北京,67a417900000000029027f9b,我就喜欢这种类型的卧槽太准了,5a819e7811be107d9d7528cc,_77777,https://sns-avatar-qc.xhscdn.com/avatar/1040g2jo31ukcksst2i004a1ds8f7ga6c9rl4d3g?imageView2/2/w/120/format/jpg,9,http://sns-webpic-qc.xhscdn.com/202605291615/6938ae70bd00a2ddcad0f8ef4f7ba0ca/comment/1040g2h031qepc9evga004a1ds8f7ga6cqdphupg!nd_whlt34_webp_wm_1,0,1780042512501,4
67af7f45000000001c002fcd,1739554629000,北京,67a417900000000029027f9b,大运和流年怎么写呀 有一堆,5b7baaf61f0bca000193dce2,麦克白磕安眠药🌙,https://sns-avatar-qc.xhscdn.com/avatar/1040g2jo314cfbdp16e004ahe90lfdn721b08veg?imageView2/2/w/120/format/jpg,3,,0,1780042512504,0
67adeb510000000016034c26,1739451218000,广东,67a417900000000029027f9b,我拿我前男友的八字和我的八字算了，非常准[笑哭R][笑哭R][笑哭R],5e058ad10000000001007d45,momo,https://sns-avatar-qc.xhscdn.com/avatar/1040g2jo31llt339k5m005ng5hb8g8va5k6nf9e0?imageView2/2/w/120/format/jpg,4,,0,1780042512508,0
69610a90000000001601dd1f,1767967376000,北京,67a417900000000029027f9b,姐妹2026年快乐，现在你和对象咋样了哦？,5d00b8ef0000000016033bd0,捉住你了,https://sns-avatar-qc.xhscdn.com/avatar/1040g2jo31ugkoamn2q005n80n3nlmeug8h4slpo?imageView2/2/w/120/format/jpg,22,,0,1780042512516,2
67b2c09a0000000019004a40,1739767964000,浙江,67a417900000000029027f9b,就我花399买的怨种呗[笑哭R],590bb0d382ec39647984a3d8,柯与,https://sns-avatar-qc.xhscdn.com/avatar/1040g2jo30t7bh4bm440049fb60od78uo7893s7g?imageView2/2/w/120/format/jpg,7,http://sns-webpic-qc.xhscdn.com/202605291615/a0ffe4617b1fd710ccff466dab39690c/comment/1040g2h031e0886mk0u0049fb60od78uoi3ukc60!nd_whgt34_webp_wm_1,0,1780042512517,5
67b0f115000000001c000928,1739649301000,广西,67a417900000000029027f9b,算了好几次，都说我的正缘会在2026年出现，我只需要专注事业，缘分自然会找上我,609e61fc0000000001003b14,Gentle,https://sns-avatar-qc.xhscdn.com/avatar/1040g2jo31u5r2st3hm6g5o4uc7u08eokc58j66o?imageView2/2/w/120/format/jpg,7,,0,1780042515937,1
69355240000000001502dbf2,1765102144000,云南,67a417900000000029027f9b,我按照你说的 全部弄了 感觉不准[捂脸R][捂脸R][捂脸R]咋怎,58c5675537cec9622120a6e5,上上签,https://sns-avatar-qc.xhscdn.com/avatar/1040g2jo31n4qbpmv5000499hb5jlb9n5834do9g?imageView2/2/w/120/format/jpg,2,,0,1780042515942,3
67ceabed0000000018012273,1741597679000,四川,67a417900000000029027f9b,我对象176左右 两百多斤以前学体育的哈哈哈哈，父母从商的[失望R],5b5b7d2de8ac2b5591219302,momi,https://sns-avatar-qc.xhscdn.com/avatar/1040g2jo31ishunv0hc004a7jh8uir4o22e9sjo8?imageView2/2/w/120/format/jpg,4,http://sns-webpic-qc.xhscdn.com/202605291615/bd1b7d7fee12237ebdd038c92c3f0c90/comment/1040g2h031ergne5k66004a7jh8uir4o2490eb1o!nd_whgt34_webp_wm_1,0,1780042515945,1
691ebd5c000000000e035a58,1763622238000,辽宁,67a417900000000029027f9b,都对上了 服,5a8845ed11be1025a5b6b609,🍳早餐吃了吗,https://sns-avatar-qc.xhscdn.com/avatar/655c15ff29b247cc144e8bee.jpg?imageView2/2/w/120/format/jpg,3,http://sns-webpic-qc.xhscdn.com/202605291615/303cbb6a86acb466befaab393af16027/comment/1040g2h031p3mrhc8i60g4a1ii72urdg9tqo49ro!nd_whgt34_webp_wm_1,0,1780042515947,0
67af9eb2000000001601f586,1739562675000,湖北,67a417900000000029027f9b,正缘还没遇到 但让它分析了一下短暂桃花和烂桃花 身高职业和相遇场景都对上了 惊到我了 但我在和烂桃花纠缠中[捂脸R]它说无长久发展可能,5737332a50c4b425eb3da738,披萨子,https://sns-avatar-qc.xhscdn.com/avatar/1040g2jo3201ckaddig0048bsfupil9pot05l4uo?imageView2/2/w/120/format/jpg,4,,0,1780042515951,6
694182e50000000038017994,1765901029000,黑龙江,67a417900000000029027f9b,和好了吗现在,60f197eb000000000101ebed,不知名肥肉,https://sns-avatar-qc.xhscdn.com/avatar/1040g2jo31ston9t85k005o7hivlgbqvd68jaiu8?imageView2/2/w/120/format/jpg,8,,0,1780042515955,0
67af5ed10000000018034bf3,1739546322000,浙江,67a417900000000029027f9b,我也觉得我前男友就是正缘，我测了他的正缘跟我的长相性格也很符合,55fb5493b7ba220b37a4eadf,CC,https://sns-avatar-qc.xhscdn.com/avatar/1040g2jo320eu83gs680g4168kba97qmvqo1ou4g?imageView2/2/w/120/format/jpg,2,,0,1780042515956,2
6978b6c0000000000800fec5,1769518784000,四川,67a417900000000029027f9b,算的蛮准的，我本来以为我们是孽缘，结果它说我们是天造地设的功能性绝配，[笑哭R]可是我们今年已经分手了，不过它说的分手原因蛮对的，我们都有各自的课题需要解决处理，不过我也不会复合了，我已经什么联系方式都删了＋异地，也没有共同的朋友，所以只有等下一个正缘了，不过算出来他要38岁后才能遇到合适他的，哈哈哈哈哈哈哈,5b9e4b6ad69bfd0001a1b8f7,嘟嘟嘟哒,https://sns-avatar-qc.xhscdn.com/avatar/5b9e4c2de277db00012ce186.jpg?imageView2/2/w/120/format/jpg,3,,0,1780042515960,0
69f498a0000000002803ff0e,1777637537000,辽宁,67a417900000000029027f9b,算了 只给了8字 没说对我的生日日期就算了 过去的事情验算也一个都对不上[捂脸R][捂脸R][捂脸R][捂脸R],6427c34b0000000011020b39,昭昭BURESI,https://sns-avatar-qc.xhscdn.com/avatar/1040g2jo31ugf5ebd2a005p17od5kc2ppte4ur1g?imageView2/2/w/120/format/jpg,3,,0,1780042515966,0
67b1a5ba0000000016033021,1739695546000,河北,67a417900000000029027f9b,算了 说我今年重大考试会失利 我今年高考我就不信我说我能考好我就能考好[萌萌哒R][萌萌哒R][萌萌哒R],61c5bbe8000000001000d3fc,lieex_贤,https://sns-avatar-qc.xhscdn.com/avatar/1040g2jo31vffusubigcg5oe5nfk41kvsdt4tmcg?imageView2/2/w/120/format/jpg,5,,0,1780042515968,15
6944038d0000000006019391,1766065039000,山西,67a417900000000029027f9b,我和前男友的，可是我们已经分手了[捂脸R],5d2772c100000000110387f6,超爱葡萄,https://sns-avatar-qc.xhscdn.com/avatar/1040g2jo31jou3msqj6605n97eb0kf1vmsioeuco?imageView2/2/w/120/format/jpg,8,http://sns-webpic-qc.xhscdn.com/202605291615/b06554962ecbbb86c25e0b36b99549e4/comment/1040g2h031q83lnd4gc8g5n97eb0kf1vmcm6595o!nd_whgt34_webp_wm_1,0,1780042519352,0
67b21aab0000000016010f1f,1739725485000,云南,67a417900000000029027f9b,[笑哭R][笑哭R]服了,613af15d000000001f03e08d,yoyo,https://sns-avatar-qc.xhscdn.com/avatar/1040g2jo31ub7i48cig005o9qu5envo4dnjrri7o?imageView2/2/w/120/format/jpg,4,http://sns-webpic-qc.xhscdn.com/202605291615/c4412ee3c89a74118a37549a86863382/comment/1040g2h031dvk01010u005o9qu5envo4dr97b928!nd_whgt34_webp_wm_1,0,1780042519354,1
67af2a01000000001c007dca,1739532802000,广东,67a417900000000029027f9b,我刚才按照你的去算了，怪我自己性格不好没把握到，分了[失望R][哭惹R],5a460f0711be107ab6b49709,棉花糖🍉,https://sns-avatar-qc.xhscdn.com/avatar/1040g2jo3115if51ame6g4a0i4s7gf5o9sak0shg?imageView2/2/w/120/format/jpg,5,,0,1780042519359,3
67b1f23d000000001c00015e,1739715134000,重庆,67a417900000000029027f9b,我用你模板，他根本不给我算。一直繁忙,5b018a78e8ac2b70f023f862,呀！是小鲸鱼,https://sns-avatar-qc.xhscdn.com/avatar/5b018a78e8ac2b70f023f862.jpg?imageView2/2/w/120/format/jpg,2,,0,1780042519365,3
67bcc0a60000000019010530,1740423334000,意大利,67a417900000000029027f9b,我不管准准准，因为用不同的指令算了好几次都说我要变成千万富婆😀😀😀坐等实现,5edebcb600000000010010a9,Ari,https://sns-avatar-qc.xhscdn.com/avatar/1040g2jo31dpae09a0m005nmunir084595upqnio?imageView2/2/w/120/format/jpg,2,,0,1780042519369,8
67b022a0000000001601ada1,1739596449000,黑龙江,67a417900000000029027f9b,我00年的说我50岁有第二个孩子[doge],5c42cb9f0000000007003024,momo,https://sns-avatar-qc.xhscdn.com/avatar/1040g2jo31v2af2kl2a705n22pefhoc14jn17dt8?imageView2/2/w/120/format/jpg,7,,0,1780042519373,19
67ad728b000000001601df8b,1739420299000,黑龙江,67a417900000000029027f9b,他说我正缘启动期是23年 实际发展期是25年  不知道啥意思[捂脸R],5a35f3a14eacab4866667d8b,一只橙子🍊,https://sns-avatar-qc.xhscdn.com/avatar/1040g2jo31e7pbi5ggu0g5o0gajj092tstjt35ig?imageView2/2/w/120/format/jpg,2,,0,1780042519378,2
67b8b8350000000016011973,1740159029000,广东,67a417900000000029027f9b,不知道八字怎么弄,66a8f8e4000000001d023b53,用户已注销,https://sns-avatar-qc.xhscdn.com/avatar/645b80521e6a57c3bdb8f301.jpg?imageView2/2/w/120/format/jpg,3,,0,1780042519380,4
67b1fe0600000000190056a0,1739718151000,浙江,67a417900000000029027f9b,八字这个年柱月柱日柱 是看天干地支所对应的那两个字吗,59570b806a6a693896623da4,momo,https://sns-avatar-qc.xhscdn.com/avatar/1040g2jo3136ht3fpnq0049l5bv5o0fd4m08a81g?imageView2/2/w/120/format/jpg,2,,0,1780042519381,2
67b0db6b0000000016012658,1739643756000,江苏,67a417900000000029027f9b,我算出来我跟前任不合相克 早分早好[偷笑R],59e1b8f395c93511694ba917,momo,https://sns-avatar-qc.xhscdn.com/avatar/1040g2jo31fh4q7rjma7049t946sf7a8no57plpo?imageView2/2/w/120/format/jpg,1,,0,1780042519383,0
68f78e6d0000000038006ad3,1761054317000,福建,67a417900000000029027f9b,他说出的正缘的条件是固定模板发给你的，还是真的,650d8e4d0000000016038d6c,红昭愿,https://sns-avatar-qc.xhscdn.com/avatar/1040g2jo31s99gh9g5m605p8dhp6ln3bc296vbi8?imageView2/2/w/120/format/jpg,2,,0,1780042522820,0
67b09d3e000000001b03a2d1,1739627839000,广东,67a417900000000029027f9b,是需要下载app吗,59b27ef150c4b41f4a611096,淡定,https://sns-avatar-qc.xhscdn.com/avatar/1040g2jo3111tg4p8mi5g49pep2vf244m8djm16g?imageView2/2/w/120/format/jpg,1,,0,1780042522821,1
67df014100000000120216d0,1742668098000,陕西,67a417900000000029027f9b,我靠，我的胎记他给算出来了,5c8213510000000016026107,🐨不吃巧克力,https://sns-avatar-qc.xhscdn.com/avatar/1040g2jo31r8h2vje7o5g5n422d8lko87o8p01lo?imageView2/2/w/120/format/jpg,1,,0,1780042522822,0
67b1dc650000000019015864,1739709542000,广东,67a417900000000029027f9b,不准,57485e366a6a6965803991ea,凤梨这样傻,https://sns-avatar-qc.xhscdn.com/avatar/ae351b5abc78ae2e8d79998354db8440.jpg?imageView2/2/w/120/format/jpg,1,,0,1780042522830,2
69784f36000000000600bcdf,1769492283000,内蒙古,67a417900000000029027f9b,肉身证据确凿 我出生内蒙古 别人没感觉多冷 我感觉骨头缝里都吹风。对洗澡特别排斥 [捂脸R][捂脸R][捂脸R],622bfa720000000010004d03,喜欢干净,https://sns-avatar-qc.xhscdn.com/avatar/1040g2jo31o18b61t4u005ohbv9p40j8394aas7o?imageView2/2/w/120/format/jpg,0,http://sns-webpic-qc.xhscdn.com/202605291615/994bfb625ae7edb7a24eb1a1b27183b3/comment/1040g4b831rr5t8ps24705ohbv9p40j832prgl4g!nd_whgt34_webp_wm_1,0,1780042522831,1
696f5030000000000f0295e6,1768902705000,河南,67a417900000000029027f9b,我俩还能在一起吗能结婚吗,66aa1c6b000000001d030b11,嘟嘟,https://sns-avatar-qc.xhscdn.com/avatar/1040g2jo31irr48kohe6g5pla3hlne2oh0unv1j8?imageView2/2/w/120/format/jpg,1,,0,1780042522833,1
6964ddfb000000000f02b55a,1768218108000,安徽,67a417900000000029027f9b,我算的不准啊,6368fae0000000001f01edd0,班妈搞数,https://sns-avatar-qc.xhscdn.com/avatar/6443c7f3b1e3c7ad3b323497.jpg?imageView2/2/w/120/format/jpg,0,,0,1780042522838,1
6971af690000000006008559,1769058153000,河北,67a417900000000029027f9b,现在在这俩天很男朋友冷战了，想看看接下来的发展有没有口令,5c2ad076000000000503ffef,日落,https://sns-avatar-qc.xhscdn.com/avatar/620bbac85cb91fb5738ee05c.jpg?imageView2/2/w/120/format/jpg,1,,0,1780042522846,0
69568106000000001702ffea,1767276806000,河北,67a417900000000029027f9b,别说 这个模版还真有两把刷子[doge],689c788c000000001900ebc5,淼淼下雨天,https://sns-avatar-qc.xhscdn.com/avatar/1040g2jo31ttqpoft6u005q4sf2669qu5ociapl8?imageView2/2/w/120/format/jpg,1,,0,1780042522851,1
69808d73000000001d00f79b,1770032500000,广东,67a417900000000029027f9b,要不要说名字呀？,5eb4e6830000000001000ee7,瑞瑞,https://sns-avatar-qc.xhscdn.com/avatar/1040g2jo31tp0ehtdnq6g5nlksq1g83n7mblr2uo?imageView2/2/w/120/format/jpg,1,,0,1780042522853,0
6981a9d4000000000d012d49,1770105301000,宁夏,67a417900000000029027f9b,姐妹现在怎么样，感情和好稳定了吗,5aa34e15e8ac2b6e28bc9966,小小月,https://sns-avatar-qc.xhscdn.com/avatar/1040g2jo31ki81vp72u0g4a383l71b6b6ioc2nc8?imageView2/2/w/120/format/jpg,1,,0,1780042526198,0
67b2d479000000001c000cd2,1739773049000,山东,67a417900000000029027f9b,不太准，年龄都对不上,6312d2f70000000012003a2c,momo,https://sns-avatar-qc.xhscdn.com/avatar/1040g2jo31ci820imgc005ooiqbrkgehc8dornsg?imageView2/2/w/120/format/jpg,1,,0,1780042526200,1
6a0b1595000000002900f960,1779111318000,广东,67a417900000000029027f9b,感觉也不是很准呢,690202530000000037007d5e,小红薯6902C80C,https://sns-avatar-qc.xhscdn.com/avatar/645b7e4b86578b8c6ab3b056.jpg?imageView2/2/w/120/format/jpg,0,,0,1780042526201,1
695cc2c2000000000f02c1b3,1767686851000,福建,67a417900000000029027f9b,需要用问真 复制ai排盘  然后再发你的口令吗,5b64fb1b6b58b711d28bfa6b,月亮猫,https://sns-avatar-qc.xhscdn.com/avatar/1040g2jo31sjlnfaj68004a910hthnujbqqqhklo?imageView2/2/w/120/format/jpg,1,,0,1780042526205,0
6980ae36000000000c01773f,1770040888000,河南,67a417900000000029027f9b,真的[捂脸R]但我刚分没几天，因为家庭条件不太匹配,67360d6d000000001c01942a,汪汪队立大功,https://sns-avatar-qc.xhscdn.com/avatar/1040g2jo31fk410r6g0005ppm1lmn351amoohmuo?imageView2/2/w/120/format/jpg,1,"http://sns-webpic-qc.xhscdn.com/202605291615/c423589a177ade72b4fe664fe6193592/comment/1040g2h031s3bgbl968005ppm1lmn351ale1lt0g!nd_whgt34_webp_wm_1,http://sns-webpic-qc.xhscdn.com/202605291615/2e1bca38f5b00bd6502f3111bef9ed19/comment/1040g2h031s3bgbl9680g5ppm1lmn351a5huvjuo!nd_whgt34_webp_wm_1",0,1780042526209,0
6a02a31b000000002701c823,1778557724000,江西,67a417900000000029027f9b,谷 多多推荐,5b51f9b411be10240af754d8,苏夙,https://sns-avatar-qc.xhscdn.com/avatar/1040g2jo3202695js48004a7b4osr8l6o34kq2gg?imageView2/2/w/120/format/jpg,0,http://sns-webpic-qc.xhscdn.com/202605291615/36d34b08c61db93b0e247285941bf8fc/comment/1040g2h032028jud3l4104a7b4osr8l6ong8ebmo!nd_whgt34_webp_wm_1,0,1780042526211,1
67bf38b70000000019016992,1740585144000,山东,67a417900000000029027f9b,学到了[哇R],670f425b000000001d031168,momo,https://sns-avatar-qc.xhscdn.com/avatar/1040g2jo31hbf5dot3i6g5pof89dne4b8mqqtn68?imageView2/2/w/120/format/jpg,1,,0,1780042526213,0
69ee1d05000000002a025f0e,1777212677000,广东,67a417900000000029027f9b,太牛了，测出来挺准，谢谢楼主,623a970b000000002102907d,雨过天晴119,https://sns-avatar-qc.xhscdn.com/avatar/1040g2jo31udnctnh2q005ohqis5od43tvbiu4s8?imageView2/2/w/120/format/jpg,1,,0,1780042526216,0
6961a208000000000f01a039,1768006155000,山东,67a417900000000029027f9b,这是怎么回事,5aa503d711be103e7eff615d,爱旅行的蛙蛙酱🐸,https://sns-avatar-qc.xhscdn.com/avatar/5aa503d711be103e7eff615d.jpg?imageView2/2/w/120/format/jpg,1,http://sns-webpic-qc.xhscdn.com/202605291615/64ee3e85e2e41a8ed92fc2fc0fd057a0/comment/1040g4b831r518pe9ga704a391d1teoat6m19uvo!nd_whgt34_webp_wm_1,0,1780042526217,0
6875f641000000000401d10c,1752561218000,山东,67a417900000000029027f9b,我算的不准[哭惹R],5c12831c0000000005037db2,momo,https://sns-avatar-qc.xhscdn.com/avatar/1040g2jo31v74f7jtii004bv1sv1hovdii04pkt8?imageView2/2/w/120/format/jpg,1,,0,1780042526219,0
69d74093000000001500be07,1775714452000,江苏,67a417900000000029027f9b,算前世，说我腰上有个胎记...无敌，真的有[呃R][呃R][呃R],5e100b63000000000100ba9e,Naps Lab,https://sns-avatar-qc.xhscdn.com/avatar/1040g2jo31bpekdl5gm6g5ngg1dhg9eku9s2a8j0?imageView2/2/w/120/format/jpg,1,,0,1780042530206,0
695f12ae000000000f02ea0b,1767838383000,安徽,67a417900000000029027f9b,我之前没说自己学历的时候，她说我正缘最多本科，我说我学历是本科，他就说我正缘是本科以上,5be83292ba15e100016d691a,momo,https://sns-avatar-qc.xhscdn.com/avatar/1040g2jo310q2dntn6a6g4bpujvp94q8qo4tbhvo?imageView2/2/w/120/format/jpg,0,,0,1780042530206,0
69897ccc000000001d00d1ad,1770618061000,山东,67a417900000000029027f9b,简单算一下下，不要折自己和家人的运势[合十R][合十R][合十R]，仅作娱乐,675ab6f1000000001c01a5c7,要每天开心,https://sns-avatar-qc.xhscdn.com/avatar/1040g2jo31uvorrcd3q6g5pqqmron39e77rrn2a8?imageView2/2/w/120/format/jpg,0,,0,1780042530214,0
69fc2fa40000000027021f6d,1778134950000,湖北,67a417900000000029027f9b,谷多多八字 不要米[害羞R],620ba1a9000000001000f3e4,冬-,https://sns-avatar-qc.xhscdn.com/avatar/1040g2jo31npiajnf50005ogbk6kk1sv4ioeunq8?imageView2/2/w/120/format/jpg,0,http://sns-webpic-qc.xhscdn.com/202605291615/286269b4c89da21f52f7c3c5d3783e5a/comment/1040g4b831vrv1bta56905ogbk6kk1sv46qsqk4o!nd_whgt34_webp_wm_1,0,1780042530235,0
69f1a4a50000000028034839,1777444005000,山西,67a417900000000029027f9b,"找同八字姐妹🙋‍♀️
公历：2004年9月3日 22:50
八字：甲申 壬申 乙酉 丁亥 女生
有没有和我一模一样四柱的姐妹？
想认识同款命格、同大运的小伙伴～
性格敏感内耗、外柔内刚、先苦后甜的来集合✨",69b7efcb0000000033018938,一二布布,https://sns-avatar-qc.xhscdn.com/avatar/1040g2jo31unvibhvig6g5qdntv5sr29o5rs676o?imageView2/2/w/120/format/jpg,0,,0,1780042530249,0
69652b76000000001803a28d,1768237943000,江苏,67a417900000000029027f9b,试试,5ba1b53b6f5989000192fb6c,祺时很香_,https://sns-avatar-qc.xhscdn.com/avatar/1040g2jo30r3e0c0r1m604b2a1aqjnurcmd2bisg?imageView2/2/w/120/format/jpg,0,,0,1780042530249,0
6998ef33000000000f01ccdd,1771630390000,德国,67a417900000000029027f9b,[呃R]我左胳膊肘那确实有疤 不过是骑车摔的[呃R],5c02d2ac000000000700586d,可可不知道,https://sns-avatar-qc.xhscdn.com/avatar/1040g2jo31qhljulh7u0g4buoev9aom3ddq7it68?imageView2/2/w/120/format/jpg,0,http://sns-webpic-qc.xhscdn.com/202605291615/f3521bab81cec8bd4992ea972df52c97/comment/1040g2h031sqkg021m8104buoev9aom3d56ed9io!nd_whgt34_webp_wm_1,0,1780042530259,0
69e1c987000000001401e028,1776404872000,河北,67a417900000000029027f9b,太厉害了！！！,615998da000000000201ceb1,薯薯,https://sns-avatar-qc.xhscdn.com/avatar/1040g2jo320mnnp4rm26g5oapj3d0jjlh0q4kmko?imageView2/2/w/120/format/jpg,0,"http://sns-webpic-qc.xhscdn.com/202605291615/f71383c5d4be8841e52390c6e7eb1fc3/comment/1040g2h031v260u2e3q2g5oapj3d0jjlhm97tmg0!nd_whgt34_webp_wm_1,http://sns-webpic-qc.xhscdn.com/202605291615/23e5f9436daa5f4c52fe6a53b89e9c03/comment/1040g2h031v260u2e3q205oapj3d0jjlhg3k7ch8!nd_whgt34_webp_wm_1",0,1780042530261,0
69ae15b50000000014033ca5,1773016502000,河南,67a417900000000029027f9b,算了几次希望不要影响我的好运势，仅娱乐,6393290d0000000026004d88,善意第三人,https://sns-avatar-qc.xhscdn.com/avatar/1040g2jo31pm6gdknl2005osj546pgjc8lp9h270?imageView2/2/w/120/format/jpg,0,,0,1780042530263,0
697100f8000000000f0252e5,1769013496000,江西,67a417900000000029027f9b,我想知道我很现在的对象是不是正缘,5fbbbc3d0000000001003090,淼淼困酱,https://sns-avatar-qc.xhscdn.com/avatar/1040g2jo31o8p7jbtlm6g5ntrngug8c4gn1dcj48?imageView2/2/w/120/format/jpg,0,,0,1780042530266,0
67b91b72000000001c004879,1740184435000,北京,67a417900000000029027f9b,我真的很无语，他分析的正缘长相，工作，收入，会投资，多套房产，性格互补和前男友一模一样[捂脸R],576a489d50c4b465deca5f29,momo,https://sns-avatar-qc.xhscdn.com/avatar/1040g2jo31sfm9js5le0048gs3h49qnp960g3ilg?imageView2/2/w/120/format/jpg,1,,0,1780042536553,6
6973396b000000000600c143,1769159019000,山东,67a417900000000029027f9b,用阴历还是阳历呀,5b06d7484eacab609ebfee3d,范新曦,https://sns-avatar-qc.xhscdn.com/avatar/6387311092215aa941f08b03.jpg?imageView2/2/w/120/format/jpg,0,,0,1780042536559,0
6a0ab5780000000029019d74,1779086713000,辽宁,67a417900000000029027f9b,我直接把问真的八字和细盘，还有测测的紫薇斗数截过去发了，不知道这样准不准👉👈,5c4ad756000000001203bb27,M.,https://sns-avatar-qc.xhscdn.com/avatar/1040g2jo31g8jfg07i06g5n2aqtb4nep77lg16jo?imageView2/2/w/120/format/jpg,0,,0,1780042536571,0
695c05ea000000000f02ca1f,1767638507000,湖北,67a417900000000029027f9b,太准了，看到这个点还在看，字字珠玑，都怀疑被监控了[呃R],64525f3d0000000029013836,时光,https://sns-avatar-qc.xhscdn.com/avatar/1040g2jo30rlkk52fii605p2ibsuqae1m050mr5o?imageView2/2/w/120/format/jpg,0,,0,1780042536574,1
69dfa534000000001601560a,1776264502000,贵州,67a417900000000029027f9b,不知道🤷,69019b8e000000003700623b,momo,https://sns-avatar-qc.xhscdn.com/avatar/1040g2jo31qi8kbc97u0g5q81je7doohr4ojh98g?imageView2/2/w/120/format/jpg,0,"http://sns-webpic-qc.xhscdn.com/202605291615/ee6948d3ca6bff32c80d8a1b3000ad3d/comment/1040g2h031v0355qp3q005q81je7doohrev64i40!nd_whgt34_webp_wm_1,http://sns-webpic-qc.xhscdn.com/202605291615/74ee01a09da9936b85be598356d11694/comment/1040g2h031v0355qp3q0g5q81je7doohrcuqd4eo!nd_whlt34_webp_wm_1",0,1780042536576,0
67da30b6000000001702b2f1,1742352568000,福建,67a417900000000029027f9b,感觉这一条看起来心慌慌的,6621bf9b000000000d025172,青柑普洱,https://sns-avatar-qc.xhscdn.com/avatar/1040g2jo31snpetk9626g5ph1nudjckbi5bnp6ao?imageView2/2/w/120/format/jpg,1,http://sns-webpic-qc.xhscdn.com/202605291615/d9e5d63cb31615cd7430708e1b71ca0d/comment/1040g2h031f6om43smi605ph1nudjckbibjh6mhg!nd_whgt34_webp_wm_1,0,1780042536578,0
67acc1fe0000000016033423,1739375102000,上海,67a417900000000029027f9b,真的可以 谢谢！,56f4992b84edcd0f51262b54,山川,https://sns-avatar-qc.xhscdn.com/avatar/1040g2jo31l6sr95g5i0047bluqcimaqkam8bqm8?imageView2/2/w/120/format/jpg,1,,0,1780042536580,3
67b2ab4b000000001c00e394,1739762507000,河南,67a417900000000029027f9b,繁忙,60d7fe890000000020027908,爆米花给你吃,https://sns-avatar-qc.xhscdn.com/avatar/1040g2jo31fitsinpnk105o6nvq4o4u88v3h2l08?imageView2/2/w/120/format/jpg,1,,0,1780042536581,1
67af59fd000000001b03d0b6,1739545085000,甘肃,67a417900000000029027f9b,测了和前男友的八字，准的离谱md,5daba11400000000010088cb,伯牙绝弦,https://sns-avatar-qc.xhscdn.com/avatar/1040g2jo30ubugc9ale6g5ndbk4a0926bsgi6gh8?imageView2/2/w/120/format/jpg,1,,0,1780042536583,1
6951040600000000140361ec,1766917126000,山西,67a417900000000029027f9b,DeepSeek排的不准，用专业软件排7+1还有紫薇复制进去让ds分析,5b94dab218690400013d5a91,行走的小笼包（接定制）,https://sns-avatar-qc.xhscdn.com/avatar/1040g2jo31v2r2j0u1u004asud0db4mkh089mgvo?imageView2/2/w/120/format/jpg,0,,0,1780042536585,0
6930421e0000000006019217,1764770335000,北京,67a417900000000029027f9b,,5fe80b0b000000000101f66d,高安琪,https://sns-avatar-qc.xhscdn.com/avatar/1040g2jo3202gigms546g5nv81c5gbtjd1r2hf58?imageView2/2/w/120/format/jpg,0,http://sns-webpic-qc.xhscdn.com/202605291615/c1c81947ba2265dea89da32e058d012d/comment/1040g2h031pkq90hijs1g5nv81c5gbtjd8s36d8o!nd_whgt34_webp_wm_1,0,1780042542980,0
681a273f0000000013011148,1746544448000,甘肃,67a417900000000029027f9b,好准,5c2ac3aa0000000006004714,小泡芙,https://sns-avatar-qc.xhscdn.com/avatar/1040g2jo31ot6hqsp1o605n1aoel1ghokf32b4jg?imageView2/2/w/120/format/jpg,0,,0,1780042542987,0
67d46bf600000000180124ed,1741974519000,四川,67a417900000000029027f9b,说我2005年就读初中了？96年出生，05年读初中好离谱,6203566e0000000002020715,Jiang,https://sns-avatar-qc.xhscdn.com/avatar/1040g2jo31p4cd022jc005og3apn0k1ol7ip9koo?imageView2/2/w/120/format/jpg,1,,0,1780042543004,0
67c8648f000000001800c9d8,1741186192000,甘肃,67a417900000000029027f9b,@皆为上上,61225b57000000000101f213,momo,https://sns-avatar-qc.xhscdn.com/avatar/1040g2jo320ffornv5m005o92bdbgbsgja0e6eco?imageView2/2/w/120/format/jpg,0,,0,1780042543008,0
67b2db48000000001803d25f,1739774793000,广东,67a417900000000029027f9b,@Sammyieong,571a3ae74775a70d6077dd21,啊火秃顶了,https://sns-avatar-qc.xhscdn.com/avatar/64f603bba29876e926d3d72f.jpg?imageView2/2/w/120/format/jpg,0,,0,1780042543010,0
67b2cfc0000000001603549c,1739771841000,湖北,67a417900000000029027f9b,@是格子吖！,596db11f50c4b43249929953,月亮几分钱,https://sns-avatar-qc.xhscdn.com/avatar/63c68a69453a38712e5e3131.jpg?imageView2/2/w/120/format/jpg,0,,0,1780042543014,0
67b1e997000000001c00d28d,1739712919000,安徽,67a417900000000029027f9b,@仙女啃鸭爪,5f15b994000000000101ddb6,今天拉屎了嘛？,https://sns-avatar-qc.xhscdn.com/avatar/1040g2jo314h2r2cp5q605noln6a0bndmodi250o?imageView2/2/w/120/format/jpg,0,,0,1780042543016,0
67b1cc7c000000001c0050a8,1739705468000,江苏,67a417900000000029027f9b,好准,65fe8d60000000000d025bcc,芋头🥥,https://sns-avatar-qc.xhscdn.com/avatar/1040g2jo31jos2585j6605pfuhlg3cmuccccutdo?imageView2/2/w/120/format/jpg,0,,0,1780042543023,0
67b19cd30000000016037341,1739693267000,河南,67a417900000000029027f9b,学业多准吗[哭惹R],6350eabe000000001802964b,1^,https://sns-avatar-qc.xhscdn.com/avatar/1040g2jo31r8dfk3a7g6g5oqgtav655ibbatng68?imageView2/2/w/120/format/jpg,0,,0,1780042543023,0
67b175010000000018030c06,1739683073000,四川,67a417900000000029027f9b,@Sakiko,5d1a1fd0000000001603dde6,逢灯,https://sns-avatar-qc.xhscdn.com/avatar/1040g2jo31svbkbrllm5g5n8q3v85nnf68csshag?imageView2/2/w/120/format/jpg,0,,0,1780042543028,0
67b1533c00000000190020a5,1739674429000,山东,67a417900000000029027f9b,我的老公和他给我看的不准，不过算那个标准确实是我心仪的。,59a4eeca50c4b4676ba6382e,柠檬🍋,https://sns-avatar-qc.xhscdn.com/avatar/6103962b9fd9a85f6c5156ba.jpg?imageView2/2/w/120/format/jpg,0,,0,1780042546746,0
67af7ef6000000001b03c8a3,1739554551000,四川,67a417900000000029027f9b,@💿醒💽省📀,619c49d2000000000201d917,摸一凹🥕,https://sns-avatar-qc.xhscdn.com/avatar/1040g2jo30tm5kei84s605ocs9790jm8ndpaqrq8?imageView2/2/w/120/format/jpg,1,,0,1780042546753,0
67af5a23000000001c0087c2,1739545123000,上海,67a417900000000029027f9b,@小红薯67AED215,651ac6e60000000023026865,十六,https://sns-avatar-qc.xhscdn.com/avatar/1040g2jo31c1ff2oo08005p8qorj8sq35j64qeb0?imageView2/2/w/120/format/jpg,0,,0,1780042546758,1
67b2e3cb00000000180313ed,1739776972000,北京,67a417900000000029027f9b,真的挺准的，尤其是小六壬找东西之类的，小六壬真的准到离谱，昨天算了一次今天算了一次，都准确无误的预判了前任给我发消息的时间，一次说昨天晚上21点-23点前，然后是22：49发的，一个说今天14点左右，然后1点59收到的,67403af2000000001d02f1cb,Hakuna..,https://sns-avatar-qc.xhscdn.com/avatar/1040g2jo31tjqeicp7e005pq07bp7dseb9dill30?imageView2/2/w/120/format/jpg,26,,0,1780042546759,43
67b0bf490000000019016990,1739636553000,四川,67a417900000000029027f9b,我男朋友算了下，说他的正缘属马，教育行业，我就是，还挺准,5f75e06a000000000100bbc1,小红薯5F7735A1,https://sns-avatar-qc.xhscdn.com/avatar/c94b2589011be6d87bfbbbf21db9e2a0.jpg?imageView2/2/w/120/format/jpg,2,,0,1780042546760,2
67ae7e75000000001601c315,1739488886000,陕西,67a417900000000029027f9b,这 这 这tm,5ebbd99a000000000101f91e,㋛,https://sns-avatar-qc.xhscdn.com/avatar/1000g2jo2pr0cfjgk605g5nlrr6d0bu8uip0jaa8?imageView2/2/w/120/format/jpg,1,http://sns-webpic-qc.xhscdn.com/202605291615/e0ab543fb01dea941ec043aee275cf6e/comment/1040g2h031ds35qe5h06g5nlrr6d0bu8ulkg9abo!nd_whlt34_webp_wm_1,0,1780042546762,2
69516f91000000000f00dd04,1766944662000,云南,67a417900000000029027f9b,帮忙看看我的肉身验证，准吗？这是我腰上的胎记[捂脸R],688b494b0000000029008eb6,长街听风,https://sns-avatar-qc.xhscdn.com/avatar/1040g2jo31mhlfvu4l8005q4b955q93lmic7r6uo?imageView2/2/w/120/format/jpg,1,"http://sns-webpic-qc.xhscdn.com/202605291615/7146df8ba92ec5d63093a30dd44a9cca/comment/1040g2h031ql73la6noe05q4b955q93lmpcpegm0!nd_whlt34_webp_wm_1,http://sns-webpic-qc.xhscdn.com/202605291615/23e3b179529fb9cebb55473ec77b15c5/comment/1040g2h031ql73la6noeg5q4b955q93lm74pn1so!nd_whlt34_webp_wm_1",0,1780042546763,1
67b1c9780000000019005242,1739704696000,山东,67a417900000000029027f9b,不准  一会说这一会说那的[捂脸R],65f54395000000001700e9f2,Uu,https://sns-avatar-qc.xhscdn.com/avatar/1040g2jo31touqc5k72605pfl8ealpqfiv80u868?imageView2/2/w/120/format/jpg,2,,0,1780042546768,0
69fbe880000000002803ebaa,1778116736000,湖南,67a417900000000029027f9b,@高冷呆呆鱼,5e45527400000000010099a6,八宝粥不粥,https://sns-avatar-qc.xhscdn.com/avatar/1040g2jo30tcclh9s46005ni5a9q096d6rp9n86g?imageView2/2/w/120/format/jpg,0,,0,1780042546772,0
696b4c530000000008030e18,1768639571000,江苏,67a417900000000029027f9b,@拜拜雪公主,60bc460d000000000100bd0a,菠萝不吹雪,https://sns-avatar-qc.xhscdn.com/avatar/1040g2jo31jkvvu1iio005o5s8o6g9f8a0vmh7d0?imageView2/2/w/120/format/jpg,0,,0,1780042546774,0
6968dcd10000000004003a6d,1768479953000,广西,67a417900000000029027f9b,@饼饼,5b0e812711be103c142cd974,swag sister,https://sns-avatar-qc.xhscdn.com/avatar/5b0e816ad2c8a5279024757b.jpg?imageView2/2/w/120/format/jpg,0,,0,1780042551176,0
69ca8b69000000000f01d466,1774881654000,广东,69c8ec5e00000000230104dd,如果“掷铜钱”那个网站打不开，可以看看我另一个帖子，自己用豆包做一个网站。 普通人也能学会，用豆包创建自...,6860088c000000001d01484e,不加班的码农,https://sns-avatar-qc.xhscdn.com/avatar/1040g2jo31tjnp708n2005q301267ai2emfmp130?imageView2/2/w/120/format/jpg,1,http://sns-webpic-qc.xhscdn.com/202605291615/b197b3c9fb3dcd4ed6cce0c7334e38eb/comment/1040g4b831ubfn9a92i7g5q301267ai2eaivibpg!nd_whgt34_webp_wm_1,0,1780042558514,0
69c94723000000000f01b579,1774798628000,广东,69c8ec5e00000000230104dd,刚试了下，算出来现男友出轨了，我和现男友五月底前会分手[石化R],5a05d57611be107ed9e61476,海洋生物,https://sns-avatar-qc.xhscdn.com/avatar/63bb8187bd4a8a401aefbe68.jpg?imageView2/2/w/120/format/jpg,34,,0,1780042558514,23
69c9841f000000001500fbd2,1774814240000,上海,69c8ec5e00000000230104dd,ds无响应用豆包算了一个[doge]明天就能知道准不准了,5aec1e0a4eacab2fc8a26982,一颗大葱😄,https://sns-avatar-qc.xhscdn.com/avatar/63fcd1f6ebfcc2e90d47d4c0.jpg?imageView2/2/w/120/format/jpg,30,http://sns-webpic-qc.xhscdn.com/202605291615/0b1540748ee9691e460568e7009d8bad/comment/1040g2h031uafju9lio004a51r6f0kqc2usk8if0!nd_whgt34_webp_wm_1,0,1780042558519,15
69c95cea0000000019000c2c,1774804202000,河南,69c8ec5e00000000230104dd,为什么网络不行呀,5f2b454b000000000100ad3a,南阳告白气球,https://sns-avatar-qc.xhscdn.com/avatar/1040g2jo311vs83f9iu005npb8l5g9b9qltdiuu8?imageView2/2/w/120/format/jpg,6,,0,1780042558532,8
69c9495f000000000103f6b5,1774799199000,广西,69c8ec5e00000000230104dd,试了一下挺详细的，问的是能不能上岸，准的话后续反馈[害羞R],5f0064fb000000000101e03f,momo,https://sns-avatar-qc.xhscdn.com/avatar/1040g2jo30tkl4onlko605no0cjtgbo1v6ifmsio?imageView2/2/w/120/format/jpg,8,,0,1780042558536,3
69c935380000000015007221,1774794041000,广东,69c8ec5e00000000230104dd,我的ds拒绝学习[捂脸R][捂脸R][捂脸R],66b9a2bd000000001d02066d,朱雀爱逛庙,https://sns-avatar-qc.xhscdn.com/avatar/1040g2jo3170f7m9k446g5plpkaunc1jd6bou5k8?imageView2/2/w/120/format/jpg,9,,0,1780042558540,4
69c97ba6000000000202a6cc,1774812076000,德国,69c8ec5e00000000230104dd,😂一直思考中，估计要许多torken,5a0e311411be1053a0509f38,Moin购物狂在德国,https://sns-avatar-qc.xhscdn.com/avatar/1040g2jo31ptaqdebl00049vlgcoh97poqp4k4og?imageView2/2/w/120/format/jpg,2,http://sns-webpic-qc.xhscdn.com/202605291615/d83058667c440616393ab0496849b7f5/comment/1040g4b831uaeirn71u7049vlgcoh97poh5v6f58!nd_whgt34_webp_wm_1,0,1780042558541,1
69c94b2e00000000150126e8,1774799662000,山东,69c8ec5e00000000230104dd,算的我面试成功了[合十R][合十R]希望是真的,5d32e5cd000000001000f131,一颗栗,https://sns-avatar-qc.xhscdn.com/avatar/1040g2jo320ifi3q15s005n9isn6k1s9hffcnms8?imageView2/2/w/120/format/jpg,4,,0,1780042558543,0
69c93fae0000000009006ef0,1774796719000,陕西,69c8ec5e00000000230104dd,铜钱可以在网上买点铜钱嘛[害羞R][害羞R]还是硬币也可以呀,61ebab3e0000000010007de8,来杯杨枝甘露,https://sns-avatar-qc.xhscdn.com/avatar/1040g2jo31oesu5ig5m005ofblcv40vf89iokcg8?imageView2/2/w/120/format/jpg,2,,0,1780042558544,0
69c94f51000000000f018795,1774800721000,江苏,69c8ec5e00000000230104dd,算要不要换工作的，ds让我不要换，豆包让我换[石化R],61a4833c000000001000a72c,小红薯61A4F0A4,https://sns-avatar-qc.xhscdn.com/avatar/1040g2jo31tt7s35inq005od4gcu419pcsumu9r0?imageView2/2/w/120/format/jpg,2,,0,1780042558545,0
69c9682d0000000002029483,1774807086000,浙江,69c8ec5e00000000230104dd,用gemini算了一下，准的话再来反馈,6195af4e000000001000e045,小透明苹果醋,https://sns-avatar-qc.xhscdn.com/avatar/1040g2jo31uds018c1u6g5ocllt741o25b3ui0sg?imageView2/2/w/120/format/jpg,1,,0,1780042564409,0
69c94fe60000000015001e1a,1774800871000,广东,69c8ec5e00000000230104dd,2背1是啥意思,5f7b5a610000000001006a84,与我无关,https://sns-avatar-qc.xhscdn.com/avatar/5f7b5a610000000001006a84.jpg?imageView2/2/w/120/format/jpg,2,,0,1780042564410,1
69c9ccdf000000000f027ac0,1774832863000,江苏,69c8ec5e00000000230104dd,我直接说了，这个方法不准，六爻不是这么看的[笑哭R]还不如盘排出来直接发gemini，他的推理逻辑更符合目前的六爻断卦方式,5837a26aa9b2ed2a2374dc15,白涟,https://sns-avatar-qc.xhscdn.com/avatar/1040g2jo31uive9veio0048snv3h6ln0lh2u3bog?imageView2/2/w/120/format/jpg,1,,0,1780042564413,6
69c935cf00000000150166b4,1774794191000,浙江,69c8ec5e00000000230104dd,你好，小白询问：摇六次是问一件事？还是6件事？,5aec11a9e8ac2b243aca0cd9,小槌to 泡泡,https://sns-avatar-qc.xhscdn.com/avatar/1040g2jo31g62is3h1u004a51tk8qi36p6mskhsg?imageView2/2/w/120/format/jpg,2,,0,1780042564420,1
69ca653c000000001500393e,1774871868000,陕西,69c8ec5e00000000230104dd,算完了，谢谢博主分享，期待好消息[派对R],63196e410000000023039f37,阿豆,https://sns-avatar-qc.xhscdn.com/avatar/1040g2jo3119pekc86c005oopdp0ov7pn64pp198?imageView2/2/w/120/format/jpg,1,,0,1780042564421,0
69c91b18000000000d037021,1774787352000,上海,69c8ec5e00000000230104dd,我都是app里把卦截图出来，让ds解释[偷笑R],5fc649c4000000000101ffcb,Taka的小卷毛🍏,https://sns-avatar-qc.xhscdn.com/avatar/1040g2jo31uuo2klp1u005nu69720bvub2agh340?imageView2/2/w/120/format/jpg,1,,0,1780042564422,1
6a126fc2000000002b02a513,1779593155000,贵州,69c8ec5e00000000230104dd,可以用硬币吗,5c4497e00000000006013d25,步履不停,https://sns-avatar-qc.xhscdn.com/avatar/6004576caf9505000190bbd8.jpg?imageView2/2/w/120/format/jpg,1,,0,1780042564427,0
69c944170000000002036186,1774797847000,陕西,69c8ec5e00000000230104dd,感谢老师，感觉ds解得好多了[皱眉R],6280c3a80000000021024c13,momo,https://sns-avatar-qc.xhscdn.com/avatar/1040g2jo31v6tqmliis6g5ok0oek8cj0jjo490hg?imageView2/2/w/120/format/jpg,1,,0,1780042564430,1
69c918bf000000003002510e,1774786752000,新加坡,69c8ec5e00000000230104dd,有点儿意思,5cfd06a800000000050379d6,数据开发小码农,https://sns-avatar-qc.xhscdn.com/avatar/617d4a858c2d74764e87f53d.jpg?imageView2/2/w/120/format/jpg,2,,0,1780042564433,2
69c97cfb000000001500eaf6,1774812411000,江苏,69c8ec5e00000000230104dd,感觉是个这个网站打广告的。。。,597a86cd5e87e7394edbfb21,小红薯1C7BB09E,https://sns-avatar-qc.xhscdn.com/avatar/645b7eecf82b98b5c9349913.jpg?imageView2/2/w/120/format/jpg,0,,0,1780042564436,7
69c9f6fb0000000002035902,1774843644000,四川,69c8ec5e00000000230104dd,太准了太准了太准了！！！我以为我身份证丢了结果真在我衣服包里,5e57d269000000000100aaaa,ナナ,https://sns-avatar-qc.xhscdn.com/avatar/1040g2jo320bbp0ni5i0g5ninq9kg9alasphn5so?imageView2/2/w/120/format/jpg,0,http://sns-webpic-qc.xhscdn.com/202605291616/f80d32f9cb913ae03b71b8def2a5efb0/comment/1040g2h031uatkjrs1m005ninq9kg9alae2r9tug!nd_whgt34_webp_wm_1,0,1780042570159,2
69c94376000000000d03786b,1774797686000,江苏,69c8ec5e00000000230104dd,谢谢分享！[害羞R][玫瑰R][玫瑰R],62c30482000000001b0292d8,行。,https://sns-avatar-qc.xhscdn.com/avatar/1040g2jo31vcvi3sc2s605om30i16t4mobr15ppo?imageView2/2/w/120/format/jpg,1,,0,1780042570163,2
69c9ca320000000015010ae8,1774832179000,上海,69c8ec5e00000000230104dd,豆包和Deep seek算出来的结果完全不同，应该听谁的？最后还是听了自己的。,59d08f4cdb2e603fef68a2cf,啥啥都好,https://sns-avatar-qc.xhscdn.com/avatar/1040g2jo31gqanvos3o1049rqoa7kp8mfjeqfp2o?imageView2/2/w/120/format/jpg,0,,0,1780042570163,1
69c95223000000000f026a77,1774801443000,江苏,69c8ec5e00000000230104dd,豆包和ds两个给的答案完全相反[捂脸R],571efb7b4775a71b0d95d9ba,式,https://sns-avatar-qc.xhscdn.com/avatar/1040g2jo31uro3b2h2i0g48agahtnnmdqh0551v0?imageView2/2/w/120/format/jpg,0,,0,1780042570163,1
69cd63750000000015000452,1775068021000,浙江,69c8ec5e00000000230104dd,真的挺准的,57f8608382ec395a6f202a09,石门牙,https://sns-avatar-qc.xhscdn.com/avatar/1040g2jo31mj8i3oh580g48ocltg86ag9rkrmlc8?imageView2/2/w/120/format/jpg,2,,0,1780042570169,0
69c9d934000000000f01a17f,1774836020000,湖北,69c8ec5e00000000230104dd,感觉非常不准，我预测了俩不确定的问题给的像DS根据实际在分析[石化R]然后我为了测试，预测了一个我可以确定性的问题，答案是不会，结果实际其实是会,5ad78d3511be101d9f37c5ff,momo,https://sns-avatar-qc.xhscdn.com/avatar/1040g2jo3205hdd6i2a004a4kuh6jbhfvqsj6p6g?imageView2/2/w/120/format/jpg,1,,0,1780042570171,0
69c93215000000000f00d2c5,1774793237000,广东,69c8ec5e00000000230104dd,为啥你知道它算的准呢？不是还没发生吗？,5bb5955e7439130001167020,摩卡边披萨,https://sns-avatar-qc.xhscdn.com/avatar/1040g2jo31t63b8i668004b9s6ialss10lucin2g?imageView2/2/w/120/format/jpg,0,,0,1780042570173,2
69c9db21000000000c0318fd,1774836514000,福建,69c8ec5e00000000230104dd,我那个网站一直打不开诶，大家打得开吗，换浏览器也打不开,57b17b9950c4b4292e4d41e0,唤你,https://sns-avatar-qc.xhscdn.com/avatar/1040g2jo30oefb968280048l2gctpigf0j3p2ipg?imageView2/2/w/120/format/jpg,0,,0,1780042570181,0
6a13d4b3000000002b027e32,1779684535000,河北,69c8ec5e00000000230104dd,谷多多真的太实在了，每日运势、八字解读都有，全部免费看。,665056a40000000007005291,锦鲤,https://sns-avatar-qc.xhscdn.com/avatar/1040g2jo320mq3fnb5m005pigaqi1okkhla692so?imageView2/2/w/120/format/jpg,0,http://sns-webpic-qc.xhscdn.com/202605291616/023d3df844dde5c30fa94a6285ed0b0d/comment/1040g2h0320j1uh3jm81g5pigaqi1okkhiva3tao!nd_whgt34_webp_wm_1,0,1780042570183,0
69cb54860000000015009b6f,1774933127000,山东,69c8ec5e00000000230104dd,感觉挺准[偷笑R],632b2ed200000000230275d2,momo,https://sns-avatar-qc.xhscdn.com/avatar/1040g2jo317qghjus4a5g5opb5r98steiumpq1lg?imageView2/2/w/120/format/jpg,0,,0,1780042570185,0
69f6e5b7000000002b0026be,1777788344000,江西,69c8ec5e00000000230104dd,谷多多挺好的呀面肥解读内容,5ffb1af8000000000101c4d1,记忆骨钉,https://sns-avatar-qc.xhscdn.com/avatar/1040g2jo31vdi7g4mii005nvr3bs0bh6hscugv00?imageView2/2/w/120/format/jpg,0,http://sns-webpic-qc.xhscdn.com/202605291616/ed0483a2fef32b11c6e0f2ffa09d3103/comment/1040g2h031vmposqcig0g5nvr3bs0bh6h8u6lmvg!nd_whgt34_webp_wm_1,0,1780042573527,0
69c9cc560000000005038438,1774832726000,湖北,69c8ec5e00000000230104dd,能不能再出一个奇门遁甲的版本[萌萌哒R],5610bfef3f95a317893b62a9,Vésper.,https://sns-avatar-qc.xhscdn.com/avatar/1040g2jo31vqnsedu2i0041as7mvuuol9ma13dro?imageView2/2/w/120/format/jpg,0,,0,1780042573535,0
69ca89cc000000000103d538,1774881228000,上海,69c8ec5e00000000230104dd,哈哈 你们发个和ds相反的印证给ta ta会使劲给你编  你们试试,56fbdec384edcd6044213e28,区区,https://sns-avatar-qc.xhscdn.com/avatar/1040g2jo31rip259ji80047ht4ufc6fh8mmt0798?imageView2/2/w/120/format/jpg,0,,0,1780042573540,0
69c969b8000000001803be6d,1774807481000,河南,69c8ec5e00000000230104dd,这么麻烦[呃R]算一下也不难啊,648f1600000000002b00a761,锦江清,https://sns-avatar-qc.xhscdn.com/avatar/1040g2jo31v0u5m90ia5g5p4f2o0ap9r1mgr14q8?imageView2/2/w/120/format/jpg,0,,0,1780042573549,0
69c9533f00000000150060d1,1774801727000,广东,69c8ec5e00000000230104dd,好准的感觉，有很多说中了！！,56fd11dd4775a71bc4e3d6fe,恍恍惚惚胡桃糖🥕,https://sns-avatar-qc.xhscdn.com/avatar/1040g2jo31l4365rfj00047ikce8trlnutt05u0g?imageView2/2/w/120/format/jpg,0,,0,1780042573555,1
69c981c2000000000d03545f,1774813634000,新疆,69c8ec5e00000000230104dd,一直在思考[失望R],5bcea57ec4782600017d328f,momo,https://sns-avatar-qc.xhscdn.com/avatar/1040g2jo31rk4ruag22004bivbginsckfiuho7q0?imageView2/2/w/120/format/jpg,0,,0,1780042573558,0
69ca11930000000019000dc2,1774850451000,山西,69c8ec5e00000000230104dd,确实，虽然没出结果，但是这个挺符合我现在的[微笑R],64af60fa000000000b0147e8,趴在岸上的熊猫,https://sns-avatar-qc.xhscdn.com/avatar/1040g2jo31vui5tls2g005p5fc3t2qhv86ktet3g?imageView2/2/w/120/format/jpg,0,,0,1780042573566,0
69c960f700000000150038fc,1774805241000,重庆,69c8ec5e00000000230104dd,没招了[笑哭R],6669d280000000000700764d,Nangua,https://sns-avatar-qc.xhscdn.com/avatar/1040g2jo31ukhk8niig105pj9qa01otidb5k9j3g?imageView2/2/w/120/format/jpg,0,http://sns-webpic-qc.xhscdn.com/202605291616/7bbea0799e645e25a1edf5b53c4e8278/comment/1040g2h031uabak0m2g005pj9qa01otid2g1oh7o!nd_whgt34_webp_wm_1,0,1780042573568,1
69c926b6000000000d037ca3,1774790326000,上海,69c8ec5e00000000230104dd,感觉有点东西[笑哭R],66d451ad000000001d032603,好吃呐,https://sns-avatar-qc.xhscdn.com/avatar/1040g2jo320kta0jblc0g5pmka6mne9g32anas7o?imageView2/2/w/120/format/jpg,1,,0,1780042573571,1
69c9fc5c000000001400b747,1774845021000,山东,69c8ec5e00000000230104dd,已用，蹲结果来反馈,681a99fd000000000d00874a,宥宥,https://sns-avatar-qc.xhscdn.com/avatar/1040g2jo32066ilklm8005q0qj7uj91qa9r6pfuo?imageView2/2/w/120/format/jpg,0,,0,1780042573573,0
69c9bf30000000001d0090f9,1774829361000,山东,69c8ec5e00000000230104dd,ds 现在没降职吗,586ce1ed50c4b42e23bf12d2,CC 大王在工厂,https://sns-avatar-qc.xhscdn.com/avatar/1040g2jo31fmu2if20200490rvrguq4mi4p4dbg0?imageView2/2/w/120/format/jpg,0,,0,1780042576876,0
69c983c20000000019003ea7,1774814147000,广东,69c8ec5e00000000230104dd,第二个步骤是自己要手动的对不？,5c529c62000000001800f51f,凯薇的减法生活,https://sns-avatar-qc.xhscdn.com/avatar/1040g2jo31ta9gjrc62605n2ijhh61t8vt95el5o?imageView2/2/w/120/format/jpg,0,,0,1780042576881,0
69cb70f40000000015001773,1774940404000,山东,69c8ec5e00000000230104dd,我耳机找到了，谢谢谢谢！,64c117e90000000014037726,世界爆炸我睡觉,https://sns-avatar-qc.xhscdn.com/avatar/1040g2jo31u6ckbmm2o6g5p612vkl6tp64a6u730?imageView2/2/w/120/format/jpg,1,,0,1780042576883,1
69c977150000000015015e61,1774810901000,江苏,69c8ec5e00000000230104dd,算出来过两天考试难通过[哭惹R],6300d747000000000f0050cb,年年岁岁暖暖,https://sns-avatar-qc.xhscdn.com/avatar/1040g2jo31un1n5htii005oo0qt3jok6bn8vo420?imageView2/2/w/120/format/jpg,0,,0,1780042576886,0
69c9d8aa00000000150051d8,1774835882000,上海,69c8ec5e00000000230104dd,真的绝,567768f76a6a6909470c1621,胡茬丰叔,https://sns-avatar-qc.xhscdn.com/avatar/1040g2jo31v7qut60ia0044h527kfe5h14fjn9r8?imageView2/2/w/120/format/jpg,0,,0,1780042576887,0
69c9a68f000000000d035153,1774823055000,湖北,69c8ec5e00000000230104dd,问千问，两次都给我算错了[捂脸R],54e66ffc4fac637487701803,✨ Sh!nemore ✨,https://sns-avatar-qc.xhscdn.com/avatar/1040g2jo31sn99pm65a6g401ftcnvo603v2238j0?imageView2/2/w/120/format/jpg,0,,0,1780042576891,0
69c998ed000000001d00a238,1774819566000,广东,69c8ec5e00000000230104dd,豆包现在回答问题都会顺着你的,5e0f3bd00000000001000bb6,JeannieXing,https://sns-avatar-qc.xhscdn.com/avatar/1040g2jo31og71mp16g005ngf7f8082tmutdisno?imageView2/2/w/120/format/jpg,0,,0,1780042576894,0
69ca1098000000000503a6c3,1774850201000,内蒙古,69c8ec5e00000000230104dd,好准,5756cbeea9b2ed3f4785c090,奇奇怪怪小可爱,https://sns-avatar-qc.xhscdn.com/avatar/1040g2jo314vl8840h40g48f4s15utg4ga0dc79o?imageView2/2/w/120/format/jpg,0,,0,1780042576896,0
6a13db96000000002a02637a,1779686296000,河北,69c8ec5e00000000230104dd,谷 多多很合心内容,688de95c0000000028030574,Ddd,https://sns-avatar-qc.xhscdn.com/avatar/1040g2jo320o2r9uam20g5q4dt5ea61bkuevn38o?imageView2/2/w/120/format/jpg,0,http://sns-webpic-qc.xhscdn.com/202605291616/7a15bb6ee50ea2205c5e833ed8e94bb2/comment/1040g2h0320j2la8bmeag5qaslfg6em0avv7fkm8!nd_whgt34_webp_wm_1,0,1780042576898,0
69c93464000000000103f44a,1774793828000,河南,69c8ec5e00000000230104dd,有点东西,5ef6e009000000000101d57d,为什么要种秋葵,https://sns-avatar-qc.xhscdn.com/avatar/1040g2jo31ejqlh7h08005nnms04gblbtd6krvm8?imageView2/2/w/120/format/jpg,0,,0,1780042576900,1
69c9674f000000000c0325d0,1774806863000,甘肃,69c8ec5e00000000230104dd,不给算，豆包和千问算了，不一样,5ddd2ee4000000000100b22c,云深念眷,https://sns-avatar-qc.xhscdn.com/avatar/1040g2jo31ubiqpvd1m605net5ri09chcku92pi8?imageView2/2/w/120/format/jpg,0,,0,1780042580516,0
69c96697000000000f01b9ae,1774806680000,江苏,69c8ec5e00000000230104dd,收藏了有空试一下[笑哭R],62dbe83c000000001f014515,momo,https://sns-avatar-qc.xhscdn.com/avatar/1040g2jo31j0fhrc21e5g5omrt0u7qh8lqv7c9d8?imageView2/2/w/120/format/jpg,0,,0,1780042580516,0
69c9660d000000000d037b60,1774806542000,福建,69c8ec5e00000000230104dd,3字0背  2字1背，2字1背，2字1背，2字1背，2字1背,607c649d000000000101fc1d,烤柿青松果🍏,https://sns-avatar-qc.xhscdn.com/avatar/1040g2jo31jg2uaj9ji005o3sciegbv0tdiibsdo?imageView2/2/w/120/format/jpg,0,,0,1780042580516,0
69c962c0000000000202b95e,1774805696000,湖北,69c8ec5e00000000230104dd,为什么我投了六次都是2背1字[捂脸R],5f37ed2c0000000001006e99,嗯哼要当富婆,https://sns-avatar-qc.xhscdn.com/avatar/1040g2jo319qu50b96u6g5npntkm08rkpekjdddg?imageView2/2/w/120/format/jpg,0,,0,1780042580530,0
69c962a6000000000202b790,1774805671000,浙江,69c8ec5e00000000230104dd,感谢分享，去算了一卦,64412f18000000000f0049e3,黄金momo,https://sns-avatar-qc.xhscdn.com/avatar/1040g2jo31aoa200jmq005p215sc3oif3f2usslo?imageView2/2/w/120/format/jpg,0,,0,1780042580534,0
69c960370000000016015cc0,1774805047000,浙江,69c8ec5e00000000230104dd,有意思,5a61a03611be101f3df4c9dc,钱向我奔涌而来（钱多多好运多）,https://sns-avatar-qc.xhscdn.com/avatar/1040g2jo31tnvlvs0ne004a0uihg3diesvif6mq0?imageView2/2/w/120/format/jpg,0,,0,1780042580534,0
69c960260000000009035dda,1774805030000,湖南,69c8ec5e00000000230104dd,字是指正面吗,611c768d0000000001007c16,嘟嘟,https://sns-avatar-qc.xhscdn.com/avatar/1040g2jo31ve810fdig105o8seq6g8v0m37ke83g?imageView2/2/w/120/format/jpg,0,,0,1780042580544,0
69c95e2900000000150053b8,1774804521000,广东,69c8ec5e00000000230104dd,我让Gemini 算了，等我反馈！！！,590009be5e87e70a822415e3,大明星,https://sns-avatar-qc.xhscdn.com/avatar/590009be5e87e70a822415e3.jpg?imageView2/2/w/120/format/jpg,0,,0,1780042580546,0
69c95c470000000014031529,1774804041000,中国香港,69c8ec5e00000000230104dd,让gemini算了一下实习，等拿到offer了来反馈,5f3d3e11000000000100524d,爱吃🍠,https://sns-avatar-qc.xhscdn.com/avatar/1040g2jo32028ksggia005npt7o8g8kid8fpihfg?imageView2/2/w/120/format/jpg,0,http://sns-webpic-qc.xhscdn.com/202605291616/f4a781c0201a71f2bb82fef0364e5e41/comment/1040g2h031uaaoa7c2g005npt7o8g8kidous02s8!nd_whlt34_webp_wm_1,0,1780042580547,0
69c95ae600000000020364a5,1774803686000,新疆,69c8ec5e00000000230104dd,不用铜钱正反面太麻烦了，直接用易经扑克牌，默念心中所问的问题，然后抽牌就行了，,5cdec9ae000000001203ff46,蜕变,https://sns-avatar-qc.xhscdn.com/avatar/1040g2jo31r9jenvp706g5n6up6n4nvq6bp3v878?imageView2/2/w/120/format/jpg,0,,0,1780042580552,0
69c957c7000000000f01ba61,1774802888000,陕西,69c8ec5e00000000230104dd,自己怎么用铜钱起卦呀,5b2353afe8ac2b5a544c39ae,怀瑾,https://sns-avatar-qc.xhscdn.com/avatar/1000g2jo2k8h89tcim06g4a69f29quede39prci8?imageView2/2/w/120/format/jpg,0,,0,1780042584533,0
69c9519d000000001400befd,1774801309000,广东,69c8ec5e00000000230104dd,全程都关闭智能搜索吗？,5b1faa17e8ac2b490a052699,ZERO,https://sns-avatar-qc.xhscdn.com/avatar/1040g2jo31vtkma62iq604a66nal1e9kpjdts1p0?imageView2/2/w/120/format/jpg,0,,0,1780042584534,0
69c950530000000018023778,1774800980000,福建,69c8ec5e00000000230104dd,老师为什么我的网址打不开,5df5a8700000000001003738,别捏我肥脸,https://sns-avatar-qc.xhscdn.com/avatar/6415befcd0e4e60d4d6e6b48.jpg?imageView2/2/w/120/format/jpg,0,,0,1780042584534,0
69c949ec0000000018020d94,1774799341000,云南,69c8ec5e00000000230104dd,希望算的是准的,5ea97d3700000000010039e3,生生,https://sns-avatar-qc.xhscdn.com/avatar/1040g2jo31e4evj1h0s005nl9fkrg8ef3kjsi8uo?imageView2/2/w/120/format/jpg,0,,0,1780042584542,0
69c9465a0000000002034ed4,1774798427000,广东,69c8ec5e00000000230104dd,卜卦自己拆解会比较准一些,69391be2000000003702a575,小红薯69392573,https://sns-avatar-qc.xhscdn.com/avatar/1040g2jo31ptsnf1940705q9p3fhdt9blre5sokg?imageView2/2/w/120/format/jpg,0,,0,1780042584546,0
69c9449700000000010069b7,1774797975000,广东,69c8ec5e00000000230104dd,谢谢博主分享,5ece0ff6000000000100209f,滴滴嘟嘟,https://sns-avatar-qc.xhscdn.com/avatar/1040g2jo31ogn23q1l06g5nme1vr0884vqvgev5o?imageView2/2/w/120/format/jpg,0,,0,1780042584552,0
69c93db4000000001400a8e7,1774796212000,辽宁,69c8ec5e00000000230104dd,感觉有点东西,68c2d91b000000001901319f,momo,https://sns-avatar-qc.xhscdn.com/avatar/1040g2jo3200t62nfii005q62r4dmaccvoh83hb0?imageView2/2/w/120/format/jpg,0,,0,1780042584557,0
69c93ba900000000150031eb,1774795689000,河北,69c8ec5e00000000230104dd,太牛了老师[派对R],633ede57000000001901c8dd,拾遗,https://sns-avatar-qc.xhscdn.com/avatar/1040g2jo31hd0dr6e3q6g5opurpbmbi6tpp67i50?imageView2/2/w/120/format/jpg,0,,0,1780042584563,0
69c93625000000000d036eb2,1774794277000,黑龙江,69c8ec5e00000000230104dd,为什么我一件事不同方向问了两次（但都是一件事）答案完全相反,62d89ee3000000001902ff70,momo,https://sns-avatar-qc.xhscdn.com/avatar/1040g2jo31t3gq3nf5a0g5omojrhmdvrgqg2r218?imageView2/2/w/120/format/jpg,0,,0,1780042584564,0
69c9530b0000000001005137,1774801676000,广东,69c8ec5e00000000230104dd,[吧唧R]豆包和 DeepSeek 解出来的不一样,59eae3e34eacab49133a7b07,momo,https://sns-avatar-qc.xhscdn.com/avatar/1040g2jo31gpj9kj0jc0049uodlhu6uo70l62qvg?imageView2/2/w/120/format/jpg,26,,0,1780042584565,6
69c9a9b0000000001803a87a,1774823857000,山东,69c8ec5e00000000230104dd,豆包超级不准，胡说八道,5e9abdd70000000001008ce5,晨曦,https://sns-avatar-qc.xhscdn.com/avatar/1040g2jo30p470mk1k64g5nkqnnbg9375qv19l1g?imageView2/2/w/120/format/jpg,0,,0,1780042587942,2
69c9ad530000000016015ab4,1774824788000,中国香港,69c8ec5e00000000230104dd,3字0背，1字2背，1字2背，1字2背，1字2背，2字1背,637292ac000000001f01b595,VV,https://sns-avatar-qc.xhscdn.com/avatar/1040g2jo317fhq0hp466g5oriiam7rdcl7ntcoi8?imageView2/2/w/120/format/jpg,0,,0,1780042587942,0
69c9a121000000001500efbe,1774821666000,山东,69c8ec5e00000000230104dd,算卦重要的是取象，它都不知道啥是象，它搁那算啥呢[呃R],621c62d5000000001000e816,一下雨就点外卖,https://sns-avatar-qc.xhscdn.com/avatar/1040g2jo32074ho075s005ogscbak1q0mmc8qm98?imageView2/2/w/120/format/jpg,0,,0,1780042587942,1
69c91271000000001500357c,1774785138000,北京,69c8ec5e00000000230104dd,不可复制 你发啥呢,5b642055a3fdab0001562d8b,水刀,https://sns-avatar-qc.xhscdn.com/avatar/1040g2jo31rbue134ng004a8q78g5abcbvj1c0j8?imageView2/2/w/120/format/jpg,3,,0,1780042587942,1
69f6dfa30000000028031222,1777786788000,江西,69c8ec5e00000000230104dd,专业解读内容来谷多多呀不收元子的,5ff696560000000001005ce4,京雨瘾,https://sns-avatar-qc.xhscdn.com/avatar/1040g2jo31v22p21gig0g5nvmipb08n74i4jpvd8?imageView2/2/w/120/format/jpg,0,http://sns-webpic-qc.xhscdn.com/202605291616/1c5f077fa5a1bfb11ca974cfe3dcb1ba/comment/1040g4b831vmotf4f2ic05nvmipb08n74kj619cg!nd_whgt34_webp_wm_1,0,1780042587942,0
69d265540000000019001493,1775396181000,广东,69c8ec5e00000000230104dd,这个玩过，好准,5c529c62000000001800f51f,凯薇的减法生活,https://sns-avatar-qc.xhscdn.com/avatar/1040g2jo31ta9gjrc62605n2ijhh61t8vt95el5o?imageView2/2/w/120/format/jpg,1,,0,1780042587953,0
69ccf163000000000d03f03b,1775038820000,浙江,69c8ec5e00000000230104dd,@图东南,5ff67475000000000101e924,壮壮要长肉肉哦。,https://sns-avatar-qc.xhscdn.com/avatar/1040g2jo320e6g6b4me6g5nvmehqgbq94jhdbdd8?imageView2/2/w/120/format/jpg,0,,0,1780042587955,0
69c9c83c000000000c033a72,1774831677000,上海,69c8ec5e00000000230104dd,有个不这么麻烦的办法，guaguru.cn，是某位网友自己做的一个解六爻的网站，可以直接使用,666036490000000003031959,待砚干,https://sns-avatar-qc.xhscdn.com/avatar/1040g2jo31sr49pjble605pj06p4gu6apckbrrj0?imageView2/2/w/120/format/jpg,0,http://sns-webpic-qc.xhscdn.com/202605291616/6db9088f5aa73c21893454dc14749235/comment/1040g4b831uanu0hl1udg5pj06p4gu6ap02qd8lg!nd_whgt34_webp_wm_1,0,1780042587959,0
69c9b848000000000103f071,1774827592000,江苏,69c8ec5e00000000230104dd,我丢了东西找不到就让ds帮我算，能算个大概方位，能不能找到，能找到我就不那么急了，慢慢找,6194fe6e0000000002018216,蓝～,https://sns-avatar-qc.xhscdn.com/avatar/649d141e29fb964058732564.jpg?imageView2/2/w/120/format/jpg,0,,0,1780042587960,0
69c98999000000001d00d7ce,1774815641000,广东,69c8ec5e00000000230104dd,网址直接出爻，都不用说背面反面,5c529c62000000001800f51f,凯薇的减法生活,https://sns-avatar-qc.xhscdn.com/avatar/1040g2jo31ta9gjrc62605n2ijhh61t8vt95el5o?imageView2/2/w/120/format/jpg,0,,0,1780042587962,0
69c97673000000000202bd6d,1774810739000,广东,69c8ec5e00000000230104dd,@肥美大海豹,5c13596d0000000007012c80,Echooooo,https://sns-avatar-qc.xhscdn.com/avatar/1040g2jo31cv3v7bn0c004bv280cmqb40v35fsb8?imageView2/2/w/120/format/jpg,0,,0,1780042591275,0
69c95684000000000c033a03,1774802564000,浙江,69c8ec5e00000000230104dd,鱿鱼丝我试试,560c90458a75e11d57ce6e55,gin,https://sns-avatar-qc.xhscdn.com/avatar/1040g2jo31qp23ukvn060419fkd84arilsnh9akg?imageView2/2/w/120/format/jpg,0,,0,1780042591275,0
69c955ff0000000009037cc8,1774802432000,四川,69c8ec5e00000000230104dd,推荐这个，可以一键生成ai指令，并且指令质量很高，就是有的小问题会显得有点废话[睡觉R],603504fe0000000001005bf9,昭昭,https://sns-avatar-qc.xhscdn.com/avatar/1040g2jo31uf78br8ia605o1l0jv08mvplv352hg?imageView2/2/w/120/format/jpg,0,http://sns-webpic-qc.xhscdn.com/202605291616/31a1ca1ab257a7c6a49b668c3724c659/comment/1040g4b831ua9vok1iadg5o1l0jv08mvpca3s5f8!nd_whlt34_webp_wm_1,0,1780042591275,1
69c94bce000000000f02adaf,1774799822000,江苏,69c8ec5e00000000230104dd,直接排好了截图喂给ds就行了,64f190c80000000005002f5d,互联网纪律委员,https://sns-avatar-qc.xhscdn.com/avatar/1040g2jo31g0p5l0f02005p7hi3418bqtf4khg4o?imageView2/2/w/120/format/jpg,0,,0,1780042591285,0
69c944940000000018022b3e,1774797972000,江苏,69c8ec5e00000000230104dd,@小西的小故事,5ebe14c3000000000101caef,小钱赚大钱,https://sns-avatar-qc.xhscdn.com/avatar/1040g2jo31lnfl1qvlm605nlu2j1gbinf9ja7r0g?imageView2/2/w/120/format/jpg,1,,0,1780042591292,0
69c942d00000000018039f90,1774797521000,湖南,69c8ec5e00000000230104dd,@哇噻噻不得了大王,623f4540000000001000b840,生生.,https://sns-avatar-qc.xhscdn.com/avatar/1040g2jo30vtfrar75o005ohv8l041e20jofi97g?imageView2/2/w/120/format/jpg,0,,0,1780042591293,0
69c942a0000000001101b7fc,1774797473000,广东,69c8ec5e00000000230104dd,@TAG,5a911f7ce8ac2b33dd0180a6,goodmorning,https://sns-avatar-qc.xhscdn.com/avatar/1040g2jo31c9f368vh0004a1nu7fnp056es4mebo?imageView2/2/w/120/format/jpg,0,,0,1780042591295,0
6a044d88000000002702bdd6,1778666889000,江苏,6a03df400000000036018012,我超级有钱,5cb150a300000000120355d2,意琛,https://sns-avatar-qc.xhscdn.com/avatar/1040g2jo31pbe72smia705n5ha2hkmleij6v19cg?imageView2/2/w/120/format/jpg,24,,0,1780042596660,115
6a043596000000002702ba5a,1778660758000,安徽,6a03df400000000036018012,大家如果不理解的话，可以去Ai帮你翻译一下就明白了，其实是思维的转换和拆解行动,5ce2580e0000000011028dc7,流星雨.,https://sns-avatar-qc.xhscdn.com/avatar/1040g2jo30vc5npp65e005n72b074d3e74g1qiqo?imageView2/2/w/120/format/jpg,5,,0,1780042596662,58
6a04627300000000290259ad,1778672243000,北京,6a03df400000000036018012,我可以成功起号赚到钱开一家属于我的小店,5c6a9c1c000000001003ea0a,李子圆,https://sns-avatar-qc.xhscdn.com/avatar/1040g2jo31jfmn5n032005n3ajge47qgakpshq70?imageView2/2/w/120/format/jpg,0,,0,1780042596664,4
6a054d08000000002701d25a,1778732297000,北京,6a03df400000000036018012,这期播客有一句很喜欢的话：你可以从一直等待被爱的叙事中跳出，转而为自己建造一个坚固又温柔的“内心游乐场”,5d26f54c0000000016030593,丹丹🐰,https://sns-avatar-qc.xhscdn.com/avatar/5d72413611ff4500016afdd2.jpg?imageView2/2/w/120/format/jpg,2,http://sns-webpic-qc.xhscdn.com/202605291616/85f72a3fb549c07469d57da305280e4a/comment/1040g4b83204rrrkl56ag5n96ul65m1cj880j40o!nd_whgt34_webp_wm_1,0,1780042596668,25
6a04a9c5000000002a02f843,1778690501000,广东,6a03df400000000036018012,我的店铺马上就会爆单赚到人生第一个十万块钱,5a37abc3e8ac2b4d3d7f279b,ee,https://sns-avatar-qc.xhscdn.com/avatar/1040g2jo31989kmbm5a004a0bpsls69srndbu11g?imageView2/2/w/120/format/jpg,4,,0,1780042596671,6
6a0465fd000000002b025eaf,1778673149000,广东,6a03df400000000036018012,我可以顺顺利利通过德语a1考试，过60分,606b1390000000000101c7b1,小红薯6A0A4048,https://sns-avatar-qc.xhscdn.com/avatar/645b7f6e338379fac1893093.jpg?imageView2/2/w/120/format/jpg,5,,0,1780042596673,12
6a04cc05000000002701f5cc,1778699269000,河北,6a03df400000000036018012,我们的狗狗会好起来,59f15f15e8ac2b0fe5e9c20f,天使,https://sns-avatar-qc.xhscdn.com/avatar/1040g2jo30nfonahbmk5g49utn1fhbggfttdbb28?imageView2/2/w/120/format/jpg,4,,0,1780042596675,8
6a074004000000002b0009fc,1778860036000,浙江,6a03df400000000036018012,@问一问 具体怎么做,5b4f3efe11be10421f45ddd3,Plmm 卫卫吖,https://sns-avatar-qc.xhscdn.com/avatar/1040g2jo31mcdi8mc68004a78tjvftnejog58se8?imageView2/2/w/120/format/jpg,1,,0,1780042596676,0
6a03dfab000000002800b230,1778638764000,陕西,6a03df400000000036018012,儒释都有个说法，言出法随。说的就是这个意思,65e0733e000000000500e369,加大钱,https://sns-avatar-qc.xhscdn.com/avatar/1040g2jo32068arjolk005pf0ecv19or9597sk78?imageView2/2/w/120/format/jpg,1,,0,1780042596677,254
6a0441ff000000002b025f35,1778663935000,江西,6a03df400000000036018012,我会考上,5bb15eb91f30bf0001052f27,kid,https://sns-avatar-qc.xhscdn.com/avatar/1040g2jo316h97b2cha5g4b879hfbibp73250r3g?imageView2/2/w/120/format/jpg,2,,0,1780042596678,0
6a14b12f000000002800953e,1779740976000,浙江,6a03df400000000036018012,我美炸天,5b0240e54eacab3906232076,不要分梨,https://sns-avatar-qc.xhscdn.com/avatar/1040g2jo31e3fhbfbh6004a5gpt0ea83mkfd1clg?imageView2/2/w/120/format/jpg,0,,0,1780042600128,1
6a07881c000000002702d9e9,1778878493000,美国,6a03df400000000036018012,每一个看到我留言的人都会如愿！[派对R][派对R],5b1b701311be103fac981dce,菠萝味乌冬,https://sns-avatar-qc.xhscdn.com/avatar/1040g2jo32071jtl3lg004a634ho167eenibj0eo?imageView2/2/w/120/format/jpg,0,,0,1780042600132,1
6a152c150000000027023000,1779772437000,重庆,6a03df400000000036018012,我可以随心所欲的买房,5c07b2046b58b728261fca29,地球玩家,https://sns-avatar-qc.xhscdn.com/avatar/1040g2jo31b2g16b1mm6g4burkvp09ih9h7kton0?imageView2/2/w/120/format/jpg,0,,0,1780042600134,1
6a076bc1000000002803f525,1778871234000,广东,6a03df400000000036018012,我会得到一份双休五险一金税后八千事少钱多喜欢的工作,61a877e6000000001000ab1b,momo,https://sns-avatar-qc.xhscdn.com/avatar/1040g2jo31tgc6cpv5m6g5od8evj41aorrcagdso?imageView2/2/w/120/format/jpg,1,,0,1780042600138,6
6a04bda200000000280386f5,1778695586000,黑龙江,6a03df400000000036018012,过去现在未来其实是同一个点，你还无法命名自己的人生的时候，他们是迷迷糊糊的一个样子，你真的想好了自己的身份，决定认同自己就是这个新身份，你的过去现在未来这个点就变成了另一个形状，变成了你认同自己的新身份的那个形状。如果你想好了你的身份是什么，你只需要做一件事，就是不断的重复肯定，我就是这个身份，我就是这个身份，不用管这个身份怎么来，多久会来，怎么还不来，就只是重复肯定我就是，世界会自动把结果喂给你，甚至比你想象中还要好。,5e2db62b0000000001003dae,松尾绒爱妻,https://sns-avatar-qc.xhscdn.com/avatar/1040g2jo31v07kei63q005nhdmolg8fde5lh3gmg?imageView2/2/w/120/format/jpg,0,,0,1780042600140,9
6a049be8000000002b026def,1778686953000,广东,6a03df400000000036018012,语言是声波，是图腾，是能量，是坍缩，是咒语，是指令，是和宇宙精神共振瑜伽，但是，要用对的方式。,5ced0e8d0000000017039452,凤九九,https://sns-avatar-qc.xhscdn.com/avatar/1040g2jo30vd0ehs95u605n7d1q6lv52ihefscc0?imageView2/2/w/120/format/jpg,1,,0,1780042600142,34
6a052f3d000000002701c502,1778724670000,山东,6a03df400000000036018012,我有年薪百万工作，身体健康，线条优美，所遇全是贵人[偷笑R],5fb36b6700000000010010e9,momo,https://sns-avatar-qc.xhscdn.com/avatar/6463a4ef95fc4c0002ec4fcd.jpg?imageView2/2/w/120/format/jpg,0,,0,1780042600146,4
6a15db260000000029013e05,1779817255000,广东,6a03df400000000036018012,灵魂的欲望是命运的先知 言出法随 同理,5f09d6a000000000010040b6,小猫放屁香perper,https://sns-avatar-qc.xhscdn.com/avatar/65e229fbd53190b779bdabf2.jpg?imageView2/2/w/120/format/jpg,0,,0,1780042600148,1
6a056a45000000002702ca84,1778739781000,新疆,6a03df400000000036018012,我有蜂腰翘臀，修长双腿，天鹅颈，背薄且直，五官像李嘉欣，头发浓密顺滑，身高170，存款100万，住着180平的大平层开问界M7，我活着中产生活，幸福且自律，身体健康,5c32dfb80000000005032ef9,被财神爷偏爱的美丽女人,https://sns-avatar-qc.xhscdn.com/avatar/5f9ea078ca678900012ec6ab.jpg?imageView2/2/w/120/format/jpg,0,,0,1780042600149,3
6a0fd07c000000000d022000,1779421308000,秘鲁,6a03df400000000036018012,我潛意識裏老是覺得自己以後會越來越有錢，越來越有福氣，我相信相信的力量[合十R][合十R][合十R][合十R][合十R][合十R][合十R][合十R][合十R],5fca8ff8000000000101e3fd,有求必應,https://sns-avatar-qc.xhscdn.com/avatar/1040g2jo30nrsce0f18005nuahvs0bovt0lidldo?imageView2/2/w/120/format/jpg,0,,0,1780042600151,1
6a05586c000000002701ccb8,1778735213000,江西,6a03df400000000036018012,我科二过了[大笑R],5fc5e2c300000000010090e5,天之饺子,https://sns-avatar-qc.xhscdn.com/avatar/1040g2jo31t0ilnco62605p5kgmgqp5qvn4nsr2o?imageView2/2/w/120/format/jpg,2,,0,1780042603380,0
6a0fed89000000002901ba5c,1779428745000,广东,6a03df400000000036018012,我总有一天会拥有自由好好爱自己，摆脱烂人烂事,663e18ae0000000003030369,三娃妈Lily吖,https://sns-avatar-qc.xhscdn.com/avatar/1040g2jo31sen7nk562005phu32n0u0r99u6v67g?imageView2/2/w/120/format/jpg,0,,0,1780042603383,1
6a0994040000000028033169,1779012612000,广东,6a03df400000000036018012,我会高考考到600+然后去想去的地方上自己喜欢的大学过上美妙的大学生活,64d9adf60000000001007eba,In7_vl,https://sns-avatar-qc.xhscdn.com/avatar/1040g2jo31d1c35sg0u6g5p6plnr08vlqiieespg?imageView2/2/w/120/format/jpg,0,,0,1780042603383,1
6a074fe6000000002701771d,1778864103000,新加坡,6a03df400000000036018012,我可以全家移民新加坡[玫瑰R],562e15e982718c0d8c2654c2,🎵,https://sns-avatar-qc.xhscdn.com/avatar/1040g2jo31fro6slhgc0041rsvaauil62ctq1i08?imageView2/2/w/120/format/jpg,1,,0,1780042603392,0
6a04b1b3000000002b027fdf,1778692531000,湖南,6a03df400000000036018012,欲望是命运在召唤,5ceae43b00000000160129b2,旷野清风,https://sns-avatar-qc.xhscdn.com/avatar/1040g2jo31bnekckj0m005n7asgtliadi9ndjnpo?imageView2/2/w/120/format/jpg,0,,0,1780042603394,2
6a0495690000000028034d3f,1778685290000,内蒙古,6a03df400000000036018012,我健康平安喜悦长命百岁，全家健康平安喜悦长命百岁，终生幸福，大家都幸福,696ce9dd00000000140176c3,安静,https://sns-avatar-qc.xhscdn.com/avatar/1040g2jo3209t6ublls005qbct7el2tm3pbnk2to?imageView2/2/w/120/format/jpg,0,,0,1780042603398,3
6a04b5a6000000002a02fff1,1778693542000,重庆,6a03df400000000036018012,@问一问 说了什么,60444414000000000100af66,AAA专业蝴蝶上色陈姐,https://sns-avatar-qc.xhscdn.com/avatar/1040g2jo31uki8h8dig005o248ga09br6vvqfue8?imageView2/2/w/120/format/jpg,1,,0,1780042603402,0
6a042491000000002b02b46b,1778656402000,江苏,6a03df400000000036018012,有点像释放法，看到这个情绪，然后放下它,635a5d7e000000001802c121,幸运的财到留留,https://sns-avatar-qc.xhscdn.com/avatar/1040g2jo31jh34u4j32005oqqblv65g9192bj4h8?imageView2/2/w/120/format/jpg,0,,0,1780042603405,7
6a0aa007000000002b02761b,1779081224000,重庆,6a03df400000000036018012,我超级幸福,602fc4a7000000000100b881,Lucky,https://sns-avatar-qc.xhscdn.com/avatar/2b4cefbb01e0a0824f5c173dde7f98b2.jpg?imageView2/2/w/120/format/jpg,0,,0,1780042603408,1
6a043fcf0000000029026c52,1778663375000,安徽,6a03df400000000036018012,那我可太牛了，从小到大都拼命努力绝不让外界熄灭心里的光[心花烂漫unlock]三十多了，光还在,5fa6a0d3000000000101d944,90再改名,https://sns-avatar-qc.xhscdn.com/avatar/1040g2jo319oqr3ii7c005nt6k39gbma445or3o8?imageView2/2/w/120/format/jpg,0,,0,1780042603410,3
6a0487d6000000002900c087,1778681814000,云南,6a03df400000000036018012,我可以随心所欲的想买别墅，我可以随心所欲的全世界各地旅居,5bcacc0a54696600016f401c,小乔大王到处玩😎,https://sns-avatar-qc.xhscdn.com/avatar/1040g2jo31tsum4aqmu004bhk4c60kg0sdd2j92o?imageView2/2/w/120/format/jpg,0,,0,1780042606606,2
6a06a0d2000000002701c8d0,1778819283000,山东,6a03df400000000036018012,评论区好像都理解成了许愿，愿望就会成真。但是，我感觉这不是作者帖子的意思。这里的意思在于，把模糊的想法清晰化，注意力就有了投放聚焦，有的放矢。,61a472ca0000000021029a8f,生活提案,https://sns-avatar-qc.xhscdn.com/avatar/7121a416be8e543266fd62c1cc9d575e.jpg?imageView2/2/w/120/format/jpg,0,,0,1780042606623,3
6a048792000000002702aedc,1778681747000,四川,6a03df400000000036018012,每天被自己美醒,5a9377bc4eacab62c982e156,试试就诗诗,https://sns-avatar-qc.xhscdn.com/avatar/1040g2jo31us392tq1m5g4a2g44rrpoammhe6ok8?imageView2/2/w/120/format/jpg,1,,0,1780042606641,3
6a0434be000000002902e077,1778660543000,湖南,6a03df400000000036018012,我真的很好，40岁真好,68ee2c3a000000003702b9c1,且放白鹿青崖间,https://sns-avatar-qc.xhscdn.com/avatar/1040g2jo31vun5uivia6g5q7e5gtdtee1a4i250o?imageView2/2/w/120/format/jpg,1,,0,1780042606666,6
6a045341000000002a033290,1778668354000,重庆,6a03df400000000036018012,我财运超级好,6839744a000000001d0169b7,S uccuba,https://sns-avatar-qc.xhscdn.com/avatar/1040g2jo31ii457a9ga6g5q1peh57aqdnimhu0n8?imageView2/2/w/120/format/jpg,0,,0,1780042606673,2
6a0889a4000000000d021801,1778944421000,英国,6a03df400000000036018012,我会通过accounting&finance考试的！顺利大学毕业！,5c66b31a0000000012030561,Patricklh420,https://sns-avatar-qc.xhscdn.com/avatar/642cb2bdec2be016c1cdc6e8.jpg?imageView2/2/w/120/format/jpg,0,,0,1780042606675,0
6a0945e8000000002701eb7b,1778992617000,浙江,6a03df400000000036018012,真的，如果一直想的话，就是一团迷雾。但是如果你把它分析，拆开成具体的感受或者事项的话，一下子就清晰了，就能找到方向要怎么去做,6842e4e0000000001b01b298,这里是「阿倩」,https://sns-avatar-qc.xhscdn.com/avatar/1040g2jo320lpjg77li6g5q22sjg6rckofsmjej8?imageView2/2/w/120/format/jpg,0,,0,1780042606676,0
6a12d9b0000000002702b572,1779620272000,重庆,6a03df400000000036018012,我可以随心所欲买衣服买榴莲,5d1f57a9000000001001e740,我来接你回家啦,https://sns-avatar-qc.xhscdn.com/avatar/1040g2jo320o8pbtqle005n8vaukk3pq0nggvl7g?imageView2/2/w/120/format/jpg,0,,0,1780042606678,0
6a09789b0000000028008fea,1779005595000,安徽,6a03df400000000036018012,我可以随心所欲的买车子房子衣服包包到处旅游,556c0b89f5a263477d2bcaad,波妞,https://sns-avatar-qc.xhscdn.com/avatar/6141c44ec0514ed44f3dd2cb.jpg?imageView2/2/w/120/format/jpg,0,,0,1780042606680,0
6a048277000000002701d243,1778680439000,四川,6a03df400000000036018012,喜欢我具体的烦恼可以,5f3186e20000000001000ad9,女性自我成长指南,https://sns-avatar-qc.xhscdn.com/avatar/1040g2jo31fb9pe5f5u5g5nphgrh082mpt0u99b0?imageView2/2/w/120/format/jpg,1,,0,1780042606682,0
6a042e1c0000000021011b95,1778658845000,江苏,6a03df400000000036018012,快乐 简单 纯粹,60dbd1c20000000020029bf1,清心,https://sns-avatar-qc.xhscdn.com/avatar/60dbd4fa5a6b3d53a376aa84.jpg?imageView2/2/w/120/format/jpg,1,,0,1780042609999,3
6a047021000000002a005cba,1778675746000,江西,6a03df400000000036018012,我可以有想买什么就能不犹豫迅速下单的能力,680f8e4d000000000a03fcdc,Liora,https://sns-avatar-qc.xhscdn.com/avatar/1040g2jo31qlquk1s7g0g5q0fhp6inv6sfmbe24g?imageView2/2/w/120/format/jpg,0,,0,1780042610006,2
6a042f54000000002702bc33,1778659156000,山西,6a03df400000000036018012,我想中个100万彩票,6898dde90000000028014e7d,岁岁安,https://sns-avatar-qc.xhscdn.com/avatar/1040g2jo31nhrlngnkq6g5q4ornkq2jjt3qkqpbo?imageView2/2/w/120/format/jpg,1,,0,1780042610006,1
6a05bf12000000002b029a5d,1778761490000,河南,6a03df400000000036018012,“我是被生活彻底宠坏的女人。邱若韬非我不可，我幸福快乐，我很有钱。,67a0bc56000000000d00a35a,momo,https://sns-avatar-qc.xhscdn.com/avatar/1040g2jo31pfirpvd3c6g5pt0nhb398qqp037840?imageView2/2/w/120/format/jpg,0,,0,1780042610009,0
6a0edb740000000029024779,1779358581000,天津,6a03df400000000036018012,我会买到一个靠近堆山公园的160平以上附带阁楼的大平层，小区环境优雅静谧，早上可以看朝阳下午可以看夕阳，交通生活都非常便捷。,5ba87e62f2175f00016ceec1,五月🦋,https://sns-avatar-qc.xhscdn.com/avatar/644a138add18c6c67a011c85.jpg?imageView2/2/w/120/format/jpg,0,,0,1780042610013,0
6a074b11000000002803d2d3,1778862865000,江苏,6a03df400000000036018012,我超级幸运,5592414ef5a2630b5d9d7b90,松柏木,https://sns-avatar-qc.xhscdn.com/avatar/1040g2jo31u7ljqs62q6g40t6lm0ksusg90d4fg8?imageView2/2/w/120/format/jpg,1,,0,1780042610017,0
6a13a328000000002902ee26,1779671848000,上海,6a03df400000000036018012,我会越来越幸福的！,564d35e803eb84563ffc4795,小毛头不二,https://sns-avatar-qc.xhscdn.com/avatar/1040g2jo31gjunsrl3u4g42jhgrqughslqqhq7jo?imageView2/2/w/120/format/jpg,0,,0,1780042610022,0
6a0eceda0000000029036f39,1779355355000,广东,6a03df400000000036018012,我会超级幸福2026！和以后！！[合十R][合十R],5adb629e4eacab77e2ab564f,西西,https://sns-avatar-qc.xhscdn.com/avatar/5adb62edd2c8a537a745728a.jpg?imageView2/2/w/120/format/jpg,0,,0,1780042610023,0
6a0fbd81000000002701eb92,1779416450000,河南,6a03df400000000036018012,关注什么就吸引什么,69dcd73d000000003402ec70,小余的修心之旅,https://sns-avatar-qc.xhscdn.com/avatar/1040g2jo31v6ff9gt40005qesqsut5r3g6tm2qsg?imageView2/2/w/120/format/jpg,0,,0,1780042610025,0
6a043ebf000000002702fabe,1778663103000,广东,6a03df400000000036018012,仓吉造字鬼神泣，因为文字就是有能量的,5aeeedbee8ac2b70df1f8694,阅微小姐,https://sns-avatar-qc.xhscdn.com/avatar/1040g2jo31ittg7fp0s6g4a53mgmrt1kkeer75rg?imageView2/2/w/120/format/jpg,0,,0,1780042610026,2
6a0429860000000027015aff,1778657671000,河北,6a03df400000000036018012,你好，我是发大财[飞吻R],5f4b5854000000000101c691,pico,https://sns-avatar-qc.xhscdn.com/avatar/1040g2jo31uo2tnsu1u0g5nqbb1a0bhkhirv2g38?imageView2/2/w/120/format/jpg,1,,0,1780042613258,3
6a04881d00000000270293b8,1778681886000,辽宁,6a03df400000000036018012,我很美，我很幸福，我最快乐，我拥有一座花园别墅，有司机接送，有稳定的工作，非常好的人缘，处处遇到和蔼温柔的人，随时都能遇到贵人，被这个世界温柔以待。,69d5ffc5000000003203754c,Phoenix,https://sns-avatar-qc.xhscdn.com/avatar/1040g2jo320m03ocpli605qelvv2smtaco6vnjpo?imageView2/2/w/120/format/jpg,1,,0,1780042613273,1
6a03ed41000000002702f108,1778642242000,山东,6a03df400000000036018012,心想事成,5b5adc5e4eacab5e7a681885,憬憬,https://sns-avatar-qc.xhscdn.com/avatar/1040g2jo30r3e65a81c004a7it9e5s645n7ad8co?imageView2/2/w/120/format/jpg,1,,0,1780042613277,0
6a0efbba000000002900ddf1,1779366843000,上海,6a03df400000000036018012,拿到最满意的offer了！！！！我太牛了,6651d8f0000000000303341e,HAINI好开心,https://sns-avatar-qc.xhscdn.com/avatar/1040g2jo31nqm2jhg6g005pihr3o0ud0ufosgn0o?imageView2/2/w/120/format/jpg,0,,0,1780042613278,0
6a087b74000000002702d13e,1778940788000,广东,6a03df400000000036018012,我今年一定会调到一个清闲无压力的新单位工作,5add8e6b11be10657de3220a,幸运不期而遇,https://sns-avatar-qc.xhscdn.com/avatar/1040g2jo320bducd25k004a4on076m8gal79brb8?imageView2/2/w/120/format/jpg,0,,0,1780042613282,0
6a0422560000000028008c86,1778655830000,湖南,6a03df400000000036018012,啊？你好，我dreams come true。[飞吻R],5b40aee0db2e606b72d92774,beon seu*(好运2026版),https://sns-avatar-qc.xhscdn.com/avatar/1040g2jo31regg3bemu6g4a6u9cne09rkgjp7qpg?imageView2/2/w/120/format/jpg,1,,0,1780042613289,0
6a04ff0a000000002702fa87,1778712331000,云南,6a03df400000000036018012,我可以财富自由，随心所欲的去世界上任何我想去的地方生活，我有让自己和家人幸福快乐的能力。并且一定能遇上精神、生活都完美适配的爱人。,5b88911d246471000117a62a,春小麦,https://sns-avatar-qc.xhscdn.com/avatar/1040g2jo31p3t6tsvi8004aml5k8hr9haukfqb9g?imageView2/2/w/120/format/jpg,0,,0,1780042613292,0
6a0f83db000000002702e35f,1779401692000,新疆,6a03df400000000036018012,我超级好命[派对R][派对R][派对R],6465e64e000000001f03257a,屁里带毒崩谁谁无,https://sns-avatar-qc.xhscdn.com/avatar/1040g2jo31plrk95s3q005p35sp77u9bq02s3g1o?imageView2/2/w/120/format/jpg,0,,0,1780042613295,0
6a06508200000000290259ec,1778798723000,辽宁,6a03df400000000036018012,我今年就拥有能买车买房的金钱,63f20dfc000000001001fd48,1y,https://sns-avatar-qc.xhscdn.com/avatar/1040g2jo31kqcfah52u0g5ovi1nu43va8iplo0i0?imageView2/2/w/120/format/jpg,1,,0,1780042613300,0
6a0476e80000000028030d48,1778677481000,北京,6a03df400000000036018012,我超级美！,5742a33682ec3910606407c1,宇宙无敌优雅美丽铜墙铁壁四季豆,https://sns-avatar-qc.xhscdn.com/avatar/1040g2jo31t76arb95m0048cf5uhjc1u1bdjusp0?imageView2/2/w/120/format/jpg,1,,0,1780042613304,1
6a095526000000002900cbe0,1778996518000,四川,6a03df400000000036018012,随喜赞叹：看见即世界,5c7bc4f70000000018006c7f,Squib.,https://sns-avatar-qc.xhscdn.com/avatar/ae351b5abc78ae2e8d79998354db8440.jpg?imageView2/2/w/120/format/jpg,0,,0,1780042616516,0
6a0407600000000027022399,1778648929000,澳大利亚,6a03df400000000036018012,因为真的存在,5a8923d94eacab0f6d95f2b2,白沙在地人bia熙,https://sns-avatar-qc.xhscdn.com/avatar/1040g2jo30ql453bige6g4a1it2htjsliobmh9jo?imageView2/2/w/120/format/jpg,1,,0,1780042616520,1
6a107cfd00000000290104fd,1779465469000,四川,6a03df400000000036018012,我特别有钱,5803864350c4b47a25b44718,Yukiii,https://sns-avatar-qc.xhscdn.com/avatar/1040g2jo317jm25ijk60048pi5r346hoo0ueb18o?imageView2/2/w/120/format/jpg,0,,0,1780042616520,0
6a056058000000002702e31b,1778737240000,黑龙江,6a03df400000000036018012,孙悟空：我叫你一声你敢答应吗？,618c9482000000001000fd55,摘下满天星,https://sns-avatar-qc.xhscdn.com/avatar/1040g2jo31q07i7t2746g5occii141valonbjq9g?imageView2/2/w/120/format/jpg,0,,0,1780042616520,0
6a11b452000000002800a1cc,1779545170000,内蒙古,6a03df400000000036018012,我相信 朋友借我的钱一定会给我还回来的。,5a8543e5e8ac2b2d12359e17,菁菁,https://sns-avatar-qc.xhscdn.com/avatar/640dda8d609ee59967b686df.jpg?imageView2/2/w/120/format/jpg,0,,0,1780042616525,0
6a042aa9000000002803bd61,1778657961000,韩国,6a03df400000000036018012,心想事成，感谢分享,5a8ec55ce8ac2b7991f47433,吃烤肉吗,https://sns-avatar-qc.xhscdn.com/avatar/1040g2jo31p96aiecig004a1men2lot1jta1uts0?imageView2/2/w/120/format/jpg,1,,0,1780042616527,0
6a04b3890000000028036fcf,1778693002000,江西,6a03df400000000036018012,我这次肯定会高分通过英语四级,6197bdcb000000001000477a,麻辣毛蛋🔥,https://sns-avatar-qc.xhscdn.com/avatar/1040g2jo320acclejls005ocnnn5k0hrqiis1bu8?imageView2/2/w/120/format/jpg,1,,0,1780042616531,0
6a0c4e840000000028037ac0,1779191428000,广东,6a03df400000000036018012,我会超级幸福2026！和以后！！,5b9ae225acffcf0001dcf761,念_,https://sns-avatar-qc.xhscdn.com/avatar/63f802b25cf2aaee776d54b6.jpg?imageView2/2/w/120/format/jpg,0,,0,1780042616535,0
6a0fd924000000002701f628,1779423524000,湖南,6a03df400000000036018012,我一定会尽早赚大钱！实现自由！,67c93936000000000e01dcd0,向右前方上坡,https://sns-avatar-qc.xhscdn.com/avatar/1040g2jo31u4eekar1s005pu974r3jn6gnddqo7o?imageView2/2/w/120/format/jpg,0,,0,1780042616537,0
6a0402b9000000000d021c00,1778647738000,加拿大,6a03df400000000036018012,心想事成,597596685e87e72cbd2a5ec4,summer time夏天,https://sns-avatar-qc.xhscdn.com/avatar/1040g2jo3201tge1n2m0049mmpeb6gnm4969o1fg?imageView2/2/w/120/format/jpg,1,,0,1780042616538,0
6a1562ae000000002b0263dc,1779786414000,上海,6a03df400000000036018012,我可以拿到那个offer🙏,66ebef51000000001d0208ed,momo,https://sns-avatar-qc.xhscdn.com/avatar/1040g2jo31vcj5fli2q005pnbtt8nc27d12b7hv0?imageView2/2/w/120/format/jpg,0,,0,1780042619931,0
6a0d508b000000002702f674,1779257483000,山东,6a03df400000000036018012,因为我只能给你发一条私信 所以只能评论一下 好像有人抄袭你了,5b3e1d554eacab25a2b5e37e,爱吃香菜（许嵩见过版）,https://sns-avatar-qc.xhscdn.com/avatar/1040g2jo31mvo3b6lks004a6scpelborubnrgn3o?imageView2/2/w/120/format/jpg,0,,0,1780042619931,0
6a041624000000002b0253e5,1778652709000,广东,6a03df400000000036018012,谢谢大数据的推送让我看见。,5a785e6711be104912ac1533,一位靓仔😆,https://sns-avatar-qc.xhscdn.com/avatar/63bd1dbd9c088b1a1d966f02.jpg?imageView2/2/w/120/format/jpg,1,,0,1780042619936,0
6a045a81000000002901a944,1778670210000,河南,6a03df400000000036018012,我真的[笑哭R]我潜意识觉得自己未来是个有钱人,5e2c213f00000000010016af,我会发财♥,https://sns-avatar-qc.xhscdn.com/avatar/1040g2jo30oqasijs3i5g5nhc44vg85lfh4fidcg?imageView2/2/w/120/format/jpg,0,,0,1780042619936,0
6a04518f000000002702dcc1,1778667919000,浙江,6a03df400000000036018012,人恐惧的只有未知 当你能说得出 恐惧就不存在了,5837ed766a6a69402b2a4894,小圆圆大调皮,https://sns-avatar-qc.xhscdn.com/avatar/1040g2jo30pef961a460048ssclmnci4kq84a8pg?imageView2/2/w/120/format/jpg,0,,0,1780042619939,0
6a09b9af000000002800b1af,1779022255000,湖南,6a03df400000000036018012,我超级幸运,637b26b1000000001f01d480,O泡果奶,https://sns-avatar-qc.xhscdn.com/avatar/1040g2jo31mvvmg80l2005orr4qonrl40vmid5ro?imageView2/2/w/120/format/jpg,0,,0,1780042619940,0
6a0431a8000000002b02569f,1778659753000,重庆,6a03df400000000036018012,随喜赞叹[玫瑰R],66bdb338000000001d0204b2,青苹果不涩🍏,https://sns-avatar-qc.xhscdn.com/avatar/1040g2jo31bgehbh60s5g5pltmcs7c15ieuq6258?imageView2/2/w/120/format/jpg,1,,0,1780042619941,3
6a10462e000000002803e29f,1779451438000,江苏,6a03df400000000036018012,我永远不缺钱花 身体健康 好运满满,5c7e8952000000001002bd8c,橘子海,https://sns-avatar-qc.xhscdn.com/avatar/1040g2jo31vo0i57q2q005n3uh5945fccrgtticg?imageView2/2/w/120/format/jpg,0,,0,1780042619943,0
6a03f122000000002b002471,1778643235000,山东,6a03df400000000036018012,谢谢你的分享哦！,669497e6000000000f035ac3,Naturely,https://sns-avatar-qc.xhscdn.com/avatar/1040g2jo31uvormso2i6g5pkkivj3umm3qu217no?imageView2/2/w/120/format/jpg,1,,0,1780042619943,0
6a045b790000000028031b79,1778670458000,中国台湾,6a03df400000000036018012,謝謝寶[飞吻R],626f6ece0000000021022895,你看，愛是一件多美好的事啊,https://sns-avatar-qc.xhscdn.com/avatar/1040g2jo31rjccuq4im605ojfdr78ca4llsnhfco?imageView2/2/w/120/format/jpg,1,,0,1780042619945,0
6a0430ea000000002900f145,1778659563000,广东,6a03df400000000036018012,我中100万彩票,6026553b000000000101e593,biubiubiu,https://sns-avatar-qc.xhscdn.com/avatar/6026553b000000000101e593.jpg?imageView2/2/w/120/format/jpg,0,,0,1780042623214,4
6a0da90700000000290125ab,1779280135000,福建,6a03df400000000036018012,心想事成,556ee886c2bdeb4a1d363804,momo,https://sns-avatar-qc.xhscdn.com/avatar/1040g2jo315mgonbpio0040np40k8ce043dunqd8?imageView2/2/w/120/format/jpg,0,,0,1780042623222,0
6a14efad0000000027021129,1779756974000,广东,6a03df400000000036018012,我的宝宝健健康康平平安安出生，我们一家身体健康顺心如意，老公事业顺利[福R][福R][福R],60a9bba50000000001007745,11（减肥版,https://sns-avatar-qc.xhscdn.com/avatar/1040g2jo31b0auhsgmo005o59neig8tq5nat0v00?imageView2/2/w/120/format/jpg,0,,0,1780042623222,0
6a08640f000000002701fc09,1778934800000,福建,6a03df400000000036018012,我一定能顺利通过教招考试，成功上岸[合十R][合十R][合十R],61d3d762000000001f03d42a,此刻是春天,https://sns-avatar-qc.xhscdn.com/avatar/1040g2jo31v4ouhedju6g5oejqth7vl1a9ku9nao?imageView2/2/w/120/format/jpg,0,,0,1780042623222,0
6a0823d6000000002803b6c4,1778918358000,湖南,6a03df400000000036018012,我可以随心所欲买大g,5c1f37ba0000000006028c17,财运小猫（养基版）,https://sns-avatar-qc.xhscdn.com/avatar/1040g2jo31o7f3eoalm005n0v6ut1l30nlacahpo?imageView2/2/w/120/format/jpg,0,,0,1780042623227,1
6a08057a000000002b02781d,1778910586000,山东,6a03df400000000036018012,我这个月业绩轻松超过50万,644ea71b000000001400c915,流量密码,https://sns-avatar-qc.xhscdn.com/avatar/1040g2jo31mnme8ee6m5g5p2eksdl1i8lka08t6g?imageView2/2/w/120/format/jpg,0,,0,1780042623228,0
6a07c5030000000023002f7a,1778894084000,山东,6a03df400000000036018012,我的小红书一定可以做起来！,59b2b3445e87e70a855492a5,多米地🏠（软装ing),https://sns-avatar-qc.xhscdn.com/avatar/65d4a19538e35fb835888bca.jpg?imageView2/2/w/120/format/jpg,0,,0,1780042623231,0
6a079631000000000d022c00,1778882097000,日本,6a03df400000000036018012,我真的很好，54岁的自己真好,5e6c867a0000000001003f51,🍀,https://sns-avatar-qc.xhscdn.com/avatar/1040g2jo31bofq6rs0e005njcgpt08fqhf9qdn5o?imageView2/2/w/120/format/jpg,0,,0,1780042623233,0
6a077d11000000002702e178,1778875666000,福建,6a03df400000000036018012,我可以随心所欲买保时捷,66d58978000000000b03370e,无敌幸运星.,https://sns-avatar-qc.xhscdn.com/avatar/1040g2jo3200ppifm1m005pmlh5s2udoe45anul8?imageView2/2/w/120/format/jpg,0,,0,1780042623234,0
6a076b17000000002a0068a8,1778871063000,广西,6a03df400000000036018012,我的身体完全不痒了，而且很健康，出汗也不会闷的很难受,5e7afcac0000000001008991,小日啊,https://sns-avatar-qc.xhscdn.com/avatar/1040g2jo31ollkqvcgg5g5njqvim092chj6jols0?imageView2/2/w/120/format/jpg,0,,0,1780042623236,0
6a0768e000000000270165cd,1778870496000,河北,6a03df400000000036018012,你已经领悟了很多显化人都找不到的道理，就是站在终点身份，坚定自己已经拥有而非许愿。如果你对这方面感兴趣，推荐你可以去了解一下显化，它很有趣。我感觉也是真的给我带来了很多意想不到的变化和收获,6603bede000000000b00e736,NaBi,https://sns-avatar-qc.xhscdn.com/avatar/6921cb2c88fd7b85e2eeaede.jpg?imageView2/2/w/120/format/jpg,0,,0,1780042626509,0
6a07454c000000002702a511,1778861389000,陕西,6a03df400000000036018012,我可以如愿以偿地上吉林大学法学系,678f17b20000000008014cd1,涩语心事,https://sns-avatar-qc.xhscdn.com/avatar/1040g2jo31dbri51vge605psf2up22j6hc4s8h68?imageView2/2/w/120/format/jpg,0,,0,1780042626517,0
6a07418c000000002902c2e6,1778860429000,山东,6a03df400000000036018012,我们全家人都会因为宝宝的到来变得幸福又富足，我的工作会愉快又自由，有足够的精力和金钱陪伴宝宝成长，给他快乐又富裕的生活,5c695493000000001202ef75,木木蕃,https://sns-avatar-qc.xhscdn.com/avatar/1040g2jo31u169c7i7e6g5n39ai9klrrlljdfhc8?imageView2/2/w/120/format/jpg,0,,0,1780042626517,0
6a073fb2000000002a032868,1778859955000,浙江,6a03df400000000036018012,@问一问 具体怎么说,5b4f3efe11be10421f45ddd3,Plmm 卫卫吖,https://sns-avatar-qc.xhscdn.com/avatar/1040g2jo31mcdi8mc68004a78tjvftnejog58se8?imageView2/2/w/120/format/jpg,1,,0,1780042626517,0
6a06cf2c000000002800b589,1778831148000,内蒙古,6a03df400000000036018012,我可以随心所欲地花钱，没有任何债务，非常轻松愉悦地生活,6551af8c0000000002029dc7,momo,https://sns-avatar-qc.xhscdn.com/avatar/1040g2jo31kbna1q6jq605pahlu60l7e7b6vn9e0?imageView2/2/w/120/format/jpg,0,,0,1780042626523,1
6a06ce050000000029011a41,1778830853000,浙江,6a03df400000000036018012,我要我爱的人也爱我,5f18ec28000000000101cd12,寂静欢喜,https://sns-avatar-qc.xhscdn.com/avatar/5f18ec28000000000101cd12.jpg?imageView2/2/w/120/format/jpg,0,,0,1780042626524,1
6a06c58a000000002701c727,1778828683000,陕西,6a03df400000000036018012,我肯定能财富自由，人生顺利，长命百岁，健康幸福[赞R],556995195894461d11ed8835,嘎嘎老婆,https://sns-avatar-qc.xhscdn.com/avatar/1040g2jo31tqpfdtn6o0040nb8lahj21lhrp980g?imageView2/2/w/120/format/jpg,0,,0,1780042626525,1
6a06b54e00000000290344ac,1778824527000,浙江,6a03df400000000036018012,我是富婆，每个人都给我送钱[飞吻R],57510ab9bd0da53642531889,晴天的清醒成长录,https://sns-avatar-qc.xhscdn.com/avatar/1040g2jo31qf4kv1t0a6g48dkh85bi649hucusqo?imageView2/2/w/120/format/jpg,0,,0,1780042626527,0
6a06b2e7000000002902de15,1778823911000,安徽,6a03df400000000036018012,我可以拥有一套自己的小房子,56d11792aed7585177ed4a23,老坛酸菜,https://sns-avatar-qc.xhscdn.com/avatar/1040g2jo31vgodl4pig00463bsbbp4ih3h9s5ifo?imageView2/2/w/120/format/jpg,0,,0,1780042626529,0
6a06ab1e000000002902cce9,1778821918000,浙江,6a03df400000000036018012,我想今年能有20w的存款,5fc82fa2000000000100017c,李李富婆,https://sns-avatar-qc.xhscdn.com/avatar/641b888a6f09d51f9d082f51.jpg?imageView2/2/w/120/format/jpg,0,,0,1780042626532,0
6a1503cb000000002902f3a2,1779762123000,广东,686f2573000000002201f9ac,今天悠闲， 来几个人褂蒜,69fc107a0000000002002003,月明,https://sns-avatar-qc.xhscdn.com/avatar/1040g2jo32003kp233q6g5qfs21t0g803q7ke1c0?imageView2/2/w/120/format/jpg,4,,0,1780042631829,1
6876084c000000000401b138,1752565836000,江西,686f2573000000002201f9ac,内衣挂哪里，厕所吗？不能见光吗？,5b4d7d2a11be107860145f68,小巫女,https://sns-avatar-qc.xhscdn.com/avatar/d784fc20c996f3d2f39d034c404f234e.jpg?imageView2/2/w/120/format/jpg,2,,0,1780042631833,31
688d0a3e000000002902a5bf,1754073662000,广东,686f2573000000002201f9ac,11 是啥意思啊,5b84060a45ca170001f9049b,花花baby,https://sns-avatar-qc.xhscdn.com/avatar/1040g2jo31ri6ihbd7g004aks9s30k14rsddc7jo?imageView2/2/w/120/format/jpg,2,,0,1780042631833,0
68709dc6000000000c0266e5,1752210886000,河北,686f2573000000002201f9ac,第九条啥意思？,5f59629c000000000100443d,小糯米,https://sns-avatar-qc.xhscdn.com/avatar/1040g2jo31mrl0h9rmm005nqpcae08h1tfubmd5g?imageView2/2/w/120/format/jpg,1,,0,1780042631833,0
686f6db100000000040159f4,1752133041000,浙江,686f2573000000002201f9ac,我认识一对夫妻，无性，但彼此相互尊重了一辈子,59ad17855e87e77b6a3194f8,芽,https://sns-avatar-qc.xhscdn.com/avatar/62468c761aee6ebe021318bf.jpg?imageView2/2/w/120/format/jpg,2,,0,1780042631846,10
6873f3c10000000004014243,1752429506000,广西,686f2573000000002201f9ac,第11条有什么说法？,624de49b000000001000cb21,BOURNE,https://sns-avatar-qc.xhscdn.com/avatar/1040g2jo31tnjcjk27e005oidsidk1ip10linfgg?imageView2/2/w/120/format/jpg,0,,0,1780042631846,0
6a057393000000002100c860,1778742163000,甘肃,686f2573000000002201f9ac,祖辈传.下三代底蕴，日常随性随缘看看，其他顺其自然便足矣[kissR],680375ba000000000e01f7cc,国学素素,https://sns-avatar-qc.xhscdn.com/avatar/1040g2jo3204ougt2l4005q03emt3jtucdf195do?imageView2/2/w/120/format/jpg,0,,0,1780042631856,0
6890b4a8000000002a019cab,1754313897000,河南,686f2573000000002201f9ac,前5句有用,5f4c992100000000010015ee,ASTRAL,https://sns-avatar-qc.xhscdn.com/avatar/63085bb51b0ae1e4a0314e97.jpg?imageView2/2/w/120/format/jpg,0,,0,1780042631862,0
686fbde4000000000602e779,1752153573000,中国香港,686f2573000000002201f9ac,11 why,62c24cfe0000000019028d57,想找個PMor,https://sns-avatar-qc.xhscdn.com/avatar/1040g2jo31tn1rfmcmq6g5om29jv6d3anom5q7ng?imageView2/2/w/120/format/jpg,0,,0,1780042631871,1
688f4ace000000002b004f92,1754221263000,北京,686f2573000000002201f9ac,终于刷到啦,68380b5b000000001e009ae6,啥时候能放假,https://sns-avatar-qc.xhscdn.com/avatar/1040g2jo31i2dls5f7a6g5q1o1ddnh6n6f1q2m9g?imageView2/2/w/120/format/jpg,0,,0,1780042631875,0
6893301a000000002a00d51d,1754476571000,浙江,686f2573000000002201f9ac,为啥老婆爱老公会脾气很大[汗颜R][汗颜R][汗颜R],5f03cd2f00000000010052e2,久年沉默人心冷,https://sns-avatar-qc.xhscdn.com/avatar/5f03cd95218ab700011302c5.jpg?imageView2/2/w/120/format/jpg,0,,0,1780042635082,0
6892fb83000000002b00612d,1754463108000,江苏,686f2573000000002201f9ac,为什么不能拍全家福[捂脸R],575d45233460940c94c348b2,anzai717,https://sns-avatar-qc.xhscdn.com/avatar/1040g2jo31dlsion2gk0048g72t2i6i5iva6t21o?imageView2/2/w/120/format/jpg,0,,0,1780042635088,0
688f8f81000000002903c310,1754238850000,江西,686f2573000000002201f9ac,冰箱不能对厨房？,5aaa62474eacab525f0c8545,🍑,https://sns-avatar-qc.xhscdn.com/avatar/642c38274ef8d506a8e622e6.jpg?imageView2/2/w/120/format/jpg,0,,0,1780042635091,1
6a12524d000000002b003b04,1779585615000,山东,686f2573000000002201f9ac,谷 多 多 免 费,589552ac5e87e71c1f71324c,PrettyMissT_,https://sns-avatar-qc.xhscdn.com/avatar/1040g2jo31pdjt6qt3c00493idq9aocici5uggt8?imageView2/2/w/120/format/jpg,0,http://sns-webpic-qc.xhscdn.com/202605291617/087a827427e37be6f1088ce38bd9015f/comment/1040g4b8320hgh6ln6ebg493idq9aocic1loke98!nd_whgt34_webp_wm_1,0,1780042635098,0
687f11c2000000001a02bf03,1753158083000,广东,686f2573000000002201f9ac,够扯，就算按上面的做来,64f9e0b4000000000200d8f9,三更探秘,https://sns-avatar-qc.xhscdn.com/avatar/1040g2jo31olq4hil063g5p7ps2q0hm7pmqg5ap0?imageView2/2/w/120/format/jpg,0,,0,1780042635105,0
6877848b000000001102d143,1752663180000,陕西,686f2573000000002201f9ac,啥乱七八糟的毒鸡汤,65f47690000000000500db92,尘埃落定,https://sns-avatar-qc.xhscdn.com/avatar/645b7e90e29f7d0acadad8aa.jpg?imageView2/2/w/120/format/jpg,0,,0,1780042635107,1
688ff9ff000000002903d41f,1754266112000,广东,686f2573000000002201f9ac,保持乐观才是正道，多接触正能量的人和事,5eaffdae0000000001007aa1,招财一个亿,https://sns-avatar-qc.xhscdn.com/avatar/1040g2jo31kakpb69ia005nlfvmn08ul1jb78b0g?imageView2/2/w/120/format/jpg,0,,0,1780042635109,0
688ecd440000000029029807,1754189125000,河南,686f2573000000002201f9ac,都是至理名言啦，就这个干货够我吸收个把月的，你分享的很管用，醍醐灌顶,67c1665a000000000601dc6c,自信女生养生计划,https://sns-avatar-qc.xhscdn.com/avatar/1040g2jo31ioe8kuv14005pu1cpd1jn3c0s4fp6g?imageView2/2/w/120/format/jpg,0,,0,1780042635115,1
688f419d000000002a00056c,1754218910000,辽宁,686f2573000000002201f9ac,冰箱门对着灶台很正常啊,5d95f5b5000000000100bcf8,冬喜,https://sns-avatar-qc.xhscdn.com/avatar/5d95f5b5000000000100bcf8.jpg?imageView2/2/w/120/format/jpg,0,,0,1780042635116,0
688ddcd0000000002903866e,1754127569000,河南,686f2573000000002201f9ac,无性婚姻啥意思,60fd405a00000000010032e7,予v数码,https://sns-avatar-qc.xhscdn.com/avatar/1040g2jo31vlca4akjq005o7t81d08cn7vhi3d20?imageView2/2/w/120/format/jpg,0,,0,1780042635118,0
6893daa30000000029025cb3,1754520227000,吉林,686f2573000000002201f9ac,我就不想拍全家福,561a63f8b7ba224ac97bd13e,太阳冰淇淋,https://sns-avatar-qc.xhscdn.com/avatar/1040g2jo31isogj2m1a0g41fvmmhvhk9u5bgtdc0?imageView2/2/w/120/format/jpg,0,,0,1780042638938,0
687709e90000000015002cbd,1752631785000,江苏,686f2573000000002201f9ac,全家福那条什么意思[害羞R],612a0274000000000100504a,苏璞,https://sns-avatar-qc.xhscdn.com/avatar/1040g2jo31rkm4cei2a605o9a09q08k2avde3mv8?imageView2/2/w/120/format/jpg,0,,0,1780042639022,0
686fc11600000000060053cb,1752154390000,内蒙古,686f2573000000002201f9ac,11是什么意思,5a1be0f94eacab3c4764cdfb,苏苏,https://sns-avatar-qc.xhscdn.com/avatar/1040g2jo31hs9c65b426g49vu96gfjjfrvnfj45o?imageView2/2/w/120/format/jpg,0,,0,1780042639025,0
688d07a7000000002b02109b,1754072999000,江苏,686f2573000000002201f9ac,请问我这个名字怎么样？我喜金水,6114b14f0000000001000e2e,大顺顺ds 🌾,https://sns-avatar-qc.xhscdn.com/avatar/1040g2jo31jjj304k30005o8km57g83he34d4vjg?imageView2/2/w/120/format/jpg,0,,0,1780042639030,0
6871579c0000000004017106,1752258461000,广东,686f2573000000002201f9ac,百无禁忌,61619e3a0000000002022932,💤,https://sns-avatar-qc.xhscdn.com/avatar/1040g2jo31ml3fkcumm5g5ob1jot0ka9ihsuj19o?imageView2/2/w/120/format/jpg,0,,0,1780042639032,1
687cd644000000001a0288ad,1753011781000,北京,686f2573000000002201f9ac,同问全家福是什么意思啊,57f9e6b734609447f23fdf20,德善和阿泽,https://sns-avatar-qc.xhscdn.com/avatar/1040g2jo31t1edliq5k0048ofq4jbfnp0c42cqoo?imageView2/2/w/120/format/jpg,0,,0,1780042639033,1
6873cae3000000000c024903,1752419043000,江苏,686f2573000000002201f9ac,远离一切让你内耗的人和事，学会及时止损，开心最重要。,5a6af18ce8ac2b1f54713456,biubiubiu～,https://sns-avatar-qc.xhscdn.com/avatar/1040g2jo31b3l1jca7e004a13dmoood2m34bj598?imageView2/2/w/120/format/jpg,0,,0,1780042639036,4
6891078d000000002a01b3f5,1754335117000,广东,686f2573000000002201f9ac,我睡了半年啦，没见改运啊,61338063000000000201f666,芝士酱大人🧀🥫,https://sns-avatar-qc.xhscdn.com/avatar/1040g2jo31tl9koki6i505o9jg1hgjtj672qprko?imageView2/2/w/120/format/jpg,0,,0,1780042639038,1
687ba251000000001b03d937,1752932945000,天津,686f2573000000002201f9ac,不把冰箱门对外边 我对墙上,5dd62c500000000001005c70,kkkkkk,https://sns-avatar-qc.xhscdn.com/avatar/5dd62c500000000001005c70.jpg?imageView2/2/w/120/format/jpg,0,,0,1780042639039,3
686f3159000000000a034a2a,1752117594000,江苏,686f2573000000002201f9ac,内衣应该挂在脑门上是吧,596ca0de6a6a697f1123235d,金锦鲤,https://sns-avatar-qc.xhscdn.com/avatar/1040g2jo31qjeegh17u0049m904gds8qtao7mtmo?imageView2/2/w/120/format/jpg,0,,0,1780042639040,49
68716d0c00000000110189ba,1752263948000,广东,686f2573000000002201f9ac,@一定发达,5d0f88e5000000001202c360,幸運羊子,https://sns-avatar-qc.xhscdn.com/avatar/1040g2jo3104jsa4elu005n8fh3iklgr0pvk093g?imageView2/2/w/120/format/jpg,1,,0,1780042642526,0
687cee64000000001a029baf,1753017956000,山东,686f2573000000002201f9ac,神神叨叨的,63ba2bea0000000026013f60,一棵稻草,https://sns-avatar-qc.xhscdn.com/avatar/63c7ab0f54a2fe34609e3c3f.jpg?imageView2/2/w/120/format/jpg,0,,0,1780042642529,1
687b14ee000000000400a87e,1752896750000,山东,686f2573000000002201f9ac,内衣不挂这个我就得吐槽你[捂脸R]黑红吗？拉黑了,6062df050000000001008bdb,momo,https://sns-avatar-qc.xhscdn.com/avatar/1040g2jo31pltpj7vkg6g5o32rs2g92ur8bd2s8o?imageView2/2/w/120/format/jpg,1,,0,1780042642531,1
6a17ccf1000000002902c406,1779944689000,马来西亚,686f2573000000002201f9ac,我就认识一个会四柱八字还会奇门遁甲的 两个结合一起看准到离谱 真的是很吓人,62525268000000001000c70e,4,https://sns-avatar-qc.xhscdn.com/avatar/1000g2jo2oikdhlcji0005oiia9k41hoeitfi5hg?imageView2/2/w/120/format/jpg,0,,0,1780042642532,0
6a1102b0000000002702c549,1779499698000,广西,686f2573000000002201f9ac,谷多多，真心推荐，解析清楚,5c8a1f7000000000160043e0,LXF,https://sns-avatar-qc.xhscdn.com/avatar/1040g2jo320dtfqarmk005n4a3to5ggv07s1bs78?imageView2/2/w/120/format/jpg,0,http://sns-webpic-qc.xhscdn.com/202605291617/7ba923123660d01102d3d6339ffa4413/comment/1040g2h0320g9qbegmo005n4a3to5ggv028tv3ko!nd_whgt34_webp_wm_1,0,1780042642533,0
6a12b128000000002702f83f,1779609896000,广东,69a9605000000000150233a3,今日这会不咋忙了[请友好R],69fc60b40000000002002003,明远,https://sns-avatar-qc.xhscdn.com/avatar/1040g2jo3202ug9jehm005qfsc2q0g803i7ur9mo?imageView2/2/w/120/format/jpg,4,,0,1780042648410,1
69aa31e900000000060323f9,1772761578000,广东,69a9605000000000150233a3,,5bf2509c325d600001b5db37,吃好睡好就问题不大,https://sns-avatar-qc.xhscdn.com/avatar/1040g2jo31e4l9tcs16004bs02e89pmpnn2ad17o?imageView2/2/w/120/format/jpg,1,http://sns-webpic-qc.xhscdn.com/202605291617/4f1c3872bbd68d38872a2aee597ce4d4/comment/1040g4b831tbsqq07la704bs02e89pmpn839kffo!nd_whgt34_webp_wm_1,0,1780042648410,2
6a0eb28b000000002701e0dd,1779348108000,广东,69a9605000000000150233a3,今日休息了，，看两个[请友好R],69f891ca0000000002001001,道依,https://sns-avatar-qc.xhscdn.com/avatar/1040g2jo31vs1nl9q1m605qfoi750g401l158b08?imageView2/2/w/120/format/jpg,4,,0,1780042648410,1
69ab7583000000000f00cd6c,1772844420000,广东,69a9605000000000150233a3,愿你我越来越好，快乐平安健康,58358ebe6a6a693104789e3d,乐昕时光,https://sns-avatar-qc.xhscdn.com/avatar/653258aaa864902d5bb220b5.jpg?imageView2/2/w/120/format/jpg,0,,0,1780042648410,3
69a9ff10000000000800d867,1772748561000,江西,69a9605000000000150233a3,[飞吻R]学到了,5eb778a10000000001000a85,花不弃,https://sns-avatar-qc.xhscdn.com/avatar/5eb77c275b8122000144ef37.jpg?imageView2/2/w/120/format/jpg,0,,0,1780042648419,1
69abc026000000000c01572b,1772863526000,江苏,69a9605000000000150233a3,随喜赞叹,5483f1732e1d93421baa3e6f,lavita发光日常,https://sns-avatar-qc.xhscdn.com/avatar/63e86accd3fdf15fddef1551.jpg?imageView2/2/w/120/format/jpg,0,,0,1780042648422,1
69ab8bd2000000000f01d18c,1772850131000,广东,69a9605000000000150233a3,随喜赞叹,5a9184fde8ac2b74c182bb43,茶茶,https://sns-avatar-qc.xhscdn.com/avatar/1040g2jo31tuogabpn2004a1tjs2freq328fr1no?imageView2/2/w/120/format/jpg,0,,0,1780042648423,2
69acd6d2000000000c032327,1772934866000,重庆,69a9605000000000150233a3,越来越顺[耶R],5806c7e682ec394b012477a0,蛋黄很苏,https://sns-avatar-qc.xhscdn.com/avatar/1040g2jo312hd3n6jhm6048pok63uctt0pdsn7u8?imageView2/2/w/120/format/jpg,0,,0,1780042648425,3
69b2ac42000000000d0345ee,1773317186000,河北,69a9605000000000150233a3,我会越来越好 越来越顺[红色心形R],5eb21813000000000100708d,小莲藕,https://sns-avatar-qc.xhscdn.com/avatar/1040g2jo30vjispfrm4dg5nli309g8s4d1cedmko?imageView2/2/w/120/format/jpg,0,,0,1780042648427,2
69b20ae8000000001500055d,1773275881000,海南,69a9605000000000150233a3,顺顺利利，事事顺意,63e7b3ac0000000026005405,kazi,https://sns-avatar-qc.xhscdn.com/avatar/1040g2jo31v02eqsh2i6g5ov7mem9gl055a67bpo?imageView2/2/w/120/format/jpg,0,,0,1780042648428,1
69aa6668000000000600fe57,1772775017000,广西,69a9605000000000150233a3,一生顺遂喜乐平安健健康康快快乐乐每一天 有点小钱有好朋友好老公好家人 最大的愿望,67729351000000001801c937,果酱屋屋,https://sns-avatar-qc.xhscdn.com/avatar/1040g2jo31k2r91qg2a5g5priid8m3i9nj4a10n8?imageView2/2/w/120/format/jpg,0,,0,1780042651578,3
69ac36f30000000016016161,1772893940000,陕西,69a9605000000000150233a3,同频共振，同类相吸,602e0fb5000000000100933a,橘子水🍊,https://sns-avatar-qc.xhscdn.com/avatar/1040g2jo31u4ggrpeio505o1e1uqg94pqg2rh8vo?imageView2/2/w/120/format/jpg,0,,0,1780042651578,1
69ae7a6c0000000002036558,1773042284000,广东,69a9605000000000150233a3,“人只有快乐，运气才会变好”码住了，我决定每天睡醒在阳台喊十遍，今天是个好日子[派对R],5df4de1100000000010050f1,Toki流氓兔,https://sns-avatar-qc.xhscdn.com/avatar/1040g2jo314mkbcad6k005nfkro8g8k7h30nmoo0?imageView2/2/w/120/format/jpg,0,,0,1780042651578,1
69b0c91700000000180384f7,1773193496000,江苏,69a9605000000000150233a3,随喜赞叹[合十R],55908867e4b1cf2bad2ab7c8,沐沐莲,https://sns-avatar-qc.xhscdn.com/avatar/1040g2jo30qtn8k1a140040svo846fdu825sh6eo?imageView2/2/w/120/format/jpg,0,,0,1780042651578,0
69b7774900000000160178d6,1773631305000,四川,69a9605000000000150233a3,顺顺利利，事事顺意,55fc2e1b62a60c295e898d2f,jimmyone,https://sns-avatar-qc.xhscdn.com/avatar/63afdaaccb3634e203929c95.jpg?imageView2/2/w/120/format/jpg,0,,0,1780042651585,0
69aa7bb1000000001501501b,1772780466000,浙江,69a9605000000000150233a3,,5db3239b00000000010038d5,🍐,https://sns-avatar-qc.xhscdn.com/avatar/60803bfbf512aa4253c822af.jpg?imageView2/2/w/120/format/jpg,0,http://sns-webpic-qc.xhscdn.com/202605291617/d23f106c553391c3b7f6bb14463cb332/comment/1040g2h030vtjte0tm06000000000003rpreqg4o!nd_whgt34_webp_wm_1,0,1780042651588,1
6a113568000000002803a48b,1779512683000,安徽,69a9605000000000150233a3,谷多多免费[偷笑R][偷笑R],5d22b3ec0000000012021513,美宝,https://sns-avatar-qc.xhscdn.com/avatar/1040g2jo320kchcaa6e005n92mfm4k58jhvam748?imageView2/2/w/120/format/jpg,0,http://sns-webpic-qc.xhscdn.com/202605291617/30472478ce056c057b4b0d42380bbc0f/comment/1040g4b8320gfnfeeme8g5nr0lh7081uic67om9g!nd_whgt34_webp_wm_1,0,1780042651589,0
6a125f24000000002803d681,1779588901000,山东,69a9605000000000150233a3,谷 多多免费[点赞R],64bcfe18000000001403a210,呼啦圈,https://sns-avatar-qc.xhscdn.com/avatar/1040g2jo320cbkdv65m0g5p5svoc578ggvh8i770?imageView2/2/w/120/format/jpg,0,http://sns-webpic-qc.xhscdn.com/202605291617/a6c61605a62b0796593e2e343f9583fa/comment/1040g2h0320hk4qmm625g5p5svoc578gga9jvfs0!nd_whgt34_webp_wm_1,0,1780042651592,0
69aa801f0000000005030b91,1772781599000,浙江,69a9605000000000150233a3,随喜赞叹,60c5e6de0000000001000d9c,🌵仙人掌不知道的是,https://sns-avatar-qc.xhscdn.com/avatar/1040g2jo31u8s0ie81m6g5o65srf083csbgo1jq0?imageView2/2/w/120/format/jpg,0,,0,1780042651593,1
69afe3a6000000000c030518,1773134758000,上海,69a9605000000000150233a3,随喜赞叹,677611ea00000000180149fa,April_,https://sns-avatar-qc.xhscdn.com/avatar/1040g2jo31rdi902fmu705prm27l62ifq95n40pg?imageView2/2/w/120/format/jpg,0,,0,1780042651594,0
69a9e47d0000000003013927,1772741758000,北京,69a9605000000000150233a3,,5da2d3d90000000001002a1b,🌸,https://sns-avatar-qc.xhscdn.com/avatar/1040g2jo31iv2u5a414005nd2qfcg8agrpf1ghrg?imageView2/2/w/120/format/jpg,0,http://sns-webpic-qc.xhscdn.com/202605291617/698fee3d3e396b15b1be9936c7373c6d/comment/1040g2h031tbjccdn5s005nd2qfcg8agrcqgi7h0!nd_whgt34_webp_wm_1,0,1780042655408,1
69ac1af600000000150023e7,1772886774000,北京,69a9605000000000150233a3,随喜赞叹,5b13b172f7e8b95f86eacb38,Jacob,https://sns-avatar-qc.xhscdn.com/avatar/1040g2jo30spp6hd444004a5t7kon5ipofpflseg?imageView2/2/w/120/format/jpg,0,,0,1780042655408,1
69aea958000000000c030257,1773054297000,广东,69a9605000000000150233a3,随喜赞叹[合十R][合十R][合十R],5c4d0b4c00000000110278d7,要半糖不要全糖,https://sns-avatar-qc.xhscdn.com/avatar/1040g2jo31vt9roon1m005n2d1d64cu6nluug4m0?imageView2/2/w/120/format/jpg,0,,0,1780042655408,0
6a125df7000000002902c1e8,1779588602000,重庆,69a9605000000000150233a3,谷多多  挺好 解析准[派对R],5d69d3ea000000000100b86c,姣姣😘,https://sns-avatar-qc.xhscdn.com/avatar/1040g2jo31mmb79eumm605nb9qfl09e3ccr2vcn0?imageView2/2/w/120/format/jpg,0,http://sns-webpic-qc.xhscdn.com/202605291617/8c66cbf8d4043bd107b77d4bde14c2e6/comment/1040g2h0320hk4suj5s3g5nb9qfl09e3cam98dm8!nd_whgt34_webp_wm_1,0,1780042655418,0
69b2da99000000000f01c5b5,1773329050000,浙江,69a9605000000000150233a3,顺顺利利，事事顺意,67cc4f37000000000d00a4c9,倩倩,https://sns-avatar-qc.xhscdn.com/avatar/1040g2jo320fkdmmels6g5puc9srj9969jb12mqg?imageView2/2/w/120/format/jpg,0,,0,1780042655421,0
69b2a3900000000001004891,1773314961000,山东,69a9605000000000150233a3,顺顺利利事事顺意,60233c18000000000101ce34,蛋挞星人,https://sns-avatar-qc.xhscdn.com/avatar/1040g2jo31p66uorsi4005o137gc0bjhk35ir9ao?imageView2/2/w/120/format/jpg,0,,0,1780042655426,1
69ab95b2000000000903658a,1772852658000,湖北,69a9605000000000150233a3,随喜赞叹[合十R][合十R][合十R],5c9ee93500000000170168a9,若昕,https://sns-avatar-qc.xhscdn.com/avatar/1040g2jo320m1d0o7me605n4ut4qlqq5980ec2b8?imageView2/2/w/120/format/jpg,0,,0,1780042655433,1
69aaddc700000000090232b7,1772805575000,广东,69a9605000000000150233a3,愿你我越来越好，快乐平安,693d2818000000003201a62a,高能量补给站,https://sns-avatar-qc.xhscdn.com/avatar/1040g2jo31t4bv4er68005q9t50ccj9ha2b3k1oo?imageView2/2/w/120/format/jpg,0,,0,1780042655437,1
69aa554e000000000600c16f,1772770640000,广东,69a9605000000000150233a3,,602b29e80000000001005c93,黑丝快递鱼,https://sns-avatar-qc.xhscdn.com/avatar/1040g2jo30vr1kin9ls005o1b57k08n4jncv6ge8?imageView2/2/w/120/format/jpg,0,http://sns-webpic-qc.xhscdn.com/202605291617/d6d5d4a34a37ed5e9698302f8458e3c8/comment/1040g2h031tc152k35e005o1b57k08n4jghu9veg!nd_whgt34_webp_wm_1,0,1780042655438,1
69b15867000000000f01a991,1773230183000,广东,69a9605000000000150233a3,顺顺利利，事事顺意,61f2a72f000000001000559f,依稀久忆,https://sns-avatar-qc.xhscdn.com/avatar/1040g2jo31l30mv2a326g5ofiksnk0lcvg6h12jo?imageView2/2/w/120/format/jpg,0,,0,1780042655439,1
69aeb19b0000000018020e34,1773056412000,北京,69a9605000000000150233a3,随喜赞叹[合十R][合十R][合十R],5837a64f82ec390d1d6f8cba,好运连连,https://sns-avatar-qc.xhscdn.com/avatar/be4e54a984a21be925a215a08fb36c8b.jpg?imageView2/2/w/120/format/jpg,0,,0,1780042658875,0
6a1137f90000000029018641,1779513339000,安徽,69a9605000000000150233a3,爱上谷多多[偷笑R][偷笑R],5f60ac4e00000000010007d2,Neko,https://sns-avatar-qc.xhscdn.com/avatar/1040g2jo31vi2qur32i005nr0lh7081ui671uho8?imageView2/2/w/120/format/jpg,0,http://sns-webpic-qc.xhscdn.com/202605291617/1d8afddf94df63efbcf2beca3856ba9b/comment/1040g4b8320gfnfeemebg5nr0lh7081uii8589l8!nd_whgt34_webp_wm_1,0,1780042658881,0
69b7c660000000001501143c,1773651552000,北京,69a9605000000000150233a3,找到工作上班[合十R],619b65b0000000001000719d,momo,https://sns-avatar-qc.xhscdn.com/avatar/1040g2jo31k1evhvg2u005ocrcmo40sctdvn74c0?imageView2/2/w/120/format/jpg,0,,0,1780042658883,0
6a0d27d300000000290186d8,1779247061000,河北,69a9605000000000150233a3,谷！多多精准解读。[doge][doge]关键不要🍚,67127fd1000000001d0213fd,木薯,https://sns-avatar-qc.xhscdn.com/avatar/1040g2jo3207dpmka62005poifv8nc4vtoothfp0?imageView2/2/w/120/format/jpg,0,http://sns-webpic-qc.xhscdn.com/202605291617/946472bb0174188137546da747d48a83/comment/1040g4b8320ch9j24ls805poifv8nc4vtqri25l8!nd_whgt34_webp_wm_1,0,1780042658886,0
69bb75bc00000000150095a6,1773893053000,上海,69a9605000000000150233a3,所谓“玄学”，弱者的解释，凡事一般情况下没有偶然只有必然,6404a0c3000000000f013b55,职场｜趴地虎,https://sns-avatar-qc.xhscdn.com/avatar/1040g2jo320eeem4clm705p04k31jqeql7krr0go?imageView2/2/w/120/format/jpg,0,,0,1780042658891,0
6a113478000000002702ceb2,1779512441000,山东,69a9605000000000150233a3,谷多多 免费[派对R]很好用哦,69a8b3900000000032024c14,小陈陈697444,https://sns-avatar-qc.xhscdn.com/avatar/1040g2jo31v2gf3uh2q0g5qe2etmt43u5bgvnq2g?imageView2/2/w/120/format/jpg,0,http://sns-webpic-qc.xhscdn.com/202605291617/88d3cf8b332551214cb22488f5533f28/comment/1040g2h0320gfq110lc305qd8me8ckj0kknalen8!nd_whgt34_webp_wm_1,0,1780042658899,0
69ba29f8000000001400b5db,1773808120000,江苏,69a9605000000000150233a3,事事顺利 顺心如意,59d6329044363b59bab8ce1e,贼能炫的壮翔翔🥕,https://sns-avatar-qc.xhscdn.com/avatar/1040g2jo31mpeqil36g0049s7enp91jguigs984g?imageView2/2/w/120/format/jpg,0,,0,1780042658901,0
6a1104980000000027014b85,1779500185000,广西,69a9605000000000150233a3,谷多多，每次咨询都收货满满，特别满意,5c8a1f7000000000160043e0,LXF,https://sns-avatar-qc.xhscdn.com/avatar/1040g2jo320dtfqarmk005n4a3to5ggv07s1bs78?imageView2/2/w/120/format/jpg,0,http://sns-webpic-qc.xhscdn.com/202605291617/7080b237ab24c86baee30c227aa926be/comment/1040g2h0320g9qbegmo4g5n4a3to5ggv0gckh31g!nd_whgt34_webp_wm_1,0,1780042658904,0
69b5817e000000000c030b19,1773502847000,广东,69a9605000000000150233a3,我会越来越好，越来越顺的,578eedae5e87e708a4fe90df,接美金的小妖精💵💲,https://sns-avatar-qc.xhscdn.com/avatar/1040g2jo3174cn5lags0048i6q0mqt46veqb7cmg?imageView2/2/w/120/format/jpg,0,,0,1780042658906,0
69ae68f20000000015017721,1773037811000,河北,69a9605000000000150233a3,随喜赞叹,61e2154b0000000010006de7,嘎嘎,https://sns-avatar-qc.xhscdn.com/avatar/1040g2jo31erni69c6o005of22l5k0rf76uturt0?imageView2/2/w/120/format/jpg,0,,0,1780042658908,0
6a12583f000000002902f821,1779587137000,山东,69a9605000000000150233a3,谷 多多免费[偷笑R],640803b000000000290127aa,小番茄,https://sns-avatar-qc.xhscdn.com/avatar/1040g2jo3209476ham8705p080eoaa9ta9kpttmo?imageView2/2/w/120/format/jpg,0,http://sns-webpic-qc.xhscdn.com/202605291617/fb382d87834296af472b40be1ae72107/comment/1040g4b8320hjel9868805p080eoaa9ta6nqse18!nd_whgt34_webp_wm_1,0,1780042662257,0
69b373dd000000000d011c17,1773368285000,广东,69a9605000000000150233a3,2026愿家人平安，父母康健，日子热辣滚烫，万事顺遂无忧！,61a56e750000000010005d4f,晴岚|盖洛普优势教练,https://sns-avatar-qc.xhscdn.com/avatar/1040g2jo31tb1e2mnm2005od5dpqk0naf5otjqf8?imageView2/2/w/120/format/jpg,0,,0,1780042662264,0
69f43fc80000000028032aca,1777614793000,广东,69a9605000000000150233a3,顺顺利利,5b4ed1264eacab3375a1f24f,只只食养小记,https://sns-avatar-qc.xhscdn.com/avatar/662c9d48f645bbb6567f1fed.jpg?imageView2/2/w/120/format/jpg,0,,0,1780042662268,0
69ac156c0000000002035f3a,1772885357000,安徽,69a9605000000000150233a3,@麦芽雪冷萃 严肃阅读了,5e19d07500000000010099dc,高考生,https://sns-avatar-qc.xhscdn.com/avatar/1040g2jo31fhmdbje7i0g5ngpq1qg96esj4hc2a0?imageView2/2/w/120/format/jpg,1,,0,1780042662268,1
69bbb6d00000000015008eec,1773909713000,浙江,69a9605000000000150233a3,好,5b527f524eacab6d1c3c249f,雪儿,https://sns-avatar-qc.xhscdn.com/avatar/5b527f9114de412439b8307d.jpg?imageView2/2/w/120/format/jpg,0,,0,1780042662275,0
69abf2e30000000014009876,1772876515000,四川,69a9605000000000150233a3,随喜赞叹,5a805c70e8ac2b6b1a91683d,momo,https://sns-avatar-qc.xhscdn.com/avatar/1040g2jo31u8jin672q704a1deje70q1t0lu50r0?imageView2/2/w/120/format/jpg,0,,0,1780042662287,0
69ab092a000000000603260e,1772816683000,黑龙江,69a9605000000000150233a3,随喜赞叹,5c9f32d6000000001702330c,Sun北北,https://sns-avatar-qc.xhscdn.com/avatar/5c9f3362eb334400011c3e77.jpg?imageView2/2/w/120/format/jpg,0,,0,1780042662290,0
69a9a325000000000c00b790,1772725030000,广东,69a9605000000000150233a3,,5e80a0fc000000000100180e,耗油道理,https://sns-avatar-qc.xhscdn.com/avatar/1040g2jo31vac5fbtjq005nk0k3u0860e8q8jrno?imageView2/2/w/120/format/jpg,0,http://sns-webpic-qc.xhscdn.com/202605291617/d85b803517b59c70a6e0664b22af8779/comment/1040g4b831tbbd4g4m8705nk0k3u0860egpkj978!nd_whgt34_webp_wm_1,0,1780042662292,0
69b38f3e000000000c030322,1773375295000,山东,69a9605000000000150233a3,,615c1fed0000000002027be8,你的瞳孔总泛泪,https://sns-avatar-qc.xhscdn.com/avatar/1040g2jo320k65fgamo005oas3vmgkuv8jm8edm8?imageView2/2/w/120/format/jpg,0,http://sns-webpic-qc.xhscdn.com/202605291617/fbd694bf524d1bd4c65af20fc3c3dbd2/comment/1040g2h031tl1fckt7s005oas3vmgkuv8nj18fqo!nd_whgt34_webp_wm_1,0,1780042662296,0
69b354ac000000000100648e,1773360300000,安徽,69a9605000000000150233a3,[合十R][合十R][合十R][合十R][合十R][合十R],6204a35b0000000021026150,梧桐朝阳凤鸣来,https://sns-avatar-qc.xhscdn.com/avatar/6280d40901a423f5ceb210f1.jpg?imageView2/2/w/120/format/jpg,0,,0,1780042662299,0
69b27fae000000000d03cf95,1773305775000,浙江,69a9605000000000150233a3,,570d0fad4775a7364c4214ca,小沐🌊,https://sns-avatar-qc.xhscdn.com/avatar/1040g2jo31rblo4kpnu0047sr0s7qq56aq32cf40?imageView2/2/w/120/format/jpg,0,http://sns-webpic-qc.xhscdn.com/202605291617/7b523a2bfcfe94aeb6853af93def8cfa/comment/1040g2h031tk0aj74mu0047sr0s7qq56aokdpgc8!nd_whgt34_webp_wm_1,0,1780042665596,0
69afd524000000001500de2f,1773131045000,江西,69a9605000000000150233a3,,5f1685170000000001006fdc,舒舒,https://sns-avatar-qc.xhscdn.com/avatar/1040g2jo31uum19k22q005nomgkbg8ruse6ejfu8?imageView2/2/w/120/format/jpg,0,http://sns-webpic-qc.xhscdn.com/202605291617/3ab10e444fb31ffc0db0c38386560160/comment/1040g2h031thd0e0j62705nomgkbg8ruskegnhjo!nd_whgt34_webp_wm_1,0,1780042665599,0
69af8bad0000000001007e8c,1773112238000,浙江,69a9605000000000150233a3,,5b2b58f911be106f1534a991,阿宅,https://sns-avatar-qc.xhscdn.com/avatar/1040g2jo31t1uiknul6004a6erncfjach2ksfij0?imageView2/2/w/120/format/jpg,0,http://sns-webpic-qc.xhscdn.com/202605291617/8a11a40eeb7bb0d902cf2761b6020c60/comment/1040g2h031th3jtct560g4a6erncfjach5pon2bg!nd_whgt34_webp_wm_1,0,1780042665602,0
69ada3f30000000015004a11,1772987380000,广东,69a9605000000000150233a3,,5602bd4558944618b43e97d3,QueenX,https://sns-avatar-qc.xhscdn.com/avatar/1040g2jo31u7dl4eeig00416sljukb5ujdjijleo?imageView2/2/w/120/format/jpg,1,http://sns-webpic-qc.xhscdn.com/202605291617/a1570acd75db32bc7e56a3f1dec85e41/comment/1040g2h031tf79797620g416sljukb5uj5bj6t9o!nd_whgt34_webp_wm_1,0,1780042665604,0
69ad849e00000000090068ef,1772979359000,江苏,69a9605000000000150233a3,,5a3b901ce8ac2b66f53218b9,花生赴安🥜,https://sns-avatar-qc.xhscdn.com/avatar/1040g2jo31tjg804umu004a0dgq81o65plgaairo?imageView2/2/w/120/format/jpg,1,http://sns-webpic-qc.xhscdn.com/202605291617/8338d46a77a7561005fd3221c3ef59db/comment/1040g2h031tf4lskf5s004a0dgq81o65pmk7tqrg!nd_whlt34_webp_wm_1,0,1780042665608,1
69acf661000000001d00ac4a,1772942946000,浙江,69a9605000000000150233a3,,69527f5e0000000037001aa6,咸蛋黄大王来也,https://sns-avatar-qc.xhscdn.com/avatar/1040g2jo320frapeh6e6g5qaiftfdo6l68sd8ke0?imageView2/2/w/120/format/jpg,1,http://sns-webpic-qc.xhscdn.com/202605291617/432fab3236d7e18096bced5ee0549206/comment/1040g4b831teja8qm5mdg5qaiftfdo6l6kkjb5p0!nd_whgt34_webp_wm_1,0,1780042665617,0
69acdb23000000001601690d,1772935972000,浙江,69a9605000000000150233a3,,642fc138000000001201118c,MarikitSaDilim,https://sns-avatar-qc.xhscdn.com/avatar/1040g2jo31vf3ias62i005p1fo4s4i4cc667v440?imageView2/2/w/120/format/jpg,1,http://sns-webpic-qc.xhscdn.com/202605291617/7a00f342b8935b2666b6d3f61e5dbdd7/comment/1040g4b831tefvrb368705p1fo4s4i4cc7pvekk8!nd_whgt34_webp_wm_1,0,1780042665619,0
69abc57c0000000009037631,1772864893000,安徽,69a9605000000000150233a3,,58e5b09f7fc5b8137d075f3a,QAQ,https://sns-avatar-qc.xhscdn.com/avatar/62e33cd4a6ce1a45d0837d56.jpg?imageView2/2/w/120/format/jpg,0,http://sns-webpic-qc.xhscdn.com/202605291617/195c3de53e1d6bfbddd38942e1f81fc3/comment/1040g4b831tde38oalmd049caoio9unpqmf98li8!nd_whgt34_webp_wm_1,0,1780042665621,0
69aaef0f00000000180233e1,1772810000000,广东,69a9605000000000150233a3,,5e9c43080000000001005357,小红薯E78440E2,https://sns-avatar-qc.xhscdn.com/avatar/645b7e78731e07eb8ca3d81b.jpg?imageView2/2/w/120/format/jpg,0,http://sns-webpic-qc.xhscdn.com/202605291617/72d876b69bd1c3f2cd29ecfdfee5fe1e/comment/1040g2h031tcjq6c3m85g5nks8c408kqn0p1c1c0!nd_whgt34_webp_wm_1,0,1780042665623,0
69aadaf50000000005031811,1772804854000,菲律宾,69a9605000000000150233a3,[合十R],5d5604e30000000001008e25,momo,https://sns-avatar-qc.xhscdn.com/avatar/1040g2jo31m85rfiv52005nam0jhg93h52oce3ao?imageView2/2/w/120/format/jpg,0,,0,1780042665624,0
69aaa0110000000005038d28,1772789778000,安徽,69a9605000000000150233a3,,5fd6000c0000000001001d2e,木曦,https://sns-avatar-qc.xhscdn.com/avatar/1040g2jo31uceaug52o605num0060879e17rjsb8?imageView2/2/w/120/format/jpg,0,http://sns-webpic-qc.xhscdn.com/202605291617/35f5d55660abdfe97540e7210f3e45dc/comment/1040g2h031tca93hj5m605num0060879elkvp1j8!nd_whgt34_webp_wm_1,0,1780042668960,0
69aa89f6000000000c00b81f,1772784119000,江苏,69a9605000000000150233a3,,5b3ec9e74eacab7368f5a05d,Estrella_,https://sns-avatar-qc.xhscdn.com/avatar/1040g2jo31s44173glm0g4a6srv4uf82tdek8ij0?imageView2/2/w/120/format/jpg,0,http://sns-webpic-qc.xhscdn.com/202605291617/d99e04a9508a0a05139fd20af6819dbf/comment/1040g4b831tc7ioa95s004a6srv4uf82t0sipef8!nd_whgt34_webp_wm_1,0,1780042668964,0
69aa5463000000000600d836,1772770404000,江苏,69a9605000000000150233a3,,5c5008a80000000012030a7c,momo,https://sns-avatar-qc.xhscdn.com/avatar/1040g2jo31ntgq5l14s5g5n2g12k4m2jsits24ag?imageView2/2/w/120/format/jpg,0,http://sns-webpic-qc.xhscdn.com/202605291617/34003582294c340f67505004e1ac261f/comment/1040g4b831tc11fq5leeg5n2g12k4m2jsgrtd8k8!nd_whgt34_webp_wm_1,0,1780042668967,0
69aa1ea20000000004003041,1772756645000,四川,69a9605000000000150233a3,,5bc292c4981bb600014490a5,乌拉拉～,https://sns-avatar-qc.xhscdn.com/avatar/1040g2jo31oflodcskq604beqae9c9455leu64q0?imageView2/2/w/120/format/jpg,0,http://sns-webpic-qc.xhscdn.com/202605291617/d8bd80fe806c1cc22746e91f37f704bc/comment/1040g2h031tbqfgp3586g4beqae9c9455n1v3tko!nd_whgt34_webp_wm_1,0,1780042668974,0
69a9abc100000000080321b1,1772727234000,山东,69a9605000000000150233a3,,5de0ad6d00000000010094ba,🍭 🍒🍓🌸💍,https://sns-avatar-qc.xhscdn.com/avatar/619b2aa28681f8cb537dda43.jpg?imageView2/2/w/120/format/jpg,0,http://sns-webpic-qc.xhscdn.com/202605291617/07da1b1afeb76e6a25aeb043d79aede9/comment/1040g4b831tbceol8m8005nf0llmg955qbcdsek8!nd_whgt34_webp_wm_1,0,1780042668983,0
6a12b0e800000000270153df,1779609833000,广东,69a9605000000000150233a3,现在没事 看两个,69fc60b40000000002002003,明远,https://sns-avatar-qc.xhscdn.com/avatar/1040g2jo3202ug9jehm005qfsc2q0g803i7ur9mo?imageView2/2/w/120/format/jpg,4,,0,1780042669002,1
6a125d6f000000002803f6bd,1779588464000,山东,69a9605000000000150233a3,谷 多多挺准[点赞R],64bcfe18000000001403a210,呼啦圈,https://sns-avatar-qc.xhscdn.com/avatar/1040g2jo320cbkdv65m0g5p5svoc578ggvh8i770?imageView2/2/w/120/format/jpg,0,http://sns-webpic-qc.xhscdn.com/202605291617/8023d437ef8cff74dbe5d7addcc179e2/comment/1040g2h0320hk4qmm62005p5svoc578ggahvhruo!nd_whgt34_webp_wm_1,0,1780042669004,0
69b02eb5000000000503803a,1773153973000,安徽,69a9605000000000150233a3,随喜赞叹,670014b8000000001d02109e,松咪芽芽,https://sns-avatar-qc.xhscdn.com/avatar/1040g2jo3208rgvikme005po02is7c44un27f640?imageView2/2/w/120/format/jpg,0,,0,1780042669005,0
69abacf00000000015016034,1772858608000,广东,69a9605000000000150233a3,@Tim,5dbe97c30000000001009c87,Andy吃喝玩乐,https://sns-avatar-qc.xhscdn.com/avatar/4c0984d2-9d8a-3e1e-9981-c961dcf99c7a?imageView2/2/w/120/format/jpg,0,,0,1780042669009,0
