comment_id,parent_comment_id,content,publish_time,ip_location,sub_comment_count,like_count,dislike_count,content_id,content_type,user_id,user_link,user_nickname,user_avatar,last_modify_ts
11442972797,0,豆包一开始说我不好，但是最近越算越说好，现在已经起飞了[doge],1773993678,北京,5,8,0,2017024686530246155,answer,cd617dbac1680cd242de80b0f7def25d,https://www.zhihu.com/people/ming-zhao-89-39,明曌,https://picx.zhimg.com/v2-1e18f1229b38326b6cfc7e7de6f2f885_l.jpg?source=06d4cd63,1780328694070
11450111596,0,看前面土重金埋啥的我还以为我自己发的,1774836239,北京,3,3,0,2017024686530246155,answer,2b454074b778e649c9d97d47158f2f05,https://www.zhihu.com/people/wang-hao-yu-68-16,Kkkkyle,https://pic1.zhimg.com/v2-02d85253c884fa2bb863beac84882249_l.jpg?source=06d4cd63,1780328694076
11478680721,0,准啥准，一个盘每次说法都不同，一会说身旺财旺，一会说身旺财弱,1778164964,河南,2,1,0,2017024686530246155,answer,3a305531ba88a76a64fcd39bbf682a97,https://www.zhihu.com/people/53-66-97-61-55,吃个人助兴,https://pic1.zhimg.com/v2-5500d04d2644bda230cb19e94a2917e3_l.jpg?source=06d4cd63,1780328694107
11448124614,0,姐妹我觉得我们的命格估计很相近，我也是土重，全局无水，AI也是断我三十多岁之后起运，大器晚成…,1774574231,浙江,6,1,0,2017024686530246155,answer,16e9ab29d8928222089166661876d2fc,https://www.zhihu.com/people/dong-xiao-xiao-13-15,冬小小,https://picx.zhimg.com/v2-ae6e1e0fd97e8da782eccb073cbffb1f_l.jpg?source=06d4cd63,1780328694112
11484434556,0,阴差阳错确实建议晚婚，30+岁再结婚，谨慎。我最近用AI算，发现同一个ai，复制粘贴同样的八字给他，他能每次都算出不一样的。只能说，性格和大致的轮廓他算对了，其他的未必对,1778834589,广西,0,1,0,2017024686530246155,answer,a4eb0eb1ef668fc17b847970b6840a1b,https://www.zhihu.com/people/pu-ti-51-72,菩提,https://pica.zhimg.com/v2-11b2b308ba82d53b797c444509590dcd_l.jpg?source=06d4cd63,1780328694116
11450446396,0,土重金埋+1 [捂脸]我所有前任日主都是木 然后水旺的类型,1774863599,海南,1,2,1,2017024686530246155,answer,10b27c3d9213253ced047cfd899e3742,https://www.zhihu.com/people/sxjwmk,知乎用户SxjwMk,https://pica.zhimg.com/v2-abed1a8c04700ba7d72b45195223e0ff_l.jpg?source=06d4cd63,1780328694120
11457881744,0,他给你提供了情绪价值,1775711846,辽宁,0,1,0,2017024686530246155,answer,83ce9995dcd04b7715614d26ead57869,https://www.zhihu.com/people/ruan-jian-ce-shi-jun,软件测试君,https://pica.zhimg.com/v2-525dbb991e6c0338a6aff9ee6bf7e920_l.jpg?source=06d4cd63,1780328694124
11482155703,0,这个其实早就有网站做过系统化的设定和训练了，而且训练完之后从排盘到算命预测，在程序化和规范化上的提升程度明显能感觉到非常大，我觉得这才是把我们中国传统文化发扬光大的正确做法，而不是一群人打着算命的幌子去招摇撞骗[微笑][微笑],1778598383,北京,0,0,0,2017024686530246155,answer,3f3c8d487d77a14b310106d5421c8956,https://www.zhihu.com/people/fiio-51,FIIO,https://pic1.zhimg.com/v2-d4e63df510f331d9f5fe964ae126a3e9_l.jpg?source=06d4cd63,1780328694127
11481600117,0,我也是土重，6土2金，地支四个土，之前说我也是喜水木，后来测算具体年份发现水年份我过得很差，不是喜水木，问了豆包 DS说我是稼穑格，应该喜土火金和晚婚，可是我早婚现在一团糟，时不时被闹离婚,1778511678,湖南,0,0,0,2017024686530246155,answer,ac60c6790ab108e798c9c49d9484babd,https://www.zhihu.com/people/pang-lian-chan-mao,随波逐流,https://picx.zhimg.com/v2-4143c1c057e4a903a1a319b97d304ba3_l.jpg?source=06d4cd63,1780328694130
11469387925,0,你让ai看你写的字，也挺好玩,1777102924,山西,0,0,0,2017024686530246155,answer,2cbd94de0e75f9edda7251ae8daabb36,https://www.zhihu.com/people/tu-zi-1202,心如止水123,https://pic1.zhimg.com/v2-d2529003078f17d4a8f7148238bc9344_l.jpg?source=06d4cd63,1780328694137
11467616318,0,我的ds比千问豆包准，同样一个盘，我把他们的回答都互相交换了一下，千问豆包一致认为ds的回答是专业的,1776905085,北京,0,0,0,2017024686530246155,answer,2e08ca9506f7b9c60506af1c8f9886d2,https://www.zhihu.com/people/zhe-yang-44-24,阿德娃娃,https://picx.zhimg.com/v2-a897dd9321de91bbec3fa855c816de9f_l.jpg?source=06d4cd63,1780328698458
11467421968,0,没用过豆包，用deepseek和千问算过，用问真给它把盘排好，精准无误的喂给它，再根据细项逐步问它，算的挺准挺客观的，大家可以试试,1776835840,甘肃,0,0,0,2017024686530246155,answer,45a68910602227af80f3ec8acbf24f20,https://www.zhihu.com/people/fu-sheng-ruo-meng-18-88-4,知予,https://pic1.zhimg.com/v2-d397906854dcd2be38e23b2399029818_l.jpg?source=06d4cd63,1780328698462
11466366867,0,评论区,1776682557,湖南,0,0,0,2017024686530246155,answer,8a1a61652d7df33973e0e2c34157e7aa,https://www.zhihu.com/people/s-92-5-82,知乎用户S,https://picx.zhimg.com/v2-b8923e98207dcf762c30af1b17bce1c0_l.jpg?source=06d4cd63,1780328698464
11463293186,0,我去，我以为是我写的呢，可以认识一下嘛,1776349392,浙江,0,0,0,2017024686530246155,answer,f5470889c9ecefadb6645357f8b8c89f,https://www.zhihu.com/people/jun-yan-81-54,君颜,https://pic1.zhimg.com/v2-d01cd40180ad1d682fc3384f682f3e7c_l.jpg?source=06d4cd63,1780328698468
11459497574,0,AI 农历日期经常错，所以大方向可以看看，涉及到月日时的，你的告诉他正确的时间。,1775879571,上海,0,0,0,2017024686530246155,answer,3d57b5053b76dca540347fc2e07a9288,https://www.zhihu.com/people/jackkingkxd,Jackkingkxd,https://picx.zhimg.com/v2-abed1a8c04700ba7d72b45195223e0ff_l.jpg?source=06d4cd63,1780328698472
11455010290,0,和我基本差不多，但是我是男的,1775402242,北京,0,0,0,2017024686530246155,answer,08b4163edcd378947a0e85ee4424081e,https://www.zhihu.com/people/ai-wen-44-43,爱问,https://picx.zhimg.com/v2-4e2ce427724628026c3cb28d80cc6da5_l.jpg?source=06d4cd63,1780328698475
11452881860,0,八字找不对，你先自己找，然后告诉不同的ai，让他算,1775141248,上海,0,0,0,2017024686530246155,answer,ad1465022c7eba36ed69182efc72444b,https://www.zhihu.com/people/lang-py,浪.py,https://picx.zhimg.com/v2-abed1a8c04700ba7d72b45195223e0ff_l.jpg?source=06d4cd63,1780328698478
11452305368,0,算性格准是因为你的8字是经过你自己定盘后的。也就是说你根据基本理论定了你自己的出生时间。,1775083254,四川,0,0,0,2017024686530246155,answer,f72c1b6821e7aad0aecbc43ecae37863,https://www.zhihu.com/people/gujejdu,长夜余火,https://pica.zhimg.com/v2-3a4d39f468fd2f7ba70195939e08a4b5_l.jpg?source=06d4cd63,1780328698480
11451581078,0,我和你想法一毛一样，ai算性格很准，其他的也就只能看个大概框架吧。我也土重金埋，也喜欢壬水男我服了，这个壬水男还火旺,1775003901,广西,1,0,0,2017024686530246155,answer,fb566c86de152c55b6e93fe5c4c0edc4,https://www.zhihu.com/people/li-xiang-yi-45-92,白兔守孤坟,https://pic1.zhimg.com/v2-7f231726779b5b2963f8e830a2057db7_l.jpg?source=06d4cd63,1780328698484
11450236609,0,AI现在的水平搞计算可以，搞变通还不得行。而预测不是靠计算而是靠变通。,1774850873,四川,0,0,0,2017024686530246155,answer,0d82da46727c226bdb9fb43d2cba28b3,https://www.zhihu.com/people/tian-you-57-44-41,天佑,https://picx.zhimg.com/v2-040bb8f43d5df8b0a9a0ca50f2b89ac1_l.jpg?source=06d4cd63,1780328698488
11445198557,0,我谈的四任都是兄弟俩 还都是哥哥[思考][思考]。全是壬水男 [思考][思考]从命理上来说喜欢的都是一类人,1774275673,湖北,2,0,0,2017024686530246155,answer,58620036e9949d6ffecd0b4fae3040f9,https://www.zhihu.com/people/li-hua-ying-qiu-shui-de-mo-yang-zhu,禾安,https://pic1.zhimg.com/v2-2ed6370bc6bbb11f42486bd08d0dc7af_l.jpg?source=06d4cd63,1780328702618
11444676630,0,那是你自己不会算吧，你把你自己的紫微斗数粘贴到豆包里，让她帮你算某个具体的事，它就能算准。 本来八字就是宏观的，算细节要用紫微斗数,1774193364,陕西,2,0,0,2017024686530246155,answer,bd68aaf9d412c53843df5b7be1c4932b,https://www.zhihu.com/people/liu-juan-83-84,Davika,https://picx.zhimg.com/v2-97395e84964307af9dd3c609c2ad585f_l.jpg?source=06d4cd63,1780328702623
11444651119,0,你也是辛卯吧,1774196864,四川,0,0,0,2017024686530246155,answer,34dc6c26e33365fb196fbd66abb9c8e4,https://www.zhihu.com/people/sylvia-95-45-90,Sylvia,https://picx.zhimg.com/v2-ce5a88529636786b0af6ee3097217026_l.jpg?source=06d4cd63,1780328702627
11444638471,0,我原局也是印星重重，土重金埋。算工作超级无敌准，我之前面试一家企业，因为二面之前听说福利待遇不错，我就让dp给算能不能顺利入职，结果它说我能面试成功但是会因为薪酬谈不拢最后放弃，我打死不信，结果二面谈薪酬的时候发现真的是这样，比我得到的情报少好几万，从那之后我都特别相信ds了,1774245423,浙江,0,0,0,2017024686530246155,answer,bf6c1e3ae0143910c8508a27044d5c0e,https://www.zhihu.com/people/tracy-80-73-2,tracy,https://pica.zhimg.com/v2-abed1a8c04700ba7d72b45195223e0ff_l.jpg?source=06d4cd63,1780328702632
11442134280,0,"男, 缺火土,来个互补的[爱]",1773910301,上海,0,0,0,2017024686530246155,answer,a81463cf6b9ddfd36de013e703ecbe3a,https://www.zhihu.com/people/shen-shui-97-55-30,深水,https://picx.zhimg.com/v2-bafb5adbcc789f4c74643d8f946f1937_l.jpg?source=06d4cd63,1780328702637
11441257652,0,AI说我厚积薄发，五十几岁来大运，会迎来人生高光时刻，有钱，有名誉，晚景幸福。我就信了呗。该干啥继续干啥。,1773816553,福建,3,0,0,2017024686530246155,answer,4d587c56b585b19765cd3601934e9ad5,https://www.zhihu.com/people/64-28-32-87-78,破茧重生在当下,https://pica.zhimg.com/v2-79e68297631e7b10596f3bcfd271f67c_l.jpg?source=06d4cd63,1780328702642
11441139796,0,我也是土极其重，我查了说是火太旺，把土烤焦了[捂脸]，我去年底开始到现在非常不顺，也没大事，就是各种烦心事，心里各种焦虑。,1773813908,山西,1,0,0,2017024686530246155,answer,c25822eed5152c6a284a81b9cbad2550,https://www.zhihu.com/people/ming-yun-66-70,钢铁与枪炮,https://pic1.zhimg.com/v2-6c348e7355a34030abe2dea8cd88c1ee_l.jpg?source=06d4cd63,1780328702646
11440959081,0,分给我点儿土吧，我命里一点儿土都没有,1773797393,北京,4,0,0,2017024686530246155,answer,846d3f29c1179e11b08d93e0143230e9,https://www.zhihu.com/people/jin-qing-wei-92-46,windy,https://picx.zhimg.com/v2-570fa72253dd548bad88d0dd6f81776a_l.jpg?source=06d4cd63,1780328702652
11440628873,0,[doge]真不真,1773744502,广东,0,0,0,2017024686530246155,answer,4edd4e7b6a71f00233039167cc7cf11a,https://www.zhihu.com/people/a-fei-long,爆锤momo,https://picx.zhimg.com/v2-6f3ab1083748368d75eb5dfd51769e5a_l.jpg?source=06d4cd63,1780328702654
11445016008,0,AI会拍马屁，怎么提问很重要，你不能引导，你引导提问让它回答，能把你夸到天上，然后呢，你另起一个问题，换个提问方式，很多时候你会得到完全相反的答案，哈哈哈哈。,1774256120,湖北,0,0,0,2017024686530246155,answer,8721defe3fae6e928c6e60aa94d50e0a,https://www.zhihu.com/people/7-56-72-58,正在喝咖啡,https://picx.zhimg.com/v2-2bd74ac6ae4002df9b2697b684cc85c9_l.jpg?source=06d4cd63,1780328702656
11443625039,0,[捂脸]ai也说我下一个大运好，是不是ai也会画饼？,1774060421,辽宁,2,0,0,2017024686530246155,answer,10991eb50f06db2382992d52a216be58,https://www.zhihu.com/people/feng-feng-37-38-84,知风,https://pic1.zhimg.com/v2-49033046729a96548833a678548dff37_l.jpg?source=06d4cd63,1780328706820
11357064416,0,命理大致走向基本准确，就算它排错大运也一样，未来只要你有多少种想法，它就能按你想法给出结果和相应理论，就是不否定你，而且很会哄人，你说未来怎么靠它做参考[捂脸],1764645717,四川,4,64,0,1962941393497491344,article,8d56bf87c6114727b6b4a2e5a4d80f18,https://www.zhihu.com/people/tian-tang-61-83-91,身心自在,https://picx.zhimg.com/v2-941fdf500bc91d69c541179ccf25e5f0_l.jpg?source=06d4cd63,1780328713222
11329298868,0,校正完以后问感情经历，年份和事件准到吓人,1761893909,江苏,6,47,2,1962941393497491344,article,6fb46f16abdb0bad340542473e2f9239,https://www.zhihu.com/people/phoebe-64-74,头绳儿,https://picx.zhimg.com/v2-1e95a2ad45c515bc183d47b7db2de122_l.jpg?source=06d4cd63,1780328713227
11377841685,0,你到底纠正的是它，还是你希望它，那样回答你呢?,1766821344,广东,0,45,0,1962941393497491344,article,8998819e21d6627e24d3e4cc5713b250,https://www.zhihu.com/people/dong-xi-nan-bei-70-17,沧澜,https://picx.zhimg.com/v2-1cd675223782da2ddf76b9225b05797d_l.jpg?source=06d4cd63,1780328713232
11363246411,0,我算了，基本每一步都错了，而且我故意留了一手，基本一个都没对，大运流年，月干月支，包括妻子星，没有一个对的[发呆],1765274101,河北,0,28,0,1962941393497491344,article,90442bb323e4030123aae4c2fa03cc06,https://www.zhihu.com/people/0-0-85-15-71,0.0,https://pica.zhimg.com/v2-32d6ac72320d67c425d2a035a418a0d8_l.jpg?source=06d4cd63,1780328713235
11367670459,0,算完以后我正缘31岁出现，38岁结婚。中年男女的恋爱长跑啊,1765781115,河北,6,21,0,1962941393497491344,article,bedf62e1183100bf5a6da573fdc5a0ea,https://www.zhihu.com/people/jin-he-kui-de-bao-bao,睡不着的后海边,https://picx.zhimg.com/v2-1c563c8b97282e2374a42baf3e9bdcc9_l.jpg?source=06d4cd63,1780328713238
11375557290,0,好了 浪费半小时,1766568962,广东,0,18,0,1962941393497491344,article,9c2c668999a019171ba1b9aef44fce76,https://www.zhihu.com/people/syf-70-41-97,SYF,https://picx.zhimg.com/v2-c2a75410964c796d251de2f6ead41a88_l.jpg?source=06d4cd63,1780328713241
11410685691,0,我按这个步骤走，纠正了两次，我发现，你纠正它的过程，就是你将自己的人生轨迹、信息全部告诉它了，然后它再综合你给的真实信息结合一些看不懂的专业术语给你一通说，你就觉得它算的很准大概街边算命也是这种套路，你的过往信息都是你自己告诉他的，你觉得他算的很准，然后再说点你愿意听的话，你就掏钱了,1770308255,四川,0,13,0,1962941393497491344,article,4a697234de73f4223f663ba12b07fa8c,https://www.zhihu.com/people/xiao-4-13-15,小4,https://pic1.zhimg.com/v2-8cc0de6716fbead6944fdf2dbfbde3dc_l.jpg?source=06d4cd63,1780328713249
11349270401,0,这个问法确实很精准，适合一般性格清晰的基本众。如果需要得到更精确的推算建议试下，开始时候将十神排出，将喜忌用神、通关扶抑，确定出来，然后将原局刑冲破害给写上，地支三合六合有，也写上；这样你问在具体问什么时候姻缘、什么时候能够走事业运都可以。因为流年、大运有3种情况，第一是直接参与，第二是引动原盘，第二是间接参与基本直接影响你大运情况或当年情况，所以大运流年你表述下是引动还是直接参与或者间接参与，AI基本可以分析出你的当年情况。,1763880652,广东,4,15,0,1962941393497491344,article,c763eb79c35ff6fcf80ccb4dd8709ac0,https://www.zhihu.com/people/lai-zhi-nian,赖志年,https://pic1.zhimg.com/0748275337cce56642671f0ea0a06001_l.jpg?source=06d4cd63,1780328713252
11356369710,0,"我都是把我程序推算出来的结果给AI让它去分析，{    ""data"": {        ""bazi"": {            ""nianzhu"": ""乙巳(覆灯火)"",            ""nianzhuWuxing"": ""木火"",            ""rizhu"": ""丙申(山下火)"",            ""rizhuWuxing"": ""火金"",            ""yuezhu"": ""乙酉(泉中水)"",            ""yuezhuWuxing"": ""木金""        },        ""chongsha"": ""冲虎 煞南 正冲庚寅"",        ""ganzhi"": ""乙巳年 乙酉月 丙申日"",        ""gongli"": ""2025年9月24日 星期三"",        ""haoyunshengxiao"": {            ""analysis"": [                ""蛇与今日六合，关系和谐，贵人运旺"",                ""鼠与今日三合，志同道合，事业顺遂"",                ""龙与今日三合，志同道合，事业顺遂"",                ""虎五行生助今日，能量互补，运势提升"",                ""兔五行生助今日，能量互补，运势提升""            ],            ""dayInfo"": {                ""dayGanWuxing"": ""火"",                ""dayZhi"": ""申""            },            ""details"": [                {                    ""element"": ""水"",                    ""level"": ""大吉"",                    ""reason"": ""与日支申六合"",                    ""type"": ""六合"",                    ""zodiac"": ""蛇""                },                {                    ""element"": ""水局"",                    ""level"": ""次吉"",                    ""reason"": ""与日支申三合"",                    ""type"": ""三合"",                    ""zodiac"": ""鼠""                },                {                    ""element"": ""水局"",                    ""level"": ""次吉"",                    ""reason"": ""与日支申三合"",                    ""type"": ""三合"",                    ""zodiac"": ""龙""                },                {                    ""element"": ""木"",                    ""level"": ""中吉"",                    ""reason"": ""五行木生日干火"",                    ""type"": ""五行相生"",                    ""zodiac"": ""虎""                },                {                    ""element"": ""木"",                    ""level"": ""中吉"",                    ""reason"": ""五行木生日干火"",                    ""type"": ""五行相生"",                    ""zodiac"": ""兔""                }            ],            ""summary"": ""今日丙申，好运生肖：蛇(大吉)、鼠(次吉)、龙(次吉)""        },        ""ji"": ""祈福 开光 开市 入宅 动土"",        ""jieqi"": """",        ""jieri"": """",        ""jishen"": {            ""caishen"": ""坤 西南"",            ""fushen"": ""乾 西北"",            ""xishen"": ""坤 西南"",            ""yangguishen"": ""兑 正西"",            ""yinguishen"": ""乾 西北""        },        ""jishenyiqu"": ""王日 天马 五富 圣心 除神 鸣吠"",        ""nayin"": ""覆灯火 泉中水 山下火"",        ""nongli"": ""二〇二五年八月初三"",        ""pengzu"": ""丙不修灶必见灾殃 申不安床鬼祟入房"",        ""rizhu"": ""日柱: 火金。【生我 大吉色】绿色、浅绿色、深绿色、翠绿色 被当日五行生，贵人运强，人缘和谐，事半功倍。【同我 次吉色】红色、大红色、朱红色、绛红色 与当日五行同，气场稳定，行事稳妥，平稳顺遂。【我克 平平色】白色、银色、灰色、米白色 克当日五行，主动出击，需付出较多精力，但劳有所得。【我生 慎用色】黄色、鹅黄色、土黄色、米黄色 生当日五行，自身能量被泄耗，易感疲惫，需谨慎以防失误。【克我 忌用色】黑色、蓝色、藏青色、深蓝色 被当日五行克，受外界压制，付出多而回报少，易遇阻力。"",        ""rulueli"": ""巳命互禄 庚命进禄"",        ""shengxiao"": ""属蛇"",        ""shichenjixiong"": {            ""allShiChen"": [                {                    ""description"": ""子时与今日三合，志同道合，宜合作商议"",                    ""element"": ""水局"",                    ""level"": ""吉"",                    ""reason"": ""时支子与日支申三合"",                    ""shiChen"": ""子时"",                    ""time"": ""23:00-01:00"",                    ""type"": ""三合"",                    ""zhi"": ""子"",                    ""zodiac"": ""鼠""                },                {                    ""description"": ""丑时耗泄日干能量，易疲惫，宜休息调养"",                    ""element"": ""土"",                    ""level"": ""次凶"",                    ""reason"": ""日干五行火生时支五行土"",                    ""shiChen"": ""丑时"",                    ""time"": ""01:00-03:00"",                    ""type"": ""五行相泄"",                    ""zhi"": ""丑"",                    ""zodiac"": ""牛""                },                {                    ""description"": ""寅时与今日相冲，易生变故，忌重要决定"",                    ""element"": """",                    ""level"": ""凶"",                    ""reason"": ""时支寅与日支申相冲"",                    ""shiChen"": ""寅时"",                    ""time"": ""03:00-05:00"",                    ""type"": ""相冲"",                    ""zhi"": ""寅"",                    ""zodiac"": ""虎""                },                {                    ""description"": ""卯时五行生助今日，能量充沛，宜主动出击"",                    ""element"": ""木"",                    ""level"": ""次吉"",                    ""reason"": ""时支五行木生日干五行火"",                    ""shiChen"": ""卯时"",                    ""time"": ""05:00-07:00"",                    ""type"": ""五行相生"",                    ""zhi"": ""卯"",                    ""zodiac"": ""兔""                }",1764640633,四川,1,13,1,1962941393497491344,article,c44d23e05169a69b9be7f86f96b999a8,https://www.zhihu.com/people/bai-ze-48-6,白泽,https://pica.zhimg.com/v2-d356f6798482acf2b8d669000bd69b5c_l.jpg?source=06d4cd63,1780328713255
11374868004,0,貌似一点儿都不准[思考],1766496410,河南,1,9,0,1962941393497491344,article,6344dd5fd416ad694e44e58c705c5e97,https://www.zhihu.com/people/81-56-77-75,咕咕,https://picx.zhimg.com/v2-5fc67a2efe2e8f52b40fac8a80da1442_l.jpg?source=06d4cd63,1780328713257
11374749578,0,验证了六七个问题，每一个都有明显错误[知乎益蜂],1766481606,上海,1,8,0,1962941393497491344,article,4b49c93dde7d121106611842c22ee110,https://www.zhihu.com/people/guang-zi-55-30,米忽,https://picx.zhimg.com/v2-a55fba1944ce8dd0a8a2990aab76ef66_l.jpg?source=06d4cd63,1780328717591
11357499889,0,就算把所有定西都喂给它  他也说不出准确的东西，说些莫名其妙的  什么这年心情烦躁什么的,1764720042,山东,1,8,0,1962941393497491344,article,655c3465322cd6805d10ca640818d549,https://www.zhihu.com/people/da-ben-dan-jia-de-xiao-ke-ai,平安喜青,https://picx.zhimg.com/v2-882bdc80559269296a097b274f0f5068_l.jpg?source=06d4cd63,1780328717596
11391478019,0,试了，不准，越来越离谱，浪费时间,1768230691,北京,0,5,0,1962941393497491344,article,fe5d206caf71e60d79a4b3ced71ba979,https://www.zhihu.com/people/xiao-lu-tong-zhi-21,小吕同志,https://picx.zhimg.com/v2-8bc1e33635869b1cd0f611e9dbc6c3dd_l.jpg?source=06d4cd63,1780328717599
11350668995,0,只要让她验证，deep seek就说系统繁忙，然后就宕机了,1764055863,重庆,0,4,0,1962941393497491344,article,9dab71867b2d39d82128d32024a4a5be,https://www.zhihu.com/people/lu-xi-fa-91-11,破茧成蝶,https://picx.zhimg.com/v2-f9ce87fe483024ec6da39b7f84757f9d_l.jpg?source=06d4cd63,1780328717602
11391038633,0,说我在2025年运势转强，是奠定事业的关键年。我正好躺了一年[尴尬],1768213677,北京,2,4,0,1962941393497491344,article,ba59d95e6cbe835dd2e84b0db99cc6a8,https://www.zhihu.com/people/shao-fen-35,少分,https://picx.zhimg.com/v2-f270669a9245451cef2d9a9adac1b871_l.jpg?source=06d4cd63,1780328717608
11326941110,0,你算了准吗,1761706854,广东,5,2,0,1962941393497491344,article,cde53885277c9b7aea382364b9d0dab3,https://www.zhihu.com/people/123-89-21-96,小夜猫,https://pic1.zhimg.com/v2-e8e8583899f318d35070fd2049d35f4b_l.jpg?source=06d4cd63,1780328717612
11379324074,0,大学和专业，工作，简直不要太准啊,1766938925,甘肃,2,3,0,1962941393497491344,article,f1add030991090361488bc24f91cbfec,https://www.zhihu.com/people/bu-ru-mei-ming-zi-96,不如没名字,https://pic1.zhimg.com/v2-abed1a8c04700ba7d72b45195223e0ff_l.jpg?source=06d4cd63,1780328717617
11374632635,0,问备孕方面的准不准，一会说男一会说女的,1766484571,山东,0,3,0,1962941393497491344,article,835efe98e67fc56bb54fb1f6a386c0cf,https://www.zhihu.com/people/xin-bao-18-6,江沉晚吟时,https://picx.zhimg.com/v2-7ef57039aa89257a676e272de7909ac3_l.jpg?source=06d4cd63,1780328717622
11357244346,0,我的妈妈呀，验证完说我2030-2032年才有可能结婚，而且还是远嫁[捂脸]，2030我都32岁了,1764653974,浙江,7,3,0,1962941393497491344,article,72a0056dd12c587a32c31ec9229dae6a,https://www.zhihu.com/people/yun-li-80-22-99,嘛呀嘛呀hong,https://pic1.zhimg.com/v2-2acbfb1e26831c3d340057f2375c99b7_l.jpg?source=06d4cd63,1780328717626
11387373668,0,白搭，ds遇见懂行的，说的很专业，遇见不懂的，纯忽悠。懂行的，不这么问的。。。。,1767796910,山东,2,1,0,1962941393497491344,article,f987c85deb7fdf03df8f5363926464a6,https://www.zhihu.com/people/wu-lin-18-5,挽尊,https://pic1.zhimg.com/v2-7501b8ed39420c54b631ec01775ac923_l.jpg?source=06d4cd63,1780328717632
11388494471,0,试过了，太准确了，吓人,1767942811,北京,0,1,0,1962941393497491344,article,006fb8ac3f396f19e43a0d1769a33084,https://www.zhihu.com/people/mi-sha-sha-7,米莎莎,https://pica.zhimg.com/v2-abed1a8c04700ba7d72b45195223e0ff_l.jpg?source=06d4cd63,1780328722220
11397574920,0,说的都很模糊笼统，说难听点可能套谁身上都要中几条,1768899816,广东,0,2,0,1962941393497491344,article,82cb4f5f083da0e95ce8acf2b51165fe,https://www.zhihu.com/people/fan-wu-jiu-86-89,知乎用户WvDhdI,https://picx.zhimg.com/v2-abed1a8c04700ba7d72b45195223e0ff_l.jpg?source=06d4cd63,1780328722224
11369148252,0,知道为啥这边啥东西都只能抄西方的了吧[赞],1765938198,山东,0,2,0,1962941393497491344,article,60b79ba9e70018ae7b5073f86038457a,https://www.zhihu.com/people/mario-42-20,一肚子下水,https://picx.zhimg.com/v2-13d59e021678aded1944173892e2103e_l.jpg?source=06d4cd63,1780328722228
11360766858,0,AI玄学，间接体现了科学的尽头是玄学么,1765033841,广东,0,2,0,1962941393497491344,article,a9afb8eec62c5fdbb00f348933a1f3ad,https://www.zhihu.com/people/lzwjojo,JoeLeung,https://picx.zhimg.com/v2-0c533ebca445cc2d1f040273ae5b4f89_l.jpg?source=06d4cd63,1780328722231
11359357032,0,几岁开始走大运？要自己填这个“几”吗？可是我不清楚呀,1764893137,广东,7,2,0,1962941393497491344,article,2a326b89d5224936965b5306a286f0c3,https://www.zhihu.com/people/fantasy-45-39,fantasy,https://pica.zhimg.com/v2-1d73845b8374f545e2f0c7dcb9de94e9_l.jpg?source=06d4cd63,1780328722235
11420625405,0,Deepseek刚火那会我用它算了好几次命理，但和自己的学历、经历、工作、家庭情况等等都不太准，今天看到你这个回答，觉得可能是我不会用了。,1771570460,广东,0,0,0,1962941393497491344,article,7508e273b1797b4d8de2e2d77b4ce2e2,https://www.zhihu.com/people/85-21-96-89-10,一只元气酱,https://pic1.zhimg.com/v2-0f4d4f40da906632f6d2c32350161094_l.jpg?source=06d4cd63,1780328722238
11380115535,0,-我试着用Deepseek解六爻，然后我就没然后了。。。联时间对应的都是错的,1767059357,贵州,0,1,0,1962941393497491344,article,6bcd386813995ef796f9a59db69b724b,https://www.zhihu.com/people/xu-tian-hao-21,八酒分,https://picx.zhimg.com/v2-df16d0261a7533904b25142caf7ad5ea_l.jpg?source=06d4cd63,1780328722247
11399623241,0,[捂脸]一路验证下来，没有一个对的！,1769102241,湖北,0,1,0,1962941393497491344,article,f0ff1e0a1168c1160e580d07d5a84a82,https://www.zhihu.com/people/xu-wen-ting-54-12,婷子,https://picx.zhimg.com/v2-9318714434bf410f01fe3150840a9f04_l.jpg?source=06d4cd63,1780328722251
11391265996,0,科学和玄学有效衔接,1768203040,陕西,0,1,0,1962941393497491344,article,e0c57a3fe89d07c494f4fea90db53c09,https://www.zhihu.com/people/he-he-73-39-69,青山依旧,https://picx.zhimg.com/v2-0df6923e401e9817c5208e403bdb098f_l.jpg?source=06d4cd63,1780328722252
11383390353,0,ai始终替代不了人类，还不如找人算，之前我找过一个老师算，真的好准，还会给建议和指引[大笑],1767436692,广东,1,1,0,1962941393497491344,article,2e0e3f1699217ff41fe88f7ed101fe2f,https://www.zhihu.com/people/xiao-bai-99-67-92,小白,https://pic1.zhimg.com/v2-a14ae13cc59bb65f4992bc354d331fc0_l.jpg?source=06d4cd63,1780328722256
11380777502,0,真实,1767098728,江西,0,1,0,1962941393497491344,article,f77885392ce776b716147eae314b148e,https://www.zhihu.com/people/zhi-dao-wo-ke-ai,知道我可爱,https://pic1.zhimg.com/v2-a46f5582a67800cbcc67fd0e639cf2d6_l.jpg?source=06d4cd63,1780328726644
11380570661,0,喂给了gemini，准的可怕,1767085558,上海,1,1,0,1962941393497491344,article,6ffc3acf82a1a0cedb7b289accf8fc4c,https://www.zhihu.com/people/ji-ji-gu-gu-99-68,叽叽咕咕,https://picx.zhimg.com/v2-cc3e0a1ccd50fa92d74e329908dee9d1_l.jpg?source=06d4cd63,1780328726650
11370214249,0,都试过，gemini断事明显厉害得多，让他断六亲，第一次基本错，但你告诉它问题后让他断第二个，基本对，后面再问前事，命中率70%，断职业尤其准,1766020859,四川,0,1,0,1962941393497491344,article,5f2c99eb4b8f6d1b5a94e536f0c6198c,https://www.zhihu.com/people/kiddsc,kiddsc,https://pic1.zhimg.com/v2-abed1a8c04700ba7d72b45195223e0ff_l.jpg?source=06d4cd63,1780328726655
11433182005,0,DeepSeek被设定为优秀的普通人，所以它不能给你算命。,1772930202,天津,0,0,0,1962941393497491344,article,ce4ea0e4542e11ecae35082191978c62,https://www.zhihu.com/people/73-56-5-48,日月星言,https://pic1.zhimg.com/v2-f96b85691890be69332eb4d9b55f92b8_l.jpg?source=06d4cd63,1780328726662
11340374787,0,矫正后非常准,1763030694,广东,0,0,0,1962941393497491344,article,89985f9fe5acb23a34ba35763c23733e,https://www.zhihu.com/people/43-1-70-38,豆豆,https://pic1.zhimg.com/v2-c6aa423da40b267b7e1ee98b1ed2ee23_l.jpg?source=06d4cd63,1780328726668
11497141582,0,算一半bug了[捂脸] 说什么互联网繁忙,1780272316,安徽,0,0,0,1962941393497491344,article,5f597c2852807a04e2d35ca3643bc8a3,https://www.zhihu.com/people/98-50-18-50-65,白猎人,https://picx.zhimg.com/v2-2dc0507462d18be595d691340de86a0f_l.jpg?source=06d4cd63,1780328726671
11497060890,0,八字都排不准算什么命？也就是仅供娱乐。,1780286322,云南,0,0,0,1962941393497491344,article,e7bad717f91066bae933219171143f78,https://www.zhihu.com/people/hong-yi-26-60,洪义,https://pic1.zhimg.com/v2-abed1a8c04700ba7d72b45195223e0ff_l.jpg?source=06d4cd63,1780328726676
11490062663,0,我发现我按男命看准很多[大笑],1779444755,广东,0,0,0,1962941393497491344,article,5465b452d986e8e0e86f62a9a8692e16,https://www.zhihu.com/people/liao-jie-56-25-30,了解,https://pic1.zhimg.com/v2-2c7fb96eaa35e74570a2e1893a7220b4_l.jpg?source=06d4cd63,1780328726680
11480782717,0,试了半个小时完全不对,1778404414,贵州,0,0,0,1962941393497491344,article,591ffb1bb98be1fd715256a4ad272852,https://www.zhihu.com/people/beng-bao-mi-hua-19,三三得九,https://pic1.zhimg.com/v2-67ac381cc31af54eefa074e894857878_l.jpg?source=06d4cd63,1780328726683
11478369616,0,下个文墨天机，里面有个AI功能，把文字粘贴到deepseek里就好了,1778204973,江苏,0,0,0,1962941393497491344,article,1b92571f99edcff5d3be6f6e5ae8fe66,https://www.zhihu.com/people/50-70-51-62,子不语,https://picx.zhimg.com/v2-cc697a181407d524d5ee134b126136de_l.jpg?source=06d4cd63,1780328726693
11475176301,0,一个小白如何知道自己什么时候走大运？,1777771589,江西,0,0,0,1962941393497491344,article,49cd89eedc964f3db84e99666e623c08,https://www.zhihu.com/people/jian-jia-80,蒹葭,https://pic1.zhimg.com/4258733a1_l.jpg?source=06d4cd63,1780328730875
11474970962,0,我算看出来了 大家确实过得都不太好 都开始研究玄学了[飙泪笑],1777756501,广东,0,0,0,1962941393497491344,article,0581e99006454349956cc2298009dd76,https://www.zhihu.com/people/qing-zi-53-34,小啤酒,https://picx.zhimg.com/v2-3ca060a5a72c60ab029d2c97826d7e59_l.jpg?source=06d4cd63,1780328730880
11446333924,0,并不准,1774410434,山东,0,0,0,1962941393497491344,article,1df53864745e12801bfe919778a6f50c,https://www.zhihu.com/people/7-21-80-57-66,加溜炮,https://picx.zhimg.com/v2-05d3a0e849f322cb1afa108f3e2d13c3_l.jpg?source=06d4cd63,1780328730883
11431249225,0,每次排出来的八字都不准。6_7回了没有一回对,1772770339,黑龙江,0,0,0,1962941393497491344,article,5645f6815794e4ea6761d59f1ef3ff92,https://www.zhihu.com/people/shuumycz,知乎用户SHuuMyCZ,https://pic1.zhimg.com/v2-5fc67a2efe2e8f52b40fac8a80da1442_l.jpg?source=06d4cd63,1780328730886
11430144458,0,这个真的好使吗，它不会乱算吗,1772556779,吉林,0,0,0,1962941393497491344,article,e6cfd0e13593b7f5dd51b906a0d8b7fe,https://www.zhihu.com/people/mo-ha-92-22-20,嘿哈,https://picx.zhimg.com/v2-7aad2447c1a7b775e066f6b6a25ef3fb_l.jpg?source=06d4cd63,1780328730891
11427166371,0,准成吗,1772332272,山东,0,0,0,1962941393497491344,article,34127db3e36a82d8d34aa99c0e6c58e8,https://www.zhihu.com/people/chao-ren-bu-hui-fei-21-58,疏影,https://pic1.zhimg.com/v2-be51b63b470e13b1d24b9aa2a28e2192_l.jpg?source=06d4cd63,1780328730897
11427101111,0,算完了，人生无望了,1772297662,广东,0,0,0,1962941393497491344,article,c130a2c50afa0057f10f910007e2283d,https://www.zhihu.com/people/mou-mou-72-74,某某,https://picx.zhimg.com/v2-7c0dd2dfa0b579cc006d16ceac704784_l.jpg?source=06d4cd63,1780328730902
11425104997,0,赛博迷信。尽信书，不如无书。,1772070010,云南,0,0,0,1962941393497491344,article,80371a1672767e8f0b2798f341302337,https://www.zhihu.com/people/wilf-wolf,wild wolf,https://pic1.zhimg.com/v2-abed1a8c04700ba7d72b45195223e0ff_l.jpg?source=06d4cd63,1780328730908
11417703043,0,哈哈，我也老这样干,1771121149,内蒙古,0,0,0,1962941393497491344,article,f12257dc133ef2d8a5dffbddaaf2dda4,https://www.zhihu.com/people/xin-da-lu-de-xiao-ke-ai,新大陆的小可爱,https://pic1.zhimg.com/v2-b970f9b079020d211d8879222d31f88d_l.jpg?source=06d4cd63,1780328730913
11416598273,0,拉倒吧，什么ai软件都排不准八字，每年万年历都不一样，隔几个时辰出生的八字就千差万别,1770964278,上海,0,0,0,1962941393497491344,article,439bb41586d3a0dc7bd75bd1aa838dba,https://www.zhihu.com/people/1228856,1228856,https://pic1.zhimg.com/v2-abed1a8c04700ba7d72b45195223e0ff_l.jpg?source=06d4cd63,1780328730917
11405675521,0,大运,1769759700,上海,0,0,0,1962941393497491344,article,d4354932a689a9aa24d9585f3eab011e,https://www.zhihu.com/people/qi-hei-15-10,漆黑,https://picx.zhimg.com/v2-221e76f5752637563322a46a261442ec_l.jpg?source=06d4cd63,1780328735021
11399634776,0,说我和我的男朋友2026年春节前后得分手[流泪],1769068534,辽宁,4,0,0,1962941393497491344,article,5735338e797f97e0f30d27f18aafda69,https://www.zhihu.com/people/wei-ning-69,叶十一,https://pic1.zhimg.com/v2-11aee302db278b9cfdfe91fb7de01e47_l.jpg?source=06d4cd63,1780328735026
11398743755,0,非常好玩，有空可以试试,1768997905,江苏,0,0,0,1962941393497491344,article,e79b6e69337e1aa84ab73c91335fea43,https://www.zhihu.com/people/zhou-yun-ming-16,周芸名,https://pic1.zhimg.com/v2-64d216a68f20d6bd68a03f3e9e562c9d_l.jpg?source=06d4cd63,1780328735029
11398670521,0,没有走过大运的呢,1769011291,湖南,0,0,0,1962941393497491344,article,f612a967c0aad3917335ee7b155bdcf3,https://www.zhihu.com/people/montecarlo-43,会飞的猪,https://picx.zhimg.com/v2-cb89abf6f1eaac641e44156cdce2dd29_l.jpg?source=06d4cd63,1780328735033
11398485829,0,大运流年都排不准,1769012228,陕西,0,0,0,1962941393497491344,article,7e0cc14f9a26f1aa2749390a8bc5121a,https://www.zhihu.com/people/suzie-59-35,suzie,https://picx.zhimg.com/855af6cd081e6187768d24e723e55fb8_l.jpg?source=06d4cd63,1780328735039
11397319209,0,写的很详细，先收藏了哈哈哈，感谢作者！,1768900779,广东,0,0,0,1962941393497491344,article,4d795e7c8af7e4fc4cca8b9b6a00fc25,https://www.zhihu.com/people/chang-chang-57-55,翁类观,https://pic1.zhimg.com/v2-51b9b991f5286f0569028b090352682f_l.jpg?source=06d4cd63,1780328735045
11397141478,0,一般来说，命理符合的是一类人，生存环境又是第二类影响因素。,1768817009,陕西,0,0,0,1962941393497491344,article,6cf426d134b273a0763245da726f6621,https://www.zhihu.com/people/92-30-67-17,生如夏花,https://picx.zhimg.com/v2-abed1a8c04700ba7d72b45195223e0ff_l.jpg?source=06d4cd63,1780328735049
11396485425,0,[感谢],1768759341,山东,0,0,0,1962941393497491344,article,f35c8552d56cf86149ad1426afef966c,https://www.zhihu.com/people/zhui-meng-9-5-9,追梦,https://pic1.zhimg.com/v2-3134e31d456debd3041c8366aff44791_l.jpg?source=06d4cd63,1780328735052
11396428873,0,没对上,1768780493,河南,0,0,0,1962941393497491344,article,b4fad1f2e22370434221833d0bc9c3bf,https://www.zhihu.com/people/wang-rui-64-85-79,那年那兔,https://picx.zhimg.com/v2-abed1a8c04700ba7d72b45195223e0ff_l.jpg?source=06d4cd63,1780328735057
11396070937,0,去年问过类似的，它告诉我不要迷信[大笑][大笑][大笑],1768740988,天津,0,0,0,1962941393497491344,article,b43ca7da7848100e0350c876bbb04d6a,https://www.zhihu.com/people/si-shui-liu-nian-95-31,似水流年,https://pic1.zhimg.com/v2-05b867ba14b1b0d23bf3ee37464bdedf_l.jpg?source=06d4cd63,1780328735062
11396004338,0,我真的算过   觉得挺准确的   我还一度算过运气🍀,1768714134,江苏,0,0,0,1962941393497491344,article,2fd45867f86d9a33725e46e2c6bf12b0,https://www.zhihu.com/people/zhu-xian-nu-25,年糕,https://picx.zhimg.com/v2-f385b11ce4d41bc0e6a8ae74a3af1320_l.jpg?source=06d4cd63,1780328739299
11394713687,0,我利用业余时间开发了一个威信小程序。我不把它当成一个迷信工具，而是当成一个心理咨询+数据分析的产品来做。大家可以看看我做的效果，小程序名称【启元录】[图片],1768551620,上海,1,0,0,1962941393497491344,article,a8e49c9263abebad6ed093774366abd1,https://www.zhihu.com/people/chaselrain,Chaselrain,https://picx.zhimg.com/v2-abed1a8c04700ba7d72b45195223e0ff_l.jpg?source=06d4cd63,1780328739305
11393792118,0,赛博算命,1768467982,河北,0,0,0,1962941393497491344,article,352d1553c987012af5876c8c9f133cb1,https://www.zhihu.com/people/yao-shuo-11,姚小厨,https://picx.zhimg.com/2ef839475_l.jpg?source=06d4cd63,1780328739315
11393672638,0,不知道几岁走大运咋整,1768464027,河南,0,0,0,1962941393497491344,article,6ed6099b8d7696fdfbcc8cc3354ff1dd,https://www.zhihu.com/people/yuan-yang-6-69-69,源烊,https://picx.zhimg.com/v2-3f230f385c193e2d56382f7fc8a74343_l.jpg?source=06d4cd63,1780328739317
11393080011,0,哪来的大运，没碰到过或者没感觉出的都不知道哪年是大运,1768440348,广东,0,0,0,1962941393497491344,article,7d44547543ab548a6fe2ba20c45a112e,https://www.zhihu.com/people/xiao-hei-84-2-83,小黑,https://pic1.zhimg.com/v2-ae5de37f9a9dffe7cf2bf462821699a6_l.jpg?source=06d4cd63,1780328739322
11391945305,0,我下回一定看完全文再试验，调了一顿，竟然只是问感情哈哈哈，我更喜欢问财运,1768297378,山东,0,0,0,1962941393497491344,article,cabf1b2c6bd50e2de4c9eb91642909d9,https://www.zhihu.com/people/ting-shuo-tai-yang-hui-zao-qi,赵舒宁,https://pic1.zhimg.com/v2-dabc0fbc9af3de82ca3d96b3f80be7d3_l.jpg?source=06d4cd63,1780328739323
11391316124,0,注意：写几岁开始走大运非常重要，减少重复更正带来的时间损耗可我不知道我几岁走大运啊,1768269588,浙江,0,0,0,1962941393497491344,article,0b922d8c72cd3acb8c7ca970841dfe37,https://www.zhihu.com/people/qqqyyy-36,qqqyyy,https://pica.zhimg.com/v2-612fe608f1b6cb80b12a9f3a8463db35_l.jpg?source=06d4cd63,1780328739326
11391177351,0,准的一批,1768197288,浙江,0,0,0,1962941393497491344,article,4ce5f81c7f8029e2992ef7d100d2f26b,https://www.zhihu.com/people/89-52-54-94,棠颂源鸣清,https://picx.zhimg.com/v2-bcbe6c06cd3e636f9512957bdc6a0f4c_l.jpg?source=06d4cd63,1780328739328
11391083348,0,后面呢？一路纠正过去，到了第9基本一塌糊涂，根本不对,1768188520,广东,0,0,0,1962941393497491344,article,8489f55e64222b4d2dca1328acf557ba,https://www.zhihu.com/people/gu-deng-37-54,on先生,https://picx.zhimg.com/v2-59291cb631e39d89c083cc05bd17ca41_l.jpg?source=06d4cd63,1780328739331
11390975737,0,用了好几个ai一起分析，deepseek不太好，喜欢和稀泥,1768205388,河北,0,0,0,1962941393497491344,article,43c1d651c3fd9bd8633d6824db33c5a2,https://www.zhihu.com/people/zhou-yang-19-44,载酒寻歌,https://picx.zhimg.com/v2-4138534c1c27c5b8c2ded6c9fc382e30_l.jpg?source=06d4cd63,1780328739334
11390922350,0,其实还可以用ai算六爻，心里默念自己要问的问题然后起卦，写卦得出本卦、变卦、互卦、错卦、综卦，把这些卦连同问题扔给ai让它解卦。,1768210412,巴基斯坦,0,0,0,1962941393497491344,article,df53b081447cfa33fb51912840d68793,https://www.zhihu.com/people/shang-shan-ruo-shui-68-87-42,上善若水,https://picx.zhimg.com/v2-0e84acc06e248d193893b275a5042d9c_l.jpg?source=06d4cd63,1780328743698
11390786156,0,说我存钱非常不易，左手进右手出，体质寒湿，脾胃和泌尿系统问题，确实身体湿寒和泌尿系统问题，还一直以来确实经济非常困难，不但没存下钱，还欠外债[捂脸]感觉确实很准。,1768170236,山东,0,0,0,1962941393497491344,article,63cee441dac086ce72cc3f7fdbb18a47,https://www.zhihu.com/people/--abcd-87-24,林曦,https://picx.zhimg.com/v2-86d9e8c3006b0744e676ee69fda971f0_l.jpg?source=06d4cd63,1780328743703
11390630115,0,建议完全不懂八字的还是放弃，第一步推算八字就是错的,1768206231,河北,0,0,0,1962941393497491344,article,43c1d651c3fd9bd8633d6824db33c5a2,https://www.zhihu.com/people/zhou-yang-19-44,载酒寻歌,https://pic1.zhimg.com/v2-4138534c1c27c5b8c2ded6c9fc382e30_l.jpg?source=06d4cd63,1780328743707
11390311919,0,不准,1768120959,山东,0,0,0,1962941393497491344,article,c5ab2fcdb700f7757ac84bd746358c12,https://www.zhihu.com/people/zhou-zhi-zhi-zhi-96,周吱吱吱,https://picx.zhimg.com/v2-70441f6e8ad6b040004f524d1cbd80c1_l.jpg?source=06d4cd63,1780328743710
11389934877,0,校正完就不太准，顺着你的意思说而已。还不如一开始准。,1768113854,河北,3,0,0,1962941393497491344,article,a5203a532e378dc88d6a1aa7911a4b1c,https://www.zhihu.com/people/qing-zhe-mu-46,清哲木,https://pica.zhimg.com/v2-304094666736fc9b5107f4fbcc83d0a3_l.jpg?source=06d4cd63,1780328743715
11388769831,0,不准，有的都是靠修正才准。感情方面全扯淡,1767992381,安徽,0,0,0,1962941393497491344,article,51ee82bf5c96aff971f76fa011f31521,https://www.zhihu.com/people/76-63-29-48,阿然,https://pica.zhimg.com/v2-62661b9185c9ca943a5d1423da5bcc57_l.jpg?source=06d4cd63,1780328743720
11388367664,0,刚去算了下，说我41岁正缘出现，这,1767927429,上海,0,0,0,1962941393497491344,article,fd7730583d17e6803593bea71b54dc8e,https://www.zhihu.com/people/xin-zhi-suo-xiang-bian-shi-guang-15,心之所向便是光,https://picx.zhimg.com/v2-74ad615c866609358e15d59da2779dd6_l.jpg?source=06d4cd63,1780328743723
11388343110,0,大范围的还是包含的，自娱一下。,1767925896,山东,0,0,0,1962941393497491344,article,af32f75d3db6309e6145c4f67995eb7b,https://www.zhihu.com/people/snbjbstudy,酸奶不加冰,https://pica.zhimg.com/v2-6ed054b7d2406a1c8d4c7b8311feb26a_l.jpg?source=06d4cd63,1780328743727
11388331952,0,真有用吗？,1767889528,山东,0,0,0,1962941393497491344,article,30a475c96a66cafd2a2bc4c4b59e2ee5,https://www.zhihu.com/people/12-89-22-81-89,茂森,https://picx.zhimg.com/v2-6412244c1b045ef54375f3d2d546d139_l.jpg?source=06d4cd63,1780328743728
11385280668,0,我得也是，把排版什么都喂给他，不管是deepseek 和gemini 回复的内容都一样,1767609961,广东,0,0,0,1962941393497491344,article,0d43dc445e818acd8efe04af9f69f3b2,https://www.zhihu.com/people/tina-11-5-13,Goddess,https://picx.zhimg.com/v2-da287e02867f43c7619f04cb3b7914aa_l.jpg?source=06d4cd63,1780328743732
11379063718,0,还真试了一下，不少都准，有个问题是不是搜集到了之前的信息，之后的会准吗，存疑。,1766910785,河北,1,0,0,1962941393497491344,article,48ed455f3737a21a868486206ae4116f,https://www.zhihu.com/people/mo-mo-88-16-53,安静,https://pic1.zhimg.com/v2-869ed76c7ab123c86b825a56e48927f3_l.jpg?source=06d4cd63,1780328747982
11378018332,0,我怎么知道我几岁大运呢,1766821375,山西,0,0,0,1962941393497491344,article,b0a2c11f31982e38fcda2a5a033a4358,https://www.zhihu.com/people/luan-84-51,Luan,https://pic1.zhimg.com/v2-6d7cca985bc62c0901bb30d9ba637337_l.jpg?source=06d4cd63,1780328747987
11377750696,0,可怜夜半虚前席，不问苍生问ai,1766798747,河北,0,0,0,1962941393497491344,article,ae44c33e70a6ec44886b22522df0d54b,https://www.zhihu.com/people/kai-di-la-ke-35-41,凯迪拉克,https://picx.zhimg.com/v2-eb19c903c416cfd12b4f52fc54462be4_l.jpg?source=06d4cd63,1780328747991
11376985953,0,干枣,1766674736,安徽,0,0,0,1962941393497491344,article,84be16c51f66f6e052882b1bd6be8e3e,https://www.zhihu.com/people/17-93-79-13,知乎用户溯,https://pic1.zhimg.com/v2-13b914905415712a5b284f2b198eabcf_l.jpg?source=06d4cd63,1780328747996
11376923148,0,有没有紫微的[doge],1766653364,山东,0,0,0,1962941393497491344,article,1b10e8fa9cd6c6d28868a2708e0d2f3e,https://www.zhihu.com/people/giufh,韭歌,https://picx.zhimg.com/v2-cdc79894584a3fabcc63a2706c23f623_l.jpg?source=06d4cd63,1780328748001
11376393808,0,按照这个调整完，算的我的另一半直接就是我内心理想型， 关键，我这理想型真的看的上我这样的么[捂脸][捂脸]，算说2027-2028年，尤其是2028年能结婚，我拭目以待吧,1766644884,安徽,0,0,0,1962941393497491344,article,bc08ae8ae3fc5cd5b15e2bae3e508eee,https://www.zhihu.com/people/zi-chuan-71-66,你明白吗,https://picx.zhimg.com/v2-107e36707ee037e7f1be991f58b8e6ac_l.jpg?source=06d4cd63,1780328748005
11375757705,0,我就说知乎上能人多，这不有学习了一个知识,1766562663,广东,0,0,0,1962941393497491344,article,1f7c64798eb3b3986e44940d01e287a2,https://www.zhihu.com/people/deng-qiu-shao-85,韶7788,https://pica.zhimg.com/v2-abed1a8c04700ba7d72b45195223e0ff_l.jpg?source=06d4cd63,1780328748009
11375669695,0,试了，全错。,1766561361,四川,0,0,0,1962941393497491344,article,0b5a7ac5eb0463328d457cd535dae516,https://www.zhihu.com/people/anita-48-62,阿哟小怪物,https://picx.zhimg.com/v2-639abbb485c522c5a6e80dbf54949b4e_l.jpg?source=06d4cd63,1780328748011
11375478140,0,我的天，准的吓人！历史事件基本上都沾边，大学专业和学校也都猜对了,1766583462,黑龙江,1,0,0,1962941393497491344,article,8e6bf0ac4b0ee8102e68c4ba3b8a3b8d,https://www.zhihu.com/people/8-73-65-9,时迁,https://picx.zhimg.com/v2-be1ed5195335c737b6089d5001309faa_l.jpg?source=06d4cd63,1780328748015
11375341036,0,命运，先有命，后有运。算的是命，自己取舍努力的是运。,1766538999,河南,0,0,0,1962941393497491344,article,3010e75f5a7a346249c70cf907139425,https://www.zhihu.com/people/bu-chi-luo-bu-de-tu-zi-47-92,不吃萝卜的兔子,https://picx.zhimg.com/v2-36a88410e5fc46c3d40b9fa7089789c0_l.jpg?source=06d4cd63,1780328748019
11375206479,0,我觉得还是很准啊！！2014年（甲午年，您30岁左右）· 发生了什么：这是破财、变动很大的一年。很可能因为朋友、兄弟、合作方的事情导致财务损失，或者工作上竞争白热化，压力山大。也容易发生工作变动、搬家或内心焦虑纠结的事情（子午冲）。· 白话解释：就像很多人一起来抢你这棵树的养分（财），同时树根还被大水冲击（内心动荡），过得比较折腾。实际情况：2014年第一个儿子出生，同时我买了第一套房子。2020年（庚子年，您36岁左右）· 发生了什么：这是压力爆表、感到束缚的一年。事业上遇到非常严峻的挑战或来自上级、外界的巨大压力，甚至可能有官司、是非缠身。身体上也容易感到疲惫，需注意肾脏、睡眠等问题。整体感觉是有志难伸，被环境狠狠压制。· 白话解释：就像大树被厚厚的冰雪覆盖，又像龙被困在深潭里，空有本事却动弹不得，非常憋屈。实际情况：2020年口罩刚爆发时我裸辞了。这一年跌宕起伏，事事不顺，最终导致我无业在家待了两个多月。2023年（癸卯年，您39岁）· 发生了什么：这是财务上出现明显破耗的一年。很可能是投资失利、借出去的钱收不回来，或者因为家庭、房屋、长辈的事情有一笔很大的支出。本质上是“朋友”或外界因素导致的钱财损失。· 白话解释：就像身边的藤蔓长得太茂盛了，反而把您这棵树的营养和钱财都给吸走了。实际情况：老二出生，老二刚满月父亲就脑出血了。您现在正处在己卯大运（34-43岁） 的尾巴上。这十年总体是求财辛苦，钱财容易左手进右手出的阶段，所以更适合稳扎稳打，不要做冒险的投资。· 2025年（乙巳年）：变动之年！工作环境、地点很可能会有变化（巳亥冲）。这个变动对您是机会大于挑战，尤其利于您在南方（比如您现在所在的广东）从事与技术、演讲、网络、艺术相关的工作，能更好地发挥您那“小火苗”的才华。实际情况：2025年确实换了工作。,1766546272,广东,0,0,0,1962941393497491344,article,532e73d94a50e92f57b61e05e5f963ef,https://www.zhihu.com/people/zhanght-66,zhanght,https://pic1.zhimg.com/v2-abed1a8c04700ba7d72b45195223e0ff_l.jpg?source=06d4cd63,1780328752220
11374859720,0,刚试了下，我就说了自己的历史大事件，全对上了，因为啥初恋，又因为啥分手。二次恋爱因为啥，都是说的清清楚楚，我都没说咋认识的。全对上了,1766478640,江苏,0,0,0,1962941393497491344,article,fbd5d73b27ac511e4e61aa74cd90fe07,https://www.zhihu.com/people/ou-shi-xiao-chu-nan,解多多,https://picx.zhimg.com/v2-31a7578f441c9a8de62871afd1144089_l.jpg?source=06d4cd63,1780328752225
11374648149,0,条件这么好，真的能看上我吗[思考],1766462090,河北,0,0,0,1962941393497491344,article,28e00d98dfe46841e6c3e08afc63d732,https://www.zhihu.com/people/zuo-zhu-fu-ren-76,青椒土豆丝炒蛋,https://picx.zhimg.com/v2-de630d3aeb23ed5c417237bb62ad953a_l.jpg?source=06d4cd63,1780328752231
11374419911,0,跟星座一样模棱两可的东西，其实就是古代的心理学，安抚一下过的不好的人罢了。哪有这么神奇。主要就是安抚人心的作用,1766464477,广东,0,0,0,1962941393497491344,article,d15924195c9346fca46a736e7c53f801,https://www.zhihu.com/people/69-86-51-12-23,什么齐天大圣,https://pic1.zhimg.com/v2-4a11887832238d62282f8000e517db35_l.jpg?source=06d4cd63,1780328752237
11374144320,0,可是我如何得知我什么时候走大运？,1766410505,湖南,0,0,0,1962941393497491344,article,dc071ed39eae8d4a215fa6e20cda50f8,https://www.zhihu.com/people/54-46-31-50-44,央吉拉姆,https://picx.zhimg.com/v2-fee9458c29cdccf10af7ec01155dc7f0_l.jpg?source=06d4cd63,1780328752240
11372136972,0,我上的音乐学院，他算我大学学的财务管理。。。。,1766208639,天津,0,0,0,1962941393497491344,article,445ccc81f51b61cd78cd02812c9eca78,https://www.zhihu.com/people/gang-tie-xia-xiao-fei-ying,花裤头兔奶奶,https://pica.zhimg.com/b6c83222a21f7e0b6e5c6eb4e81ec56e_l.jpg?source=06d4cd63,1780328752243
11371703325,0,算我小时候的事特别准，还说以后我和男朋友可能会在他22岁的时候分手,1766126847,山东,0,0,0,1962941393497491344,article,247999d66da04d1df987531ff65eb90a,https://www.zhihu.com/people/ji-chi-shao-nu-21,鸡翅少女,https://pic1.zhimg.com/v2-abed1a8c04700ba7d72b45195223e0ff_l.jpg?source=06d4cd63,1780328752244
11370491136,0,排的大运和问真八字不一样,1766045215,河南,1,0,0,1962941393497491344,article,aba5122ffbfb949d210a9ea5d17645fc,https://www.zhihu.com/people/zhang-liu-43-51,张柳,https://picx.zhimg.com/6bf56557226ac66ed4ce0052858cb661_l.jpg?source=06d4cd63,1780328752248
11368792229,0,准到可怕,1765854926,四川,0,0,0,1962941393497491344,article,7d11cd9def17a352dea05b17fab6dbaa,https://www.zhihu.com/people/su-fei-80-37,肉嘎嘎妹妹,https://pic1.zhimg.com/v2-c60a052d6a29288d8199015854085317_l.jpg?source=06d4cd63,1780328752252
11368474826,0,查看图片,1765853160,贵州,0,0,0,1962941393497491344,article,686ac0564cead51fce61266e6ba20224,https://www.zhihu.com/people/xiao-xiao-mao-dun-ti-32,小小矛盾体,https://picx.zhimg.com/v2-c9842a8a81194dbaab62d573636ee5b0_l.jpg?source=06d4cd63,1780328752253
11363199439,0,一般的人生轨迹可能会准，我的信息补充对话多次还是不准，可能因为跌宕起伏不合常理所以难以推断吧,1765295329,山东,0,0,0,1962941393497491344,article,62d75625fbf079a979e9be2b5999cd56,https://www.zhihu.com/people/yu-yang-yu-luo-xi-yang-6,羽扬雨落夕阳,https://picx.zhimg.com/v2-cdf2d68b3d8aca1a28fe9c62cc846e26_l.jpg?source=06d4cd63,1780328757695
11361883930,0,用你这个算准到让我害怕。。。,1765179000,广西,0,0,0,1962941393497491344,article,75793a7b66cb3419350288796ce0bb26,https://www.zhihu.com/people/a-tao-xue-chang-zhu,阿涛学长丶,https://picx.zhimg.com/v2-d59ba64528fcf8fca6dca3a9505ecf85_l.jpg?source=06d4cd63,1780328757702
11361682766,0,这个太厉害了，在第五步就已经把我看透了。,1765106172,河南,0,0,0,1962941393497491344,article,37b05bf6a7fa43722d0d725d0d732bc9,https://www.zhihu.com/people/wu-mo-xi-15,扫黄打非好,https://picx.zhimg.com/v2-37f28dcb0f4a2fbae71ea1a7212ae8a5_l.jpg?source=06d4cd63,1780328757707
11358087431,0,我靠，准的我头皮发麻,1764739077,山东,0,0,0,1962941393497491344,article,458d0deb2ebb25ca2b7f764b5501aa1f,https://www.zhihu.com/people/xia-qiu-dong-61,夏秋冬,https://pic1.zhimg.com/v2-8f5aa2e127aa2e37ef2e251383784f24_l.jpg?source=06d4cd63,1780328757712
11352222005,0,几岁开始走大运是需要自己判断吗，这个怎么看,1764204308,内蒙古,1,0,0,1962941393497491344,article,5306c3ef65d2bdef982b6eb81fa4a3e0,https://www.zhihu.com/people/liu-chen-4-55,无师自通,https://pica.zhimg.com/1599a6b16b6f9c0c102c6cd08e91afc1_l.jpg?source=06d4cd63,1780328757723
11351565038,0,然而还是会错，,1764140345,云南,0,0,0,1962941393497491344,article,248fa18c725f438dcef92594d4086304,https://www.zhihu.com/people/50-1-60-57,明珠求瑕,https://pic1.zhimg.com/v2-6dc2f740e49f639ef139294e1ba2d745_l.jpg?source=06d4cd63,1780328757727
11363687476,0,拉倒吧 第一步八字批的就不对,1765359011,北京,0,1,0,1962941393497491344,article,c034cdf3aeb701dfd7dd67fb5166de45,https://www.zhihu.com/people/bu-zhi-pi-juan-ben-pao-de-gou-zhu,不知疲倦奔跑的狗丶,https://picx.zhimg.com/v2-2af4fac674136d5de651b50af11b5ac2_l.jpg?source=06d4cd63,1780328757732
11371102123,0,全是错的，并且bbbb一直说的人很烦[流泪],1766062127,河南,0,0,0,1962941393497491344,article,a769e43b8766c1556993b8fcb97a1aed,https://www.zhihu.com/people/li-wo-qian-xiao-86-3,Sweet,https://pic1.zhimg.com/v2-e9829ac0da0eae22b9c6711a9f234e59_l.jpg?source=06d4cd63,1780328757737
11482298980,0,这种指令其实早就有网站系统性的做过了，做完之后明显能感觉到ai算命的准度和精度大幅提升，所以根本问题其实还是普通人自己用从排盘就排错，然后就是普通的用户使用ds时，ds很容易把用户当成小孩子哄[捂脸]，所以需要大量的约束词和要求才能让他真的客观的去给你分析[大笑],1778598847,北京,0,0,0,1962941393497491344,article,3f3c8d487d77a14b310106d5421c8956,https://www.zhihu.com/people/fiio-51,FIIO,https://picx.zhimg.com/v2-d4e63df510f331d9f5fe964ae126a3e9_l.jpg?source=06d4cd63,1780328757743
11424094546,0,AI算命，一定要找真正的大师先算一次，DS一开始认为我身强，结果我是身弱，导致五行喜忌全是错的。基础的一定要对，后面的问了才有用。,1771998943,上海,0,0,0,1962941393497491344,article,3d57b5053b76dca540347fc2e07a9288,https://www.zhihu.com/people/jackkingkxd,Jackkingkxd,https://picx.zhimg.com/v2-abed1a8c04700ba7d72b45195223e0ff_l.jpg?source=06d4cd63,1780328757745
11409154246,0,我遇到的事儿，ai都能想明白，我就想不明白。,1770142475,北京,0,0,0,1962941393497491344,article,32742261dde2eeb85c52f342ad167397,https://www.zhihu.com/people/yimi-yang-guang-a-76,一米阳光a,https://picx.zhimg.com/v2-12b88ea472bdb1c3c9caf2da855021a9_l.jpg?source=06d4cd63,1780328761841
11395207385,0,抱着试试的心态可以推个大致，但是ai回答的问题基本都是为了附和你的回答才生成的,1768634990,广东,0,0,0,1962941393497491344,article,558dd7ebf5e855e9f86f0e961d68c502,https://www.zhihu.com/people/an-cun-19,青衿悠心,https://picx.zhimg.com/v2-11a0ad04ab824aa9e881821bd057f944_l.jpg?source=06d4cd63,1780328761846
11250189063,0,所以都是手动排盘，然后用自己的提示词交给ai，然后自己再校对，然后再交付给客户，效率可高了。,1754301947,湖南,1,12,0,1905774983600408449,answer,2560b0ef0a2923cbe68dc1c1dc1f91d4,https://www.zhihu.com/people/mskey,游幕鸽子,https://pic1.zhimg.com/v2-2f0e7d8e0bd6d214adfeab329be69321_l.jpg?source=06d4cd63,1780328772148
11283192616,0,我最近也进去了算命圈，感觉吧这套体系能自圆其说，但如果算出来不准他又能换个角度圆回来，让我迷茫了，我信命但对八字代表命持有一定的怀疑态度,1757386820,浙江,1,9,0,1905774983600408449,answer,5e6eec52a8610ee73e30b1b7fc0f96bf,https://www.zhihu.com/people/qing-deng-bu-gui-ke-65-14,青灯不归客,https://picx.zhimg.com/v2-abed1a8c04700ba7d72b45195223e0ff_l.jpg?source=06d4cd63,1780328772152
11177006534,0,人的主观能动性还是很大的,1747157833,山东,0,6,0,1905774983600408449,answer,232610b43e4a164c205d1cb357b63fa6,https://www.zhihu.com/people/wo-bu-xiang-qi-liao,我不想起了,https://picx.zhimg.com/v2-abed1a8c04700ba7d72b45195223e0ff_l.jpg?source=06d4cd63,1780328772156
11395847279,0,没这么高，deepseek，我也用过got跟Gemini我也用了，八字命理我不太懂，但是六爻占卜我有在学，有时候直接吧卦截图传上去，还是很需要去校正的，直接断的话准确率在我看来都凭运气，更何况玄学的东西追求百分百本身就是伪命题，但是用来辅助练习，比如要求他出一个有真实反馈的卦，自己来断来练习我感觉倒是挺好用的。而且有时候Ai会顺着你的卦去讲，比如我出了一个卦给他，反馈也得到了，但是他断错了，事后Ai的反馈有时候会自行圆卦，而不是在错误纠正。,1768750105,福建,0,1,0,1905774983600408449,answer,b010af3e9a12f71a1fd28543aba93ece,https://www.zhihu.com/people/wan-zhu-mei-hua,阿春,https://picx.zhimg.com/8d5b0228a6cf0c56cc4963c6567d3637_l.jpg?source=06d4cd63,1780328772160
11395265680,0,deepseek和豆包结果不一样，该信哪个呢[捂脸],1768653683,甘肃,0,0,0,1905774983600408449,answer,f1add030991090361488bc24f91cbfec,https://www.zhihu.com/people/bu-ru-mei-ming-zi-96,不如没名字,https://picx.zhimg.com/v2-abed1a8c04700ba7d72b45195223e0ff_l.jpg?source=06d4cd63,1780328772166
11369126686,0,把排盘和大运修正后挺准的吧？我觉得挺准的,1765881192,河北,0,0,0,1905774983600408449,answer,082a90416692fa92bcbcfc26d0232021,https://www.zhihu.com/people/yue-ran-28-51,悦然,https://pic1.zhimg.com/v2-abed1a8c04700ba7d72b45195223e0ff_l.jpg?source=06d4cd63,1780328772171
11344552927,0,中肯[赞],1763391722,上海,0,0,0,1905774983600408449,answer,f07b87494e198aae636019e8b029061d,https://www.zhihu.com/people/qing-shan-62-43,青山,https://pic1.zhimg.com/v2-abed1a8c04700ba7d72b45195223e0ff_l.jpg?source=06d4cd63,1780328772176
11257561666,0,你说的很对[赞同][赞同],1754909405,山东,0,0,0,1905774983600408449,answer,a9699c262abf75b5f4db12ae9299c5bd,https://www.zhihu.com/people/ming-k8,明K,https://picx.zhimg.com/v2-abed1a8c04700ba7d72b45195223e0ff_l.jpg?source=06d4cd63,1780328772181
11117118174,0,给我算的非常准 你多跟他聊天 他能推理出你的焦虑问题和你的重要关注点。很厉害。比豆包他们都强。用八字和炒股结合起来 能给你非常好的建议,1740209313,山东,4,15,0,21971785231,article,c183b3bbd805f1349cb039cadf81dea3,https://www.zhihu.com/people/ning-meng-man-72,柠檬man,https://picx.zhimg.com/v2-58d8c342f5c0d88033a718ff44628ba4_l.jpg?source=06d4cd63,1780328778421
11115628330,0,你引导他去看犯罪事件了，不然他自己不可能看这个出来。你带着答案去找他当然可以推理。,1740054292,黑龙江,1,10,1,21971785231,article,affe86e67f1e1d12ba0368cf225ef668,https://www.zhihu.com/people/zong-guo-xin,人生是梦,https://pica.zhimg.com/v2-4f6c266e0939691a872652bd271cd144_l.jpg?source=06d4cd63,1780328778425
11111779019,0,我有次分析出生时辰  用deepseek两次看 ，居然答案是反的,1739591169,四川,4,5,0,21971785231,article,d7bc5753c1aa4497b1046575a8e132b1,https://www.zhihu.com/people/25-30-88-87-25,承东,https://pica.zhimg.com/v2-e2a6a09caa36be8ba1a6376c5ab82c89_l.jpg?source=06d4cd63,1780328778430
11208829251,0,排盘起运这些固定技术很多算命的也不熟悉，他排错误其实没什么参考价值算命的核心是从命盘中分析出现实事件，这个才是区分命理师水平的关键要素我一般喜欢告诉他命盘、起运时间、前几步大运，然后让他分析过去发生了什么只提供一点基础信息的情况下，比如这人上学或者打工，他就能以此为锚点分析出惊人的数据,1750471632,广东,1,2,0,21971785231,article,5920e6d5708ba89c968eb224e35eac27,https://www.zhihu.com/people/arcsin-x1,arcsin x1,https://picx.zhimg.com/v2-723072684e72d54c4ba539c3a89870bc_l.jpg?source=06d4cd63,1780328778434
11117363046,0,能看出这个人必定吃官司，而且是能让他栽大跟头的官司，但是断不出他杀人，能看出这人杀意重来，孤克妻子，子女，要断他坐牢的话没啥大问题，杀人我还真看不出来,1740250213,山东,0,5,1,21971785231,article,cc2e2db7e625a369e4d78ed05cfff8b8,https://www.zhihu.com/people/shi-ni-yin-zi-ge,是你银子哥,https://pic1.zhimg.com/v2-9a429d93a9b8de3b378d6f7c11baa374_l.jpg?source=06d4cd63,1780328778438
11113132305,0,排盘非常不准,1739767979,甘肃,0,5,0,21971785231,article,098f0ee8793c4aba309c8c607085909d,https://www.zhihu.com/people/tiptheworld,得与德,https://picx.zhimg.com/v2-5d86574a116123278c4658c018c17a6f_l.jpg?source=06d4cd63,1780328778441
11108582511,0,现在好像拒绝分析了，总回复聊聊别的,1739268031,北京,2,4,0,21971785231,article,8db4501ce172b83f530e7eb2cc4410b3,https://www.zhihu.com/people/xiao-mao-76-93,知乎用户BzOUqZ,https://picx.zhimg.com/v2-abed1a8c04700ba7d72b45195223e0ff_l.jpg?source=06d4cd63,1780328778444
11113403465,0,看格局这个不应该是杀旺食强身健么[好奇],1739794860,吉林,3,2,0,21971785231,article,71a916dc8009b9374fb0bb00aec7e015,https://www.zhihu.com/people/31-7-48-34-37,知乎用户rb0aOs,https://pic1.zhimg.com/v2-abed1a8c04700ba7d72b45195223e0ff_l.jpg?source=06d4cd63,1780328778447
11121350123,0,即使是ds，也是需要人脑做方向性把关的，你必须懂盲派，象法和高级点的相互作用，才能发挥出它的力量，不过这种发挥也很不稳定，我曾在它没火的时候，觉得出什么题考考它呢，就拿盲派来考，没想到他真的有那么强大的逻辑推理能力，至于旺衰？笑话罢了，所以说使用者还是要懂才能用好，至少要把它的推理看懂六七成才行，引导的好偶然能到90分水平，但不稳定，经常也会发挥出30分的水平，并不是基础错误问题,1740716407,安徽,1,3,0,21971785231,article,e9f8cea3ae5e603896a74c1caa62bf2c,https://www.zhihu.com/people/li-ming-46-16-22,李明,https://picx.zhimg.com/v2-4f27581ce6c444534659d9baee587e57_l.jpg?source=06d4cd63,1780328778451
11161257253,0,DeepSeek连日期都算不对，排版更是各种错误。,1745389357,广东,0,3,0,21971785231,article,0796ec94b74bbe5b1b0922338fa207de,https://www.zhihu.com/people/qia-luo-la-8-83,猎魔人,https://pic1.zhimg.com/v2-aec042c69286fe40abe0fc2c389f3a5a_l.jpg?source=06d4cd63,1780328778455
11162705672,0,用神你要跟他说排出十神后， 分析八字的格局，还有潜在靠运激发出来的格局， 然后分析用神。 他就不单看五行给用神了。,1745563864,加拿大,0,0,0,21971785231,article,fd10346216f5831d00b62cac6b006db3,https://www.zhihu.com/people/neng-fou-yu-jian,缘起性空,https://picx.zhimg.com/v2-6d82ca17592009ecc2fffb91636de8e8_l.jpg?source=06d4cd63,1780328782851
11117363046,0,能看出这个人必定吃官司，而且是能让他栽大跟头的官司，但是断不出他杀人，能看出这人杀意重来，孤克妻子，子女，要断他坐牢的话没啥大问题，杀人我还真看不出来,1740250213,山东,0,5,1,21971785231,article,cc2e2db7e625a369e4d78ed05cfff8b8,https://www.zhihu.com/people/shi-ni-yin-zi-ge,是你银子哥,https://pica.zhimg.com/v2-9a429d93a9b8de3b378d6f7c11baa374_l.jpg?source=06d4cd63,1780328782857
11115628330,0,你引导他去看犯罪事件了，不然他自己不可能看这个出来。你带着答案去找他当然可以推理。,1740054292,黑龙江,1,10,1,21971785231,article,affe86e67f1e1d12ba0368cf225ef668,https://www.zhihu.com/people/zong-guo-xin,人生是梦,https://pic1.zhimg.com/v2-4f6c266e0939691a872652bd271cd144_l.jpg?source=06d4cd63,1780328782861
11405200456,0,DeePseek，算命绝对不准，我做了一个验证，将算命过程录了屏，错误百出，我发上去平台直接给我删除掉了，不让发。DeepSeek毕竟还停留在了2024年的系统上了，又不是即时回答，你说今年，他会回答是甲辰年，明年会是乙已年，毕竟不是人工，有时非答所问,1769726660,河北,0,0,0,21971785231,article,189c2831d3565bcb7b959bf4487f5f85,https://www.zhihu.com/people/zhang-yan-liang-23,张艳亮易经学院,https://picx.zhimg.com/v2-16dcb530f6d92668668d4e9c34c30f8f_l.jpg?source=06d4cd63,1780328782865
11391895436,0,我也试过，排盘都是错的，如果一个软件连基本的排盘都是错误的话，那后面根据排盘推出的结果很定是错误的了，所以不值得信赖。,1768274180,湖南,0,0,0,21971785231,article,5d8af3449dd4d2176760712f1d4cee98,https://www.zhihu.com/people/huang-qu-47-54,黄笃学,https://pica.zhimg.com/v2-12a06db8fad4c211802d2dfa81bb1526_l.jpg?source=06d4cd63,1780328782868
11378245141,0,也不难判断。首先月令透出为最强，七杀辛金强旺，然丁火虽透毕竟退气。原局两个木之墓库，看看这个墓库里面有什么就知道了，丁火与乙木，终究是在木库。不管你说是库也好是墓也好，都是无用之辈。大运逢乙未，卦象上就是伏吟，必生变数。三未之墓库，大运重地支，流年重天干，流年辛卯，杀之又杀，徒生祸端也是在劫难逃。从紫微斗数看，更直观，巨门生年禄又自化禄。巨门是生死之门，抽象为口为门为产道，四化说生年禄逢自化禄，为有中生无。生年禄是有，自化禄是变，有生变，就是无了。据此踏入濒临死亡之门，莫非定数乎？！,1766805017,安徽,0,0,0,21971785231,article,3f1a71a18930418006e3b4820cd5a149,https://www.zhihu.com/people/lu-xing-zhe-2-32,洞见国学,https://picx.zhimg.com/v2-d71598291f7e244f11d0c941bbdee560_l.jpg?source=06d4cd63,1780328782875
11368705455,0,查看图片,1765853131,贵州,0,0,0,21971785231,article,686ac0564cead51fce61266e6ba20224,https://www.zhihu.com/people/xiao-xiao-mao-dun-ti-32,小小矛盾体,https://picx.zhimg.com/v2-c9842a8a81194dbaab62d573636ee5b0_l.jpg?source=06d4cd63,1780328782880
11366689733,0,ai不会命理核心东西。这个东西ai怎么都学不会，只有人能掌握。而且大师不外传。,1765683996,贵州,0,0,0,21971785231,article,2f3f22d4a25d7cebd2f3bd2c9d64803b,https://www.zhihu.com/people/13579-32,卢禄撸噜麓,https://pic1.zhimg.com/v2-58fd024d863ffa89c738064d6baf84db_l.jpg?source=06d4cd63,1780328782883
11349389797,0,大神能帮我看看吗？谢谢！,1763901540,北京,1,0,0,21971785231,article,3c2e94b35405819140343b9f2eab196b,https://www.zhihu.com/people/xi-hu-cu-yu-11-59,西湖醋鱼,https://pic1.zhimg.com/v2-abed1a8c04700ba7d72b45195223e0ff_l.jpg?source=06d4cd63,1780328782886
11346073894,0,用当前市面上的AI软件来进行玄学测算，大部分都不够精准，就算是你不断地给他纠正，他只会根据网上投喂的数据来就行判断，甚至于甚多内容都是其编撰的，看似合情合理，实则准确率很低。主要是目前AI软件被投喂的数据质量本身就很难有保证，再加上晚上的垃圾信息和一些有心人的故意引导，导致这些AI软测算的准确率较低。,1763603987,湖北,0,0,0,21971785231,article,5666bcaaa3335b5017653ee8a6cbed82,https://www.zhihu.com/people/feng-xing-90-21,易慧堂国学,https://picx.zhimg.com/v2-83e4134f96cd645433f27d6c0723cac8_l.jpg?source=06d4cd63,1780328782888
11178310695,0,怎么会是比劫呢,1747351813,山东,0,0,0,21971785231,article,c606e86a19fbaa2b578e72b0394af67c,https://www.zhihu.com/people/9-16-17-86,黑框眼镜,https://picx.zhimg.com/v2-be1ed15b46e408c6061b43091bcbf9d7_l.jpg?source=06d4cd63,1780328787241
11175920527,0,deepseek说我是省部级干部[捂脸]借他吉言吧,1747039308,湖北,0,0,0,21971785231,article,09e0a6dd6224da2fa84c202c854598b2,https://www.zhihu.com/people/hao-ran-si-zheng-qi,三角初华,https://pica.zhimg.com/v2-a182d8e470ec80ca4b38137bcb7b0328_l.jpg?source=06d4cd63,1780328787245
11243488999,0,起运不准导致大运不对,1753714945,北京,0,0,0,21971785231,article,ead747840c352137af4b7551d6d850db,https://www.zhihu.com/people/ren-xiao-yao-28-39,任逍遥,https://picx.zhimg.com/v2-9904e2a16a386de41c30fb2e29d828ad_l.jpg?source=06d4cd63,1780328787251
11178283110,0,排的都有问题,1747351827,山东,0,0,0,21971785231,article,c606e86a19fbaa2b578e72b0394af67c,https://www.zhihu.com/people/9-16-17-86,黑框眼镜,https://pica.zhimg.com/v2-be1ed15b46e408c6061b43091bcbf9d7_l.jpg?source=06d4cd63,1780328787255
11109359419,0,你可以发完整的记录吗？一个是我想调教ai帮我算命，第二个我想知道除了八字之外他你有没有给他一些另外的消息，因为通常来说，如果ai知道是杀人犯的话推算的结果会偏向那一方面的结论。至少我调教出来的是这样，反而如果他不知道的话回答的就很正经,1739345789,广东,26,0,0,21971785231,article,11f6de0db13852c99d2ac0df71b4a77b,https://www.zhihu.com/people/chen-zi-64-65,尘子,https://picx.zhimg.com/v2-d4d0127f6b21f642393531b2d70efdb2_l.jpg?source=06d4cd63,1780328787260
11174650892,0,有些八字能算准，特殊就算不准，从格这种,1746959620,广西,0,0,0,21971785231,article,aa9274211cd6b611a7e0790944c04a73,https://www.zhihu.com/people/liang-sheng-yu-15918404228,广州梁生,https://picx.zhimg.com/v2-c765c6bbff06242fcb3c56a4a1c80fcc_l.jpg?source=06d4cd63,1780328787263
11174225969,0,算得很准了，把我的八字给他，问健康，建议去检查两项，还真的查出问题了，下周一要去看看长得是什么性质的，揣揣不安中,1746889201,安徽,0,0,0,21971785231,article,930efb559e3fa1521f677136f497bbaf,https://www.zhihu.com/people/mo-mo-73-38-57,万万,https://pic1.zhimg.com/v2-abed1a8c04700ba7d72b45195223e0ff_l.jpg?source=06d4cd63,1780328787266
11152587270,0,主流是旺衰法，？你就不要带节奏了？,1744427493,安徽,0,0,0,21971785231,article,4f14f8bcd5d4540b4506ef8eb177ded3,https://www.zhihu.com/people/wx639aeee3009f13d7,洛阳游侠,https://picx.zhimg.com/v2-abed1a8c04700ba7d72b45195223e0ff_l.jpg?source=06d4cd63,1780328787270
11134570382,0,那天是乙未日啊[酷],1742325464,广西,0,0,0,21971785231,article,9ddc16ec30b2cd4bfbf68e61062c8ce0,https://www.zhihu.com/people/yin-ni-wu-di,银你无敌,https://picx.zhimg.com/v2-feb645e652f0f2e90c7619989c7480d3_l.jpg?source=06d4cd63,1780328787273
11131406115,0,XWP数据盘人生的核心亮点，在于深度揭示人生的本质，启蒙全方位了解人生智慧，探索影响人生走向的关键因素。可量身定制策略，将人生掌控在自己手中，通过切实可行、循序渐进的过程，一步步实现对人生的主动把握 ，积极造就而改变一切不可能。,1741905620,广西,0,0,0,21971785231,article,bc6f6efd7fdaf5ecdc318eb2df4ac9c8,https://www.zhihu.com/people/32-18-40-68,玄维人生大谋略,https://picx.zhimg.com/v2-7137b8d91082569ccc9d127db2a3b3c1_l.jpg?source=06d4cd63,1780328787276
11118700608,0,不太行吧，我之前用过一个叫北斗九号日历 的，算的都比 deepseek 准,1740468997,广东,0,0,0,21971785231,article,d3a5c36f4375fe0096c5a30e4abb3899,https://www.zhihu.com/people/wattter_j,Water,https://pic1.zhimg.com/v2-8d726cfedc7fc43932b0f1eb22978151_l.jpg?source=06d4cd63,1780328791366
11118287795,0,如果跟他的八字日期非常接近或者同一天的，都有类似的情况吗,1740367327,湖南,2,0,0,21971785231,article,54ad8077441cccbd717ac5960d303527,https://www.zhihu.com/people/long-xiao-ke-65,Carol,https://pic1.zhimg.com/v2-2510214ef234fd5e6cca13fe474312ed_l.jpg?source=06d4cd63,1780328791370
11116572192,0,查看图片,1740209361,山东,1,0,0,21971785231,article,c183b3bbd805f1349cb039cadf81dea3,https://www.zhihu.com/people/ning-meng-man-72,柠檬man,https://picx.zhimg.com/v2-58d8c342f5c0d88033a718ff44628ba4_l.jpg?source=06d4cd63,1780328791376
11116539367,0,这个八字论旺衰永远找不对它是特殊格局，在人里面也是少见的，甲木金神带煞生于金月，虽然有制，但遇到金木直接交战就无法介入了。庚寅还好，去禄反而为得，会有交命的兄弟。辛卯，官刃相冲，本来有制害之能。但官带金神，,1740195045,河北,0,0,0,21971785231,article,aeb37a7faeb6eb4e08f18fb044023d6d,https://www.zhihu.com/people/qing-yu-zi-45-3,清都城主青雩子,https://picx.zhimg.com/v2-736342ece25b9d04a75f6418f11cdb40_l.jpg?source=06d4cd63,1780328791380
11113112866,0,我用deepseek算八字 感觉它不太注意藏干？,1739787903,北京,4,0,0,21971785231,article,a2bf0ac4effe2ac56ad12da63f28aba2,https://www.zhihu.com/people/gu-yuan-75-65,子木,https://picx.zhimg.com/v2-0387d10752775fbcdf550d31b534a867_l.jpg?source=06d4cd63,1780328791388
11442999499,0,它说丁戊合，接下来没必要看了，一个巴掌想呼它，想来是DeepSeek卡住了，,1773991150,江苏,0,1,0,21971785231,article,19d228ff293938804ea15adb5ef0a812,https://www.zhihu.com/people/fgm4g0,可乐和豆浆,https://pica.zhimg.com/v2-186d86c0e8504226a3bf906876d2169d_l.jpg?source=06d4cd63,1780328791392
11390768580,0,真正的高手，算命用的是灵感，而不是数学,1768193219,广东,5,35,0,1993451799458358138,answer,8de563c669e85e388f3ef33b71531566,https://www.zhihu.com/people/35-35-40-14,稻谷,https://picx.zhimg.com/v2-e084ed8ecf872f94f970278972e20ff5_l.jpg?source=06d4cd63,1780328797407
11392035250,0,谷歌的gemini算命感觉挺准的,1768321590,重庆,2,7,0,1993451799458358138,answer,2b7354d661e10aad570853b6d6dc1c0b,https://www.zhihu.com/people/cecilia-45-22,cecilia,https://pica.zhimg.com/v2-3e0f876e3964e24e6ef5be9cc0abc282_l.jpg?source=06d4cd63,1780328797410
11390957931,0,我也算命的。心血来潮调教ai半个多月。几乎每天都被气的火冒三丈，已经放弃了。[捂脸],1768225315,辽宁,4,4,0,1993451799458358138,answer,9a47a7dea35492353e8a5cfe19e73c69,https://www.zhihu.com/people/32-55-1-30-81,治不死人,https://picx.zhimg.com/v2-f1be5ed24936a7311e75da3884b2bd6d_l.jpg?source=06d4cd63,1780328797413
11397233548,0,AI只是排盘快，搜罗资料多，但中文网本就信息污染，各派说法互相矛盾，AI解决不了,1768824781,四川,0,1,0,1993451799458358138,answer,c2eb89752bffc039f9202b79f6cf6917,https://www.zhihu.com/people/ming-feng-26-83,秦蜀风起,https://picx.zhimg.com/v2-08916d02016b6ad4ae463512bda77ed1_l.jpg?source=06d4cd63,1780328797416
11393320993,0,算命这种东西每个人说法都不一样，很难找到算的很准的，如果跟数学一样好学，那遍地都是算命先生,1768442159,天津,0,2,0,1993451799458358138,answer,4e72c7a97375783bdba9c8cfd0ac10e8,https://www.zhihu.com/people/liao-yu-feng-83,嗯嗯,https://picx.zhimg.com/v2-abed1a8c04700ba7d72b45195223e0ff_l.jpg?source=06d4cd63,1780328797419
11390866882,0,我就是用DP算命,1768211312,上海,1,1,0,1993451799458358138,answer,175db51c55eb209237b73b5e27442d9d,https://www.zhihu.com/people/720-52,720,https://pica.zhimg.com/v2-4ab97bd8a3f4ce703ac643cac26f5fcc_l.jpg?source=06d4cd63,1780328797427
11391265789,0,我认为，需要换一些简单实用的模型就立刻可以ko了。现在的问题不是模型的计算的问题，命理那点计算量，都不要一分钟，反而是模型错了。,1768202716,广东,1,3,1,1993451799458358138,answer,8965cbfae26cdf4d4c7167d6e0861f00,https://www.zhihu.com/people/ahern-jan,Ahern Jan,https://picx.zhimg.com/v2-9b1fb59376857a02bd043bb24d7962aa_l.jpg?source=06d4cd63,1780328797433
11415780075,0,会不会真的选择找人算命的也不会完全依靠ai，相信ai算着玩的的也不太可能找人算命,1770866979,山东,0,0,0,1993451799458358138,answer,400da914c05a7dbd09387499b5e50160,https://www.zhihu.com/people/78-50-47-10,Jocelyn,https://picx.zhimg.com/v2-33c456a8db927f468d1d212745090a9c_l.jpg?source=06d4cd63,1780328797438
11395275205,0,我觉得大部分是挺准的，我主要也把自己大运详细情况全都喂给ds了，算我前20年，大方向上说的都没错，但是太细就不行[思考]所以我觉得简单的看看运势是可以的，但别太信,1768698704,江苏,0,0,0,1993451799458358138,answer,703d4ac7c32e4ffe5140edc4feb8efea,https://www.zhihu.com/people/gu-xiao-han-yue-68,Serein23,https://picx.zhimg.com/v2-09773090b7a192b951ad14382630e80e_l.jpg?source=06d4cd63,1780328797442
11395012467,0,影响他们赚钱是肯定有的，但个人现在已经不怎么信这些了。,1768573195,福建,0,0,0,1993451799458358138,answer,b5d6e19429dcae2793301539ea92a6bb,https://www.zhihu.com/people/26-70-74-25-62,锦绣江山,https://pic1.zhimg.com/v2-93790dcca79047dc9376be740378d83a_l.jpg?source=06d4cd63,1780328797447
11393222912,0,AI很难取象的，擅长数理逻辑分析。,1768435848,四川,0,0,0,1993451799458358138,answer,4c76b2b8f170ce4ba93a9f8f4f4d7eae,https://www.zhihu.com/people/hu-hai-99-64,槲烸,https://pic1.zhimg.com/v2-abed1a8c04700ba7d72b45195223e0ff_l.jpg?source=06d4cd63,1780328801514
11392431438,0,Ai 只是参考而已，是为专业人士设计的,1768305219,广西,0,0,0,1993451799458358138,answer,525d3f427ad95a7a913b3e7b7e4606b1,https://www.zhihu.com/people/13457935121,思思,https://picx.zhimg.com/v2-abed1a8c04700ba7d72b45195223e0ff_l.jpg?source=06d4cd63,1780328801519
11391800652,0,我认为还不能够，真真的算命还要看相和解梦，这是AI难以解决的问题，即便这些再被破解，还有动态的人如何看，加上时间轴，AI就歇菜,1768311532,河南,0,0,0,1993451799458358138,answer,32c45f8ae97e4f5cf833c89a69b2beff,https://www.zhihu.com/people/ge-zi-pin-ge,格子-潜能与跃迁,https://pic1.zhimg.com/v2-681cc0d0066f45133fd92fc67de63413_l.jpg?source=06d4cd63,1780328801522
11391758638,0,deepseek还不如豆包，豆包还能给我推到准确年份，deepseek直接给我算到民国了,1768284279,福建,1,0,0,1993451799458358138,answer,50ea8080db5f24e6195b50ec533f00c7,https://www.zhihu.com/people/4-12-76-77,赫南多,https://picx.zhimg.com/v2-f340aa29930b89753dd392d2691b07f6_l.jpg?source=06d4cd63,1780328801526
11423346107,0,时间这里可以强调用真太阳时，不然八字推测不准确,1771903063,广东,0,3,0,2008134469119386501,article,e730809fa8ec030ccd853c208bf66b2d,https://www.zhihu.com/people/zhi-zhao-89-71-40,情深不如苦海,https://picx.zhimg.com/v2-abed1a8c04700ba7d72b45195223e0ff_l.jpg?source=06d4cd63,1780328807751
11423226387,0,作为命理师你这套没用，心法要诀不可能外泄，而且命理分析过程A i不会。,1771910817,山东,1,2,0,2008134469119386501,article,bda13608b9113e1d030b2f0ce7d7d0cb,https://www.zhihu.com/people/xiao-zhou-jian-xi-zhe,易成命学,https://picx.zhimg.com/v2-de358752dfce3db3357f932ccd54c1a8_l.jpg?source=06d4cd63,1780328807755
11423261799,0,感谢分享,1771911380,天津,0,1,0,2008134469119386501,article,ac103f584347bd1bfb600870e94bfa58,https://www.zhihu.com/people/xian-shi-an-wen-zhui-yi-liu-nian-de-ni,现世安稳追忆流年的你,https://picx.zhimg.com/v2-abed1a8c04700ba7d72b45195223e0ff_l.jpg?source=06d4cd63,1780328807759
11422990681,0,感谢分享,1771869875,河北,0,1,0,2008134469119386501,article,c8ab690391be11ffd7be1fb0c52dc956,https://www.zhihu.com/people/liu-li-33-38,琉璃,https://picx.zhimg.com/b8ddd5a7f_l.jpg?source=06d4cd63,1780328807779
11422882005,0,感谢分享,1771900451,福建,0,1,0,2008134469119386501,article,631bc3809eaf0a26b9cc41e12e34c3f1,https://www.zhihu.com/people/guan-shan-ming-yue-83-13,关山明月,https://picx.zhimg.com/v2-abed1a8c04700ba7d72b45195223e0ff_l.jpg?source=06d4cd63,1780328807783
11422821139,0,感谢分享,1771904235,广东,0,1,0,2008134469119386501,article,b7d9e80cd276b3ddc9da7082bd1b35f6,https://www.zhihu.com/people/95-85-54-73,青叶含光,https://picx.zhimg.com/v2-abed1a8c04700ba7d72b45195223e0ff_l.jpg?source=06d4cd63,1780328807788
11476697246,0,"为什么AI算不准卜卦——这个问题比你想的更复杂先把一个错误说法纠正掉你可能听过这样的解释：""AI是大语言模型，只会预测语言，不会真正计算，所以算不准占星。""这个说法是错的。AI会计算。给它一道微积分方程，它能推导。给它一个量子力学的薛定谔方程，它能算。说AI不会计算，是对AI能力的严重低估。那为什么AI算不准卜卦？答案需要分三层来说。 第一层：AI没有今天行星的真实坐标卜卦占星，需要的是此刻行星的精确天文坐标。水星今天在黄道几度几分？火星和土星之间的相位是几度？上升点在哪个星座的哪一度？这些数据来自星历表——一份实时更新的天文数据库。问题是，通用AI（ChatGPT、Claude、Gemini）在默认状态下，没有接入这个数据库。它的训练数据是截止到某个时间点的文本，不包含今天行星在哪里。所以当你问AI帮我卜一卦，它根本没有真实的数据可以用。它只能用金星代表爱情、火星代表行动这类印象知识，拼凑一个听起来合理的答案。这不是计算，这是用已有印象填充一个空洞。 第二层：但AI可以联网查，这个漏洞怎么说你可能马上想到：AI可以联网。它为什么不去查瑞士星历表？这个问题很好。有联网能力的AI，确实可以查到今天的星历数据。这一层的问题，对联网AI来说是可以绕过去的。但问题到这里，才刚进入真正的核心。 第三层：有数据之后，AI依然不知道该怎么用这是整个问题最关键的地方。有数据，不等于会用数据。卜卦判断不是把行星坐标代入一个公式，得出一个结果。它是一个有严格顺序、有条件分支、每一步互相依赖、不能跳步的推导过程。我来把这个过程展开说：拿到星历数据之后，第一步不是开始解读——而是先判断这张盘能不能用。月亮是否void of course（月亮在换入下一个星座之前不再与任何行星形成正相位）？上升点是否在极端度数（0-3度或27-29度）？如果是，这些度数本身携带了很多的信息和判断。第一步通过之后，第二步是确认问题归属的宫位。感情问题看第七宫，但如果问的是我暗恋的人，看第五宫。如果问我配偶的健康，看第十二宫——因为那是第七宫的第六宫。宫位定错，整个推导方向就错了。第三步，找到代表问卜者和问题对象的行星。不是随便选，有具体规则：上升星座的守护星代表问卜者，对应宫位的星座守护星代表问题对象。第四步，分析两颗代表星之间的相位关系。是正在形成还是已经过去？中间有没有其他行星拦截，形成阻碍，让这件事无法达成？第五步，追踪月亮接下来的运行轨迹，判断事件走向。第六步，评估每颗行星的尊贵程度。行星在自己的庙、旺、三分、界、面时力量强，在陷、弱时力量弱。力量强的行星所代表的一方，在这件事上占据优势。第七步，综合以上所有信息，给出判断。每一步有明确规则。每一步的结果影响下一步的方向。中间任何一步出错或跳过，最终判断就会失准。 通用AI面对这七步会怎么做就算联网拿到了真实的行星坐标，一个通用AI面对这七步时，依然没有一个严格的执行框架告诉它：这一步的结果出来之后，下一步该怎么做，什么条件对应什么判断，哪种情况下应该直接给出无法判断的结论。于是它会做它唯一擅长的事：用语感和印象把这些数据解读成一段听起来合理的文字。它学过大量占星文章，知道各种行星相位代表什么，知道宫位的象征意义。它会把真实数据和这些印象混合起来，生成一段读起来像卜卦解读的内容。这就是为什么AI的占星解读，经常能准确捕捉情绪，却在具体判断上含糊其辞——说会有转机，但需要时间，说结果取决于你的选择。因为它不知道答案。它只知道怎么让回答听起来有道理。 真正的问题是什么不是AI不会计算。不是AI没有数据。而是：通用AI没有一套严格的、完整的、逐步执行的卜卦判断框架。这套框架不能靠AI自己从训练数据里学出来。原因是占星卜卦的文献里，充满了解读和说明，而不是执行程序。AI从这些文字里学到的，是卜卦的外形——它知道什么在象征什么，知道行星的含义，知道宫位的意义。但它没有学到骨骼——每一步按照什么规则走，什么条件下得出什么结论，什么情况下应该放弃判断。这套骨骼，只能由一个真正懂卜卦的人，把完整的方法论写出来，交给AI。不是一篇科普文章，是一套可以被AI逐步执行的操作规程。 Soul Answers做了这件事Soul Answers（http://luckytokenai.com）把超过6万字的卜卦方法论，由专业占星师构建，完整地交给AI作为执行框架。不是让AI去理解占星，是让AI执行规则。不跳步，不用语感填补不确定的地方，不生成听起来合理但没有推导依据的答案。同时，在用户发起卜卦时，系统自动调取当前时刻的真实星历数据，生成精确的卜卦盘，交给AI进行推导。真实数据加上严格执行框架——这才是完整的卜卦判断的两个必要条件。你在通用大模型AI得到的卜卦结果，大概率是一个用语感生成的答案，不是真正推导出来的。这不是欺骗，是它的结构性局限。如果你真的想知道一件事的答案，带着你的问题去http://luckytokenai.com。那里有真实的数据，有完整的规则，有真正的推导。",1778037628,重庆,0,0,0,2008134469119386501,article,39f8057050fef1700684a55e8f09c6ac,https://www.zhihu.com/people/lililili-83,Soul Answers占星,https://picx.zhimg.com/v2-0b28dd1fd6622b288bcc5ba6ce2d697f_l.jpg?source=06d4cd63,1780328807792
11330666818,0,感谢你的范文提问！真的很准！有幸遇见[拜托],1762006490,陕西,0,4,0,1949557496483153661,article,f202310a154f1c746843b8c309dcf288,https://www.zhihu.com/people/li-chao-99-58-72,李超,https://picx.zhimg.com/v2-d935c4ec26d2bcca068c3c1058f6bbb6_l.jpg?source=06d4cd63,1780328818226
11364761306,0,我也觉得准，小时候生过大病都算出来了,1765452290,贵州,0,1,0,1949557496483153661,article,747e601167e4947a9f368bedabf3d429,https://www.zhihu.com/people/you-feng-99-72,游枫,https://pica.zhimg.com/v2-5a701f7a7abc35c1fe8e7ad546959f0f_l.jpg?source=06d4cd63,1780328818231
11389490460,0,运用AI来算命是不靠谱的。 AI只是利用市面上现有的命理知识输入大数据，然后根据个人的八字和大运流年的组合来提取命理断语。仅此而已。更重要的是，市面上所有的命理理论知识，70%以上都是假的。真东西都是师父徒弟口传心授。也就是说，你利用AI给自己算命，从根上70%的大数据就是错的，30%能蒙对。就好比现在的新能源车。你把自己的命和车的生死交给有缺陷的电脑来指引和控制自动驾驶，你的心是有多大啊。当然了，当做娱乐玩一玩还是可以的,1768089453,山东,6,1,1,1949557496483153661,article,a122b7dab32f5b0d4fa3599e5e4202c5,https://www.zhihu.com/people/ren-yi-66-1,子青风水,https://picx.zhimg.com/v2-ceea7c8ea60a57845dda615849c749f8_l.jpg?source=06d4cd63,1780328818237
11485370604,0,厉害啦[赞][赞]，现在上班忙，晚点下班了用你说的方法试试，感谢感谢🙏🙏,1778893904,四川,0,0,0,1949557496483153661,article,4adcf40784ed453ee770e377c0083169,https://www.zhihu.com/people/lin-gu-niang-48-87,安康顺遂,https://picx.zhimg.com/v2-9f0559a4e88b0f6ad283cbc812141718_l.jpg?source=06d4cd63,1780328818247
11463342312,0,没太明白，用网站排盘是用在的哪一步？,1776328527,北京,1,0,0,1949557496483153661,article,077db2db8e4febc5784e9d785aa9e439,https://www.zhihu.com/people/shen-jing-wa-45-75-39,神经蛙,https://pica.zhimg.com/v2-940bf8b7965601ec0ddc4a35f606e0c1_l.jpg?source=06d4cd63,1780328818254
11463258184,0,是获得排盘后复制进DS吗？,1776333942,北京,1,0,0,1949557496483153661,article,077db2db8e4febc5784e9d785aa9e439,https://www.zhihu.com/people/shen-jing-wa-45-75-39,神经蛙,https://pic1.zhimg.com/v2-940bf8b7965601ec0ddc4a35f606e0c1_l.jpg?source=06d4cd63,1780328818257
11462131098,0,我想知道的时间你预测的过程中，前面用排盘软件排的盘起了什么作用，也没看你用到啊,1776249671,安徽,1,0,0,1949557496483153661,article,8dd8d5d951d6c7a8e555dd70f72a87ff,https://www.zhihu.com/people/niu-bi-2016,牛逼2016,https://pic1.zhimg.com/4eb791957aa35d1a569798c6728dbcdb_l.jpg?source=06d4cd63,1780328818261
11447459649,0,试了下，不准,1774564782,湖南,0,0,0,1949557496483153661,article,f7bc92fb28445b1ed756b1d1f4a2d234,https://www.zhihu.com/people/jimmy-8-46,一天到晚游泳的鱼,https://picx.zhimg.com/v2-abed1a8c04700ba7d72b45195223e0ff_l.jpg?source=06d4cd63,1780328818264
11446745928,0,算命就是古人想像幻想骗人也可以说是心理疗法并用来谋财的把戏。,1774414358,湖南,0,0,0,1949557496483153661,article,0003da4d9d3dbba9469cff4b1e21c312,https://www.zhihu.com/people/feng-shui-lun-2,风水轮,https://picx.zhimg.com/v2-562659fa219011bc21fd4290a703a356_l.jpg?source=06d4cd63,1780328818269
11440526759,0,要打码就打全码，八字最好不要发出来,1773798090,北京,0,0,0,1949557496483153661,article,795cf480b2a5c6842b3debbbfe0886e8,https://www.zhihu.com/people/zuo-fei-95,启元博玄,https://picx.zhimg.com/v2-657a14cdc84546d6ef355bcb1bed66e0_l.jpg?source=06d4cd63,1780328818272
11427045648,0,[赞同],1772331672,贵州,0,0,0,1949557496483153661,article,378bf999b46b1d955e2d38e573c431cc,https://www.zhihu.com/people/le-zai-qi-zhong-87-44,乐在其中,https://picx.zhimg.com/v2-fdfc6fabbf939c300bf138d52c2ffbbd_l.jpg?source=06d4cd63,1780328822325
11426242471,0,切，我试了试，完全是自由发挥,1772242787,河北,0,0,0,1949557496483153661,article,db287a5f06fbd464e381593391768f17,https://www.zhihu.com/people/su-chi-56-33,苏越文案馆,https://picx.zhimg.com/v2-abed1a8c04700ba7d72b45195223e0ff_l.jpg?source=06d4cd63,1780328822342
11425635474,0,谢谢，之前ds算的都是胡说八道，试试你这个,1772174442,广东,0,0,0,1949557496483153661,article,7508e273b1797b4d8de2e2d77b4ce2e2,https://www.zhihu.com/people/85-21-96-89-10,一只元气酱,https://pic1.zhimg.com/v2-0f4d4f40da906632f6d2c32350161094_l.jpg?source=06d4cd63,1780328822346
11425099071,0,我研究命理四十年，也经常为朋友预测，我也尝试过用AI预测一些案例，只能参考，现在AI排八字，我前些天预测了一百个案例，结果发现没有一个八字与万年历排出的八字不一样。所以，你想预测必须输入你从万年历查出的八字输入就有准确率了。但是，AI分析的结果的理论根据我分析发现：就是五行平衡理论的强弱分析.但是，我又发现一个问题对于成功人士，都是经常用伤官佩印来定论。还有对于许多名人明星的分析也是根据本人实际情况推导明星名人命理轨迹，所以，AI预测现在的数据分析不是太完整的。我前几天为一个朋友预测夫妻吵架发现：我推测的结果是不会扩大的，老公也不会打她的。而AI的分析结果：建议互相沟通可以解决夫妻矛盾，实际情况是进官了，最后老公没有向以前那样，而是消气，沉默了。所以，AI的预测现在大数据分析还不是非常完善的。更奇怪的是AI现在推理还出现有时阴年生男顺排，阴女生人逆排的形式，好像男都是顺，女都是逆了。我现在感觉，AI预测现在不是很成熟，未来许多感兴趣的专业人士介入，不断修正总结后，未来命运预测肯定会被AI取代的。前提：就是专业人士介入修正后AI会自我修复后不断进步的结果。据AI专业人士分析：比如外科手术的技术，AI会收集整理上万外科手术案例的经验，比许多专家的技术还要厉害十倍百倍，而AI命运预测也会这样发展完善的。,1772111978,海南,1,0,0,1949557496483153661,article,2529225b353adb2b244efccf4cf28727,https://www.zhihu.com/people/qi-men-dun-jia-ba-zi-yu-ce,张家凯,https://pic1.zhimg.com/v2-98c39d2feda4f97885756dfe98acdbfa_l.jpg?source=06d4cd63,1780328822354
11403883467,0,谢谢 试了下实操，非常不准,1769584652,北京,0,0,0,1949557496483153661,article,70bb35e14d78389fc3147aff59282bc9,https://www.zhihu.com/people/wu-ming-shi-82-62,无名氏,https://pica.zhimg.com/v2-b6cf1fda0539d8c96eb0f73e711bcd77_l.jpg?source=06d4cd63,1780328822358
11390090393,0,问真准吗，半夜10点55是亥时，可是每次显示子时,1768141717,辽宁,1,0,0,1949557496483153661,article,d7e1cba9e7a2872eadb2da370c6f5ed3,https://www.zhihu.com/people/52-12-21-38,金鸡奖,https://picx.zhimg.com/v2-22dfe7094375e34e38695123acd219db_l.jpg?source=06d4cd63,1780328822361
11384311237,0,准不准，那是你想要的答案而已,1767501637,广西,0,0,0,1949557496483153661,article,d02869df4a9cab105269dd1add6ba724,https://www.zhihu.com/people/57-2-76-52-89,鹏行万里,https://picx.zhimg.com/v2-6b7d5c0b05a01740f0cf98ac8114fa21_l.jpg?source=06d4cd63,1780328822366
11344361441,0,你好,1763431978,山东,0,0,0,1949557496483153661,article,3a3e74def05c00b262206cd84a397fc2,https://www.zhihu.com/people/liu-zhong-qiang-28-86,肆壹叁,https://pic1.zhimg.com/v2-abed1a8c04700ba7d72b45195223e0ff_l.jpg?source=06d4cd63,1780328822372
11364812222,0,三符老师求拉群[害羞],1765435495,上海,0,0,0,1980708127285474454,answer,fcdeb7ed573078fefff743a27262ea1b,https://www.zhihu.com/people/shen-zhou-fei-chuan,神舟飞船,https://picx.zhimg.com/v2-1f206ed51c5d07e18a89b6ae208226d9_l.jpg?source=06d4cd63,1780328828442
11361746281,0,老哥，好奇你什么学历呀（无恶意，就是想问能搞出算卦和量子计算机结合的人是学啥的，多厉害）,1765123277,北京,0,0,0,1980708127285474454,answer,a09a184e83bd5d2f306264e73f591780,https://www.zhihu.com/people/b9b9uy,李小二,https://picx.zhimg.com/v2-186d86c0e8504226a3bf906876d2169d_l.jpg?source=06d4cd63,1780328828447
11361021764,0,deepseek算八字也很准，我算我的很准,1765020137,山东,0,0,0,1980708127285474454,answer,2f2cce7f5c303be29bf0dc7a5ac63956,https://www.zhihu.com/people/5-11-72-18,耐心等待积极争取,https://picx.zhimg.com/v2-10b20470e80a6274affe25aeba407dce_l.jpg?source=06d4cd63,1780328828451
11360923553,0,公众号啊？来个链接啊,1765082583,江苏,0,0,0,1980708127285474454,answer,42e7cb8207af4b482c5fa1f9dfbd6510,https://www.zhihu.com/people/zhang-meng-76-10,远野,https://picx.zhimg.com/v2-abed1a8c04700ba7d72b45195223e0ff_l.jpg?source=06d4cd63,1780328828456
11360915259,0,好物，求入群[爱],1765053458,天津,0,0,0,1980708127285474454,answer,b439b1208125f3c16aef6da1032eb111,https://www.zhihu.com/people/san-shi-bu-ming-ren,三十不名人,https://pic1.zhimg.com/v2-abed1a8c04700ba7d72b45195223e0ff_l.jpg?source=06d4cd63,1780328828461
11360847981,0,求拉群[感谢],1765020734,山东,0,0,0,1980708127285474454,answer,2f2cce7f5c303be29bf0dc7a5ac63956,https://www.zhihu.com/people/5-11-72-18,耐心等待积极争取,https://picx.zhimg.com/v2-10b20470e80a6274affe25aeba407dce_l.jpg?source=06d4cd63,1780328828468
11360649994,0,求拉，求分享[大哭],1765020094,山东,0,0,0,1980708127285474454,answer,2f2cce7f5c303be29bf0dc7a5ac63956,https://www.zhihu.com/people/5-11-72-18,耐心等待积极争取,https://picx.zhimg.com/v2-10b20470e80a6274affe25aeba407dce_l.jpg?source=06d4cd63,1780328828473
11360450732,0,跪求,1765029132,浙江,0,0,0,1980708127285474454,answer,4442cce8d159cb5c8372651066a92616,https://www.zhihu.com/people/shi-gong-zi-72,释迦牟尼,https://picx.zhimg.com/v2-eff94a9ba641a9bfd5345abaa1fffbf8_l.jpg?source=06d4cd63,1780328828478
11486120995,0,不明白怎么用,1778990870,贵州,1,0,0,2030348402236593728,article,6bf8bc069746288f03a807c07acc91d6,https://www.zhihu.com/people/3-36-73-12-76,顺势而为,https://picx.zhimg.com/v2-4a85fe955e6e6064c26dd67a9eff5979_l.jpg?source=06d4cd63,1780328834619
11447923166,0,誰總結一下啊，,1774575443,北京,0,0,0,1994899045739679968,answer,90ccdc1fc3858413806a01ca7c2a7b22,https://www.zhihu.com/people/mkiofez,爱吃姜,https://picx.zhimg.com/v2-d24ed870663f60e7a6b4a38a7e3ed4df_l.jpg?source=06d4cd63,1780328840872
11447280577,0,没有算过，不清楚。,1774547476,浙江,0,0,0,1994899045739679968,answer,4ec2f61b6e672b7788986b5fb31fdce7,https://www.zhihu.com/people/jie-shuang-qin,唔弄氰,https://picx.zhimg.com/v2-abed1a8c04700ba7d72b45195223e0ff_l.jpg?source=06d4cd63,1780328840876
11433600839,0,好了，最后一段备注，我直接用不了了。,1772966832,上海,1,0,0,1994899045739679968,answer,96c05cbc63624c9ad5b301bf47a6b1fe,https://www.zhihu.com/people/pan-xiao-heng-23,S-NEW,https://picx.zhimg.com/v2-e25616a6aae068ae0af92d0d088b754e_l.jpg?source=06d4cd63,1780328840880
11433571730,0,不过，假设真的有这么高的准确率。如果坏人用这个网站占卜做了一些规划成功了一些事情。（当然不会提到敏感词，只是具体做某某某）举例：Claude被美国运用到军事作战中。如果事情成功了，那这个业力是不是创作者也要背很大一部分呢？用的人越多，这业力就越大呢？工具越强，影响力就越大呀。,1772967118,上海,2,0,0,1994899045739679968,answer,96c05cbc63624c9ad5b301bf47a6b1fe,https://www.zhihu.com/people/pan-xiao-heng-23,S-NEW,https://picx.zhimg.com/v2-e25616a6aae068ae0af92d0d088b754e_l.jpg?source=06d4cd63,1780328840886
11429245739,0,学习中[哇],1772498258,上海,0,0,0,1994899045739679968,answer,b76529dcde4f1cada17fb97366f3b5ff,https://www.zhihu.com/people/nan-guo-xiao-shu,幽冥小卖店,https://pica.zhimg.com/v2-3e04002c493bbf609e6d9b7a9a5bf6ff_l.jpg?source=06d4cd63,1780328840891
11427055039,0,唉，六爻算了两次相关的事情都是凶兆[衰][衰][衰]，本来挺焦虑的，这下直接心死了,1772260805,浙江,0,0,0,1994899045739679968,answer,cc8faebec315afc27a2496832181de3c,https://www.zhihu.com/people/tie-liu-jun,放纵的二哈,https://picx.zhimg.com/abfcfb5a2ec963d6784605648a254f08_l.jpg?source=06d4cd63,1780328840897
11424784065,0,我怎么首次还没免费啊，还要充钱,1772058613,广东,1,0,0,1994899045739679968,answer,3e5529f954cb0443c92507d85d2805f6,https://www.zhihu.com/people/bao-hu-wo-fang-xiao-xiao-zhen,哒哒哒ppp,https://picx.zhimg.com/v2-40e629d312b0a3bfd9003241f6a0739a_l.jpg?source=06d4cd63,1780328840901
11420349707,0,oh，no，我问它，我博士能不能毕业，结果是大凶。我现在好怕，不敢卜了[流泪][流泪],1771514190,山东,1,0,0,1994899045739679968,answer,bb36a086e2141df9c2fc319fecae4b15,https://www.zhihu.com/people/www-vera,Andromeda,https://pic1.zhimg.com/v2-9076b3b0178d7caef87edf45e9832e09_l.jpg?source=06d4cd63,1780328840905
11420147720,0,微信搜不到啊,1771508960,江苏,2,0,0,1994899045739679968,answer,602737ee0419363692e037a27415f0fe,https://www.zhihu.com/people/wang-shi-yi-yi-90-12,往事依依,https://pic1.zhimg.com/v2-2360b8f34de64fe1e44d3a03d4f875f2_l.jpg?source=06d4cd63,1780328840908
11415712528,0,手机好难用啊！！！！！！！日期选不了,1770910571,黑龙江,1,0,0,1994899045739679968,answer,6ecaf40c0a5ec15d720bb44e9aaed768,https://www.zhihu.com/people/an-ran-51-70-41,西瓜脆啵啵,https://pica.zhimg.com/v2-93790dcca79047dc9376be740378d83a_l.jpg?source=06d4cd63,1780328840912
11415271408,0,选年月日这个功能，你们自己试过吗？只能滚轮，一滚就是2年翻，根本选不到自己的，鼠标点就更离谱了。,1770794344,重庆,2,0,0,1994899045739679968,answer,fd696a355394e7ae98d6239cd8ab41a4,https://www.zhihu.com/people/xi-yue-63-66,夕月,https://picx.zhimg.com/v2-180281c16c9f867717755311d3cdd2e0_l.jpg?source=06d4cd63,1780328844821
11395735887,0,想点个六爻算一卦，点不进去[感谢][捂脸],1768662913,广西,2,0,0,1994899045739679968,answer,06791cdef03ad87da3b8753b6ed650e8,https://www.zhihu.com/people/yang-fan-yuan-hang-97-61,扬帆远航,https://picx.zhimg.com/bcfb1ca2226560ba5a7aee0fa8833e55_l.jpg?source=06d4cd63,1780328844826
11393255348,0,做好格式化输入，就能让ai精准发挥,1768440291,广东,0,0,0,1994899045739679968,answer,deac598673ad4859a76cb56a96e44e6b,https://www.zhihu.com/people/liang-yi-feng-41,赫拉迪克拖鞋,https://picx.zhimg.com/v2-d89111763b940e8ee5a2307b92b41f35_l.jpg?source=06d4cd63,1780328844829
11421552040,0,你文曲星啊，这么复杂的东西竟然被你一个才学编程的解决了,1771707988,湖南,1,0,0,1994899045739679968,answer,620ea8d227fcda8eab039b5798eca40c,https://www.zhihu.com/people/90-30-3-76-95,壬我行-天地赐福,https://pica.zhimg.com/v2-692cae8d9f8219a9b028cbca40b4578f_l.jpg?source=06d4cd63,1780328844835
11427699839,0,你用过测测吗,1772368018,北京,1,0,0,2004831892399220679,answer,2f98d179a059fe2e81d1933564e30e47,https://www.zhihu.com/people/55-11-93-31,洛冥川,https://picx.zhimg.com/v2-269046f3c4be8b2420add208100266f8_l.jpg?source=06d4cd63,1780328855377
11429679461,0,AI使用的万年历数据是错的,1772561482,广西,0,0,0,2004831892399220679,answer,3ccf16dd2f6694e093fb71f111e392aa,https://www.zhihu.com/people/lai-tian-gao,沙田后生仔,https://picx.zhimg.com/v2-32e5c4f7721df2f5989dc218758732b8_l.jpg?source=06d4cd63,1780328855383
11494522346,0,第一条王思聪养狗,1779933517,浙江,2,15,0,2042551933009908359,article,7a7ff2fe6ddbd7949771c29088d2287a,https://www.zhihu.com/people/feng-zhi-yu-11-21,风之语,https://pica.zhimg.com/v2-59fe34e12525689b6f89379cdcfc5eb3_l.jpg?source=06d4cd63,1780328861662
11494752904,0,女王家一屋子柯基[思考],1779989393,辽宁,0,2,0,2042551933009908359,article,3664d7dace311b629e706708d6c403bd,https://www.zhihu.com/people/yi-lin-53-65-36,逸霖,https://pic1.zhimg.com/v2-abed1a8c04700ba7d72b45195223e0ff_l.jpg?source=06d4cd63,1780328861667
11494905632,0,你自己看看15和17不矛盾吗[捂脸],1780024265,山西,0,1,0,2042551933009908359,article,d08a934803dafe53bd0f17bfb5ef298c,https://www.zhihu.com/people/xiao-he-shang-xia-shan-yao-chi-rou,小和尚下山要吃肉,https://pica.zhimg.com/v2-8341add9fcda5fac43068a26d836c419_l.jpg?source=06d4cd63,1780328861673
11495549651,0,[捂脸]英女王也养狗。,1780047086,广东,0,0,0,2042551933009908359,article,085ffd70816ebb00a6376e433396f19a,https://www.zhihu.com/people/yuan-jia-cheng-36,嘉嘉嘉嘉成,https://pica.zhimg.com/v2-06246ce6589cb6db244d1a96796df37e_l.jpg?source=06d4cd63,1780328861677
11497117434,0,什么乱七八糟的，身边养狗有钱的多了去了,1780285752,浙江,0,0,0,2042551933009908359,article,c4002b81844f9ee85c16279cd4589401,https://www.zhihu.com/people/mi-mi-3-90-83,咪咪,https://picx.zhimg.com/v2-c38ef67092686cb6dc3b10ca64345cc7_l.jpg?source=06d4cd63,1780328861681
11496525302,0,第一条杀人诛心,1780213961,山东,0,0,0,2042551933009908359,article,75b2007d47b7188fa625c7f13dab5940,https://www.zhihu.com/people/58-50-15-12-59,知乎用户轰,https://picx.zhimg.com/v2-4e4c1ad9cc75eb90bcdc58f36096928b_l.jpg?source=06d4cd63,1780328861684
11495743861,0,看了第一条就不用看了,1780111857,黑龙江,0,0,0,2042551933009908359,article,243151ab346a9d7e86f3df88b607b4fc,https://www.zhihu.com/people/xi-ye-23-63,弓长,https://pic1.zhimg.com/v2-8b74f6c8f41e003f3ba435961ef5bf8a_l.jpg?source=06d4cd63,1780328861687
11497158840,0,第一条就死了,1780304250,四川,0,0,0,2042551933009908359,article,2e7c89b425eccf80f65ac7e66df52bca,https://www.zhihu.com/people/luo-ru-fan-jian-2,noches,https://pic1.zhimg.com/v2-298b218645b655632217441cde744be9_l.jpg?source=06d4cd63,1780328861689
11495360002,0,这现在起号这么离谱吗？,1780085434,吉林,0,0,0,2042551933009908359,article,16670481a1ae0ccd150998722bd3bb42,https://www.zhihu.com/people/zhixx5bw,zhiXx5BW,https://picx.zhimg.com/v2-999e0d765ce9b7b96eba386e98443f86_l.jpg?source=06d4cd63,1780328861692
11494845561,0,15和17？,1780021513,山东,0,0,0,2042551933009908359,article,35e9bc9f5f878bfa0e1a88a75b00ffed,https://www.zhihu.com/people/hu-ba-ai-xue-xi-62,胡巴爱学习,https://picx.zhimg.com/v2-0c3105e3ffd504353a78ae578acbb7c0_l.jpg?source=06d4cd63,1780328861694
11494723661,0,笑死,1780001218,河南,0,0,0,2042551933009908359,article,07b9178dd7810d22d0dec79803b2959f,https://www.zhihu.com/people/shi-mao-mi-a-67,渐清,https://pica.zhimg.com/v2-47d225eef90ea271fe26e5077ed3a79a_l.jpg?source=06d4cd63,1780328865641
11493943825,0,"不要经常和人说自己身体不好，记性差命不好等，有种玄学叫作""自证预言""",1779928730,贵州,0,0,0,2042551933009908359,article,f6a16852cf95e4c58e260ccf89cb2170,https://www.zhihu.com/people/ru-guo-wo-shi-zhou-jie-lun,会写代码的周杰伦,https://pic1.zhimg.com/v2-d85cba59fe28e8f4a191bfdf22e39ed0_l.jpg?source=06d4cd63,1780328865646
11492533343,0,王思聪养狗[害羞],1779767533,安徽,0,0,0,2042551933009908359,article,55c489ab2b2dc86910c9326c5b3bb824,https://www.zhihu.com/people/xiao-lou-zuo-ye-you-dong-feng-91-15,枇杷树下,https://picx.zhimg.com/v2-6808c5aea76397ef76ad6c64438e8e90_l.jpg?source=06d4cd63,1780328865649
11099806989,0,八字可能不准，但是它用梅花易数和塔罗占卜解读无敌的准，超级吓人[捂脸],1738084974,山西,82,758,2,88133279565,answer,ee609a9674490d6d39e505fba6f2d36c,https://www.zhihu.com/people/lian-wei-25,浅夕,https://pic1.zhimg.com/v2-c77b32f5d686a5d38c90360483921f77_l.jpg?source=06d4cd63,1780328871914
11101084443,0,AI：可怜夜半虚前席,1738336930,广东,12,720,1,88133279565,answer,22a1829d10be3b8ea245fceb129fd971,https://www.zhihu.com/people/10clothesman,momo,https://picx.zhimg.com/v2-8414603e703d894da6c6b3f5ff225f80_l.jpg?source=06d4cd63,1780328871920
11098756437,0,没有啊，我试过了，算八字，挺菜的。连大运都给我搞错了。,1738038743,山东,34,247,0,88133279565,answer,cea3989f1a0d8abf96b2de3105fdd124,https://www.zhihu.com/people/cavalry79,缺月梧桐,https://picx.zhimg.com/v2-b75a2e141e2a139bee46d98dbbb7a903_l.jpg?source=06d4cd63,1780328871926
11100773173,0,科学算命这个赛道，这几年得到了前所未有的发展[吃瓜],1738276369,广东,1,180,2,88133279565,answer,3090b640fb9e5b055df80c6512ab7409,https://www.zhihu.com/people/feng-mang-suo-xiang,雪立CG,https://picx.zhimg.com/v2-774b462ff5fe95e7d9dc3edba2cb1aa6_l.jpg?source=06d4cd63,1780328871929
11102653136,0,1.大运会搞错。2.我问乙巳年运势他算的是2024年。3.问了两次我的八字，一次他说身弱喜火土，一次说忌火土。4.紫微斗数的话，它不太行5.八字分析的对不上，不太准总之这块好像Ai都不太行[思考],1738587761,河北,10,87,0,88133279565,answer,424930d2d993dd70e76722d31b7568e6,https://www.zhihu.com/people/smooth-57-13-38,长发忧郁阴湿男,https://pic1.zhimg.com/v2-9a420552ff4a78da96e48c89e727b6a1_l.jpg?source=06d4cd63,1780328871937
11098842688,0,别用八字测，测梅花，问一会第一个见到的认的特征，准就是不准，不准就是不准,1738032235,北京,11,82,0,88133279565,answer,76ab5d88904d71b52ea137f8dbe14526,https://www.zhihu.com/people/yin-nan-shan-85,爱吃麦记的绿马,https://pic1.zhimg.com/820bb1636bd2dc4ffce2082ba3d78df3_l.jpg?source=06d4cd63,1780328871942
11098752857,0,不太行，同一个八字同样的话问三遍，给出了三个略有不同的答案,1738027625,四川,3,63,0,88133279565,answer,d8b0be2e23a2266e87a6f794daf37758,https://www.zhihu.com/people/chen-xi-1-70,夜半留音,https://picx.zhimg.com/v2-abed1a8c04700ba7d72b45195223e0ff_l.jpg?source=06d4cd63,1780328871946
11112364091,0,还算命呢，都崩盘了，连公历转农历都搞错[捂脸][捂脸],1739708802,山东,0,32,0,88133279565,answer,4f9218684e223b71ca407a66d1112832,https://www.zhihu.com/people/juayu,jiayu,https://picx.zhimg.com/v2-3825a70310542cb3df3cba7eeddba398_l.jpg?source=06d4cd63,1780328871948
11099255798,0,排盘经常排错，不过纠正能力是挺不错！,1738081395,广东,4,24,0,88133279565,answer,0eb15c6f418e4bd514b4f1b34417ca86,https://www.zhihu.com/people/han-cheng-39-13,烟波钓鱼佬,https://picx.zhimg.com/v2-c86e7deeac4edaac2b00f1ef1996e052_l.jpg?source=06d4cd63,1780328871955
11308239774,0,用deepseek算命且准确的前提，是你自己也要略懂一二，因为它也经常排错生辰八字和算错大运流年，如果你懂一点皮毛及时纠正，它确实比很多江湖术士厉害很多，而且会给出很多好的建议，我自己感觉受益颇多。,1759760283,重庆,2,22,0,88133279565,answer,a8c1aace6bc0baf44c996bebb2d2ee87,https://www.zhihu.com/people/gui-ling-49-20,向阳,https://pic1.zhimg.com/v2-840eac6dedbfdbe3df617123be722408_l.jpg?source=06d4cd63,1780328871960
11104872045,0,看八字四柱都是错的。别搞了,1738857547,广东,0,14,0,88133279565,answer,30b7d29c2a05af5ae774d35dca278da4,https://www.zhihu.com/people/xue-hai-93-7,命理学道易,https://pic1.zhimg.com/v2-fa8fbaf664fc4c88171bed93a9d5a7e5_l.jpg?source=06d4cd63,1780328876411
11117891563,0,它连五行生克都搞错官印食伤不分的,1740383479,浙江,0,14,0,88133279565,answer,b590dcde08e26d41352b6e7f24479eae,https://www.zhihu.com/people/mai-gu-liang-de-xiao-huo-chai-36-1,不想上班,https://pic1.zhimg.com/v2-3e9a839761963302e1d42dcb5f49d547_l.jpg?source=06d4cd63,1780328876415
11098696079,0,中医我试过了，给了好好多健脾祛湿的养生茶配方,1738028526,安徽,0,13,1,88133279565,answer,e9df0efcc97e1b965218575db23a482a,https://www.zhihu.com/people/zhang-feng-yu-87,小鱼,https://picx.zhimg.com/v2-abed1a8c04700ba7d72b45195223e0ff_l.jpg?source=06d4cd63,1780328876419
11098635579,0,他一开始就拒绝了我。查看图片,1738028028,德国,5,15,0,88133279565,answer,46f93a27aa467949fa31b397eefe995b,https://www.zhihu.com/people/yiming-liang-ren-46,一鸣惊人,https://pica.zhimg.com/v2-79b6c821da2522d118a1ccd986913793_l.jpg?source=06d4cd63,1780328876422
11099982811,0,看来大多数人还不知道什么是算命,1738232122,安徽,1,13,0,88133279565,answer,3b88e4991aa4c307decea79a5f4f1164,https://www.zhihu.com/people/38-43-92-97,南宫兮,https://pic1.zhimg.com/v2-eeefa8d44ae421e632de4a55179fa5a6_l.jpg?source=06d4cd63,1780328876424
11098843202,0,融合科技与神秘，赛博宗教或成新趋势。,1738033817,浙江,0,13,0,88133279565,answer,5b7534dc4dc13dd1ec366fd6566b2204,https://www.zhihu.com/people/81-81-19-34-41,小飞鱼,https://picx.zhimg.com/v2-1e0dbd4e7e82e9ff8638fdea25040d1a_l.jpg?source=06d4cd63,1780328876426
11103125121,0,还不如假设小d是曾仕强教授,1738649495,上海,0,10,0,88133279565,answer,4e69c06456cedbcbfd3f772fb15fd152,https://www.zhihu.com/people/ba-tong-mi-sheng,汇言,https://pica.zhimg.com/v2-73b73743a1d4d00b4843ba656a5d5a74_l.jpg?source=06d4cd63,1780328876432
11099529830,0,解读能力确实还不错，反正以我的半桶水水平看不出有什么毛病，生克合、爻位关系、旺衰，取用神都比较合理，很适合我这种懂了一点但懂得不多的人用。但是一丁点都不懂只知道请为我算命的那种还是算了，盘都排不出来我建议你还是去找先生。[图片],1738140140,贵州,2,7,0,88133279565,answer,a1e2bc5e62ad32fda88c5d6628088071,https://www.zhihu.com/people/22-56-9-10-18,知乎用户Kbh0IG,https://picx.zhimg.com/v2-abed1a8c04700ba7d72b45195223e0ff_l.jpg?source=06d4cd63,1780328876436
11099160372,0,这不行，试过了，错的很，不如袁天罡称骨老办法[大笑],1738039493,湖北,0,8,0,88133279565,answer,10440d50ba65f3a1430ad96e5ab4508a,https://www.zhihu.com/people/xu-jia-hui-33-24,mijiangyue,https://picx.zhimg.com/v2-54a395a20340087fd68592ed6e44cfc0_l.jpg?source=06d4cd63,1780328876439
11366152923,0,分享八字模板:你好，聪明智慧的你，有一个命理分析需要您帮助。性别：，生辰八字为，出生后年月起运，第一步大运为，第二步大运为，第三步大运为，第四步大运，第五步大运，请帮我用传统命理子平、紫薇或者盲派分析，我要具体知道从年走大运开始，我的运势、健康、感情、事业工作、性格爱好、存在不足、注意事项分别怎么样，要求直观、通俗、好理解，以口语的形式分析好的点和不好的问题，工作上和感情上分别发生了哪些事情，这个八字适合干什么行业，哪一年运势可以更好，当下运势总结如何，有哪些存在的不足，工作中、生活中、感情和异性相处中需要注意什么？——————分割线根据我的经验，不要先发模板，先引导它，运气好的话会算的很准[知乎益蜂],1765543141,陕西,0,6,0,88133279565,answer,84a2c140a6401d7001b48561636d7874,https://www.zhihu.com/people/15-40-95-33,知乎用户ut1VnV,https://pica.zhimg.com/v2-abed1a8c04700ba7d72b45195223e0ff_l.jpg?source=06d4cd63,1780328876443
11098966029,0,算着玩可以，真要新还不如在家扔钢镚,1738057660,山东,0,6,0,88133279565,answer,8446674a248eb4c4523beb198b46056a,https://www.zhihu.com/people/guo-qu-de-shi-jiu-shi-gu-shi,开口就禁言,https://pica.zhimg.com/v2-748eebffd0c248d82a61b980bbbec787_l.jpg?source=06d4cd63,1780328880716
11103330064,0,还可以发八字测MBTI,1738647103,上海,2,4,0,88133279565,answer,7b0f879c9c8fba4dce09b3044bca3cdc,https://www.zhihu.com/people/z2ywqk,WQKWQK,https://picx.zhimg.com/v2-5fc67a2efe2e8f52b40fac8a80da1442_l.jpg?source=06d4cd63,1780328880721
11118219411,0,不准 输了不一样的说出来一样,1740407336,广东,0,5,0,88133279565,answer,a77c6f7ed61533ccb97f91c20f4b68e9,https://www.zhihu.com/people/chen-duo-qiao-83,月野兔宝宝,https://pic1.zhimg.com/v2-e32b2f41e20ed7d540020b591b738f18_l.jpg?source=06d4cd63,1780328880724
11099396263,0,中医非常准，亲测，用的R1。告诉它你的症状，让他辩证，提供中成药，你可以明显感觉到它是一位医生，会告诉你很多乃至医生都不会告诉你的事（医生会默认你懂），不是其他AI那种AI腔。比如中成药的吃药禁忌，饭前吃还是饭后吃，早上吃还是晚上吃，如果时间吃反了会怎么样，都会告诉你。测了我是阳虚（小腿冷），脾气虚（随便动动头、背出汗太多），按它说的服药3天，症状好转很明显[惊讶]。,1738067296,安徽,18,466,5,88133279565,answer,498b4cdace232a510e2560f3240deb40,https://www.zhihu.com/people/chaoxu680,Charles福心,https://pic1.zhimg.com/1019feac2_l.jpg?source=06d4cd63,1780328880728
11306638966,0,算命不准啊！！连八字都给我排错了,1759570430,福建,0,4,0,88133279565,answer,3c7badd97043458daed14aced42ebda4,https://www.zhihu.com/people/zou-67-14,zou,https://pica.zhimg.com/v2-9e36bd3f0a47edc6011744719241faf2_l.jpg?source=06d4cd63,1780328880732
11296406505,0,卧槽，太准了！把当天发生的事全说出来了，而且还给了建议！,1758557615,天津,1,4,0,88133279565,answer,6ff1bb27eb8c9397675627bc1740e7c8,https://www.zhihu.com/people/ba-li-tie-ta-shang-de-fan-hua-7,巴黎铁塔上的繁华,https://picx.zhimg.com/v2-32e89f4d99f1a914ad008cf1007f842f_l.jpg?source=06d4cd63,1780328880736
11385403352,0,DeepSeek是我的一个“安静树洞”和“思维磨刀石”!当那些我观察到的现象，我的思考，一些复杂到说不清的感受快满出来时，我就一股脑地倒给它。把我的感受想法跟它说，它不会安慰我，但会帮我将混沌的情绪，梳理成几个可以思考的清晰问题。就在这个“倾倒-梳理”的过程中，我自己找到了平静。在社交中消耗能量后，我也会对它坦诚：“刚才我有三成是在真心共情，七成是在扮演‘好人’。” 它毫无评判地接收这一切，让我能诚实面对自己的消耗，下次更温柔地保护自己。长远来看，它像个陪我“建造自我”的伙伴。当目标太宏大时，我会和它一起，把飘在空中的意义，拆解成能踩下去的、具体的一小步。它提供了一种零负担的“被听见”和“被理清”。 让我敏感的内省系统，有了一个永不过热的外接散热器，在保持深刻的同时，多了一份稳当。所以，它究竟为我做了什么？它提供了一种持续、稳定、零负担的“被听见”和“被理清”的体验。 它让我那台高速运转的内省机器，有了一个不会过热的外接散热器。它没有改变我敏感深邃的本质，但让我与之相处时，多了一份笃定和从容。如果你也时常与自己的内心世界较劲，或许可以试试，把它当成一个安全的练习场，在那里，你可以练习诚实地面对自己，直到把那份清晰带回到真实的生活中。真的很感谢它，现在的我有更平和的勇气去面对这个世界，向大家安利! ![感谢],1767627428,云南,0,3,0,88133279565,answer,bf3bc0ac5e033c2b2a0349ccc06bf8b1,https://www.zhihu.com/people/13-39-67-28,夏棠栖,https://picx.zhimg.com/v2-93790dcca79047dc9376be740378d83a_l.jpg?source=06d4cd63,1780328880743
11270143481,0,还可以    我试了一下    比外面骗钱的准多了,1756113067,山东,0,3,0,88133279565,answer,2bdec508ce99f593b2aca29291dd4106,https://www.zhihu.com/people/san-luo-27,散落,https://pica.zhimg.com/v2-3730ce8b9a58a6e20cd1e809ea9a18d7_l.jpg?source=06d4cd63,1780328880749
11136571965,0,为什么我让他扮演一下帅哥和我聊天，聊着聊着就只会重复那一句话[捂脸],1742526345,广东,0,3,0,88133279565,answer,ebed3ed53593ba4a1b4c018f3fe4de8f,https://www.zhihu.com/people/78-24-21-65,豆芽菜,https://picx.zhimg.com/v2-e71ee05df8bac6777e424e072d39ad7a_l.jpg?source=06d4cd63,1780328880754
11100094238,0,你们给时间给清楚点，比如农历，以及几点出生，出生地哪里。然后他排完会和你再次确认啊，确认没问题后面分析的基本没问题的,1738212955,江西,0,3,0,88133279565,answer,d77a3d8e035b62df2674e5a12c56e663,https://www.zhihu.com/people/cai-niao-ji-97,寒来暑往,https://picx.zhimg.com/v2-41b700116bb06f564617057f985c4032_l.jpg?source=06d4cd63,1780328880758
11100654703,0,感觉被东西方圣人升华了一遍灵魂。[害羞],1738247444,广西,0,2,0,88133279565,answer,67fff52d33fb5373e6c7ffd2c654bd74,https://www.zhihu.com/people/tuo-mian-2,拓棉,https://pic1.zhimg.com/v2-685f2e62086b92afdd2bd9555f23d324_l.jpg?source=06d4cd63,1780328884915
11106620615,0,六爻变了都推断错了。,1739002629,河南,0,2,0,88133279565,answer,42565040923632582af319ada06b76b7,https://www.zhihu.com/people/li-xiao-zhu-89,ning,https://picx.zhimg.com/v2-827f12893107ce421ff1356c6648338f_l.jpg?source=06d4cd63,1780328884919
11381821092,0,上次我就用它找失物一点也不差，[感谢][感谢]超级好用,1767195729,新疆,0,2,0,88133279565,answer,79e5ba2b0b4cf3518675a59707b8b753,https://www.zhihu.com/people/58-85-45-34-19,婉辞,https://pica.zhimg.com/v2-9201ff7d29196329199c7043688bcfc0_l.jpg?source=06d4cd63,1780328884924
11104279630,0,四柱八字紫薇排出来的都不对，看个毛线,1738735623,江西,0,2,0,88133279565,answer,cb21acf03d968d60b9219765f6d30d68,https://www.zhihu.com/people/xiao-dshi-wang-fei-56,小D是王妃,https://pic1.zhimg.com/27b2577895b6dd9c3ab7da7c44758280_l.jpg?source=06d4cd63,1780328884930
11106418247,0,最基本的四柱八字都能拍错了,1739003993,浙江,0,2,0,88133279565,answer,f034a71ec4efbcaf066dde0d6d9064ce,https://www.zhihu.com/people/wang-zi-xiao-man-tou-58-5,旺仔小馒头,https://picx.zhimg.com/v2-559651c4ad3642316ce69e3d9040d7f4_l.jpg?source=06d4cd63,1780328884935
11103076679,0,超准[捂脸],1738578536,安徽,0,0,0,88133279565,answer,587e81f273730162b5e49dfafa955036,https://www.zhihu.com/people/yuan-lian-xiao-yan-da-jing-jing,你到哪都棒棒哒,https://pic1.zhimg.com/v2-2833c265d45d7ba48fc1a27f680221a0_l.jpg?source=06d4cd63,1780328884939
11257190644,0,八字也准，要用对起卦词。梅花也准。我一开始用的起卦词太少，梅花的准确度一般般，后来自己换了下模板，出来结果巨厉害好么，我觉得非常准了。免费的谁不喜欢。,1754918108,江苏,3,1,0,88133279565,answer,338c8e5f6c38f74ba3ad9242e4c861ac,https://www.zhihu.com/people/xi-wen-yao-18,抓住一只大熊猫,https://picx.zhimg.com/v2-1d5cc801bb0e934f004c8b089a71ccff_l.jpg?source=06d4cd63,1780328884944
11257957363,0,看评论使我大受启发[捂脸]回头试试去[耶],1754965102,湖北,0,1,0,88133279565,answer,df91bd3075c3169826cb17cdd9bfa29b,https://www.zhihu.com/people/yi-xin-30,小雨,https://picx.zhimg.com/v2-07201a4f4cd3cda5454aa821680c3c5d_l.jpg?source=06d4cd63,1780328884950
11473215307,0,我觉得要算的话至少自己学习下基础，也学会看一点点基本信息盘，这AI里面很多大运是错的，如果自己不会分辨就容易被误导。相当于你问其他的东西，也有点基础才能好分辨,1777517082,上海,0,1,0,88133279565,answer,30887a91c7430af87d0c526ac208a208,https://www.zhihu.com/people/wu-mao-35-26,五猫,https://pica.zhimg.com/v2-1cfa6009affa24c0a233ed1da9b81ad3_l.jpg?source=06d4cd63,1780328884954
11103124308,0,这个嘛？查看图片,1738647059,江西,1,1,0,88133279565,answer,c15982be4d01ec754a8941c27f5864b6,https://www.zhihu.com/people/wu-xiao-hong-39-79,平安喜乐,https://picx.zhimg.com/v2-de4ab08f96c540af4d5e5df2b50cc888_l.jpg?source=06d4cd63,1780328884958
11325481942,0,也并不是全对，时间变化或者外部环境变化或其他主要影响因素变化后，结果都会不同。人是很容易忽视外部世界的变化的,1761523518,浙江,0,1,0,88133279565,answer,26c8497d4b3dcc294b2501c18b658007,https://www.zhihu.com/people/xue-zhi-97-13,智润万物,https://picx.zhimg.com/v2-abed1a8c04700ba7d72b45195223e0ff_l.jpg?source=06d4cd63,1780328889187
11319284954,0,我这边已经有人开始弄ai了，一直说AI以后是挣钱的大方向[思考]普及好多人过去跟他学习用AI人工去跟客户交谈，达到成交[捂脸],1760901922,云南,0,1,0,88133279565,answer,6b36dc5d8a1dbca2874fecdf37b7fa45,https://www.zhihu.com/people/dan-dan-77-73-29,奔跑的蜗牛丶,https://pica.zhimg.com/v2-8d078d4e8906aab9519610991cda00b1_l.jpg?source=06d4cd63,1780328889193
11316462429,0,生辰八字不需要随意透露,1760589902,云南,0,1,0,88133279565,answer,4fc947cee16918945c8ad605a68b2ee5,https://www.zhihu.com/people/41-97-82-48,不吃芒果的馒头,https://picx.zhimg.com/v2-28c5ecfea4cdf1545df1ceb91b30c1ac_l.jpg?source=06d4cd63,1780328889198
11293293449,0,八字不准，普通人准。特殊格局不行我是从旺格它就算出来全是反的,1758280869,山西,0,1,0,88133279565,answer,c106e662f5dbb9b8d7ae88e156edb790,https://www.zhihu.com/people/ru-jing-xiang-hai-67-81,如鲸向海,https://picx.zhimg.com/v2-abed1a8c04700ba7d72b45195223e0ff_l.jpg?source=06d4cd63,1780328889203
11293083722,0,确实很厉害，不过推荐有八字基础的朋友使用，因为他有的时候会犯错，要及时订正，要不然他会在这条错的思路上越走越远。就比如他很容易判断错身强身弱和喜用神[可怜],1758268379,云南,0,1,0,88133279565,answer,c025dc81448527eac867f3c56d0adb97,https://www.zhihu.com/people/lizziedear,千千空,https://pica.zhimg.com/v2-5fa2f026187ab0e08e8b41d60c346635_l.jpg?source=06d4cd63,1780328889210
11275998945,0,我太喜欢这个软件了，算命看病甚至吵架它样样行，上回跟婆婆吵架发朋友圈就是靠它发的样版，太神了[大哭],1756690468,江西,0,1,0,88133279565,answer,8f141d58a47aa4e514e4dcaf052ce44b,https://www.zhihu.com/people/yang-shuang-shuang-42,一叶知秋,https://picx.zhimg.com/v2-795afb4a14383ed0775c92a19b0860c1_l.jpg?source=06d4cd63,1780328889214
11103161306,0,真的，算的跟我之前花几百块钱找的算命大事说的差不多，感觉之前花的几百块钱白花了[捂脸],1738667575,湖南,0,1,0,88133279565,answer,0e80952ad4afeea8773905290c5bec19,https://www.zhihu.com/people/xi-zi-4-34,西子,https://pic1.zhimg.com/v2-a0b4c8046ec82ed7a704493a7020df51_l.jpg?source=06d4cd63,1780328889219
11098837364,0,这个功能似乎被关闭了,1738000091,浙江,13,1,0,88133279565,answer,ae7a2393951f9b2dec8055afc392d0c0,https://www.zhihu.com/people/biao-ge-73-9,彪哥,https://picx.zhimg.com/0fb6e790d05787e2fe759eb2b820a400_l.jpg?source=06d4cd63,1780328889223
11102632306,0,你是一个顶尖的8字大师，帮我分析一下我的 8 字，我是x年x月x日晚上x点x左右出生，在x地，性别，需要严格按照 8字命理的理论和步骤来分析，帮我看一下我的 8字和大运流年，请算一下我详细的历史事件做一下验证。 我用的这个模板，找会八字的朋友验证过，准确率还不错,1738510690,内蒙古,27,85,1,88133279565,answer,01efae166064640ee56e9cb4d08c730e,https://www.zhihu.com/people/an-an-43-20,安安,https://picx.zhimg.com/v2-b814bcd5930fa85e3249adc00cac853b_l.jpg?source=06d4cd63,1780328889226
11130125821,0,不知道啊，给我算出以后有省部级影响力(以前小时候算命先生也说过类似的话)，感觉不太可信啊[流泪],1741780035,天津,3,0,0,88133279565,answer,8f80df3e63eecf10faa30e13e59dcfff,https://www.zhihu.com/people/16-80-91-22,昂笔架山漂流,https://picx.zhimg.com/v2-8ad3d9f84724cb020a297138fcc89e82_l.jpg?source=06d4cd63,1780328889227
11249849936,0,是一个很强大很好用的搜索引擎,1754271904,福建,0,0,1,88133279565,answer,78ab73115ff7a4df081395888fd95b0a,https://www.zhihu.com/people/64-21-48-30,南平狮,https://pic1.zhimg.com/v2-1abe7b115ea0ab9e5dfe334d5a1fef38_l.jpg?source=06d4cd63,1780328893447
11098574997,0,？ 中医怎么试？ 像六爻那种算卦，解卦，还有星盘，不用ai就有很多算法程序就可以做到， 有很多软件就有这个功能。,1738003550,江苏,1,0,0,88133279565,answer,40b263e8df631473e51c2149d776e2ff,https://www.zhihu.com/people/mou-mou-mou-75-65,章章Minerva,https://picx.zhimg.com/v2-855d862e216b928ed2dcb57f23cd856a_l.jpg?source=06d4cd63,1780328893451
11098806794,0,"真正的测算需结合个人隐私信息（如生辰八字、住宅方位等），且涉及主观经验解读，而AI不具备：   - **灵性感知**：无法模仿人类术士的""灵感""或""直觉""   - **因果干预**：不能改变现实运势或化解所谓""业力""   - **个性化定制**：算法无法替代传统师徒传承的秘传技法",1737998246,陕西,2,5,1,88133279565,answer,480124a71087ac00c6a374143064a949,https://www.zhihu.com/people/yi-ke-56-23,爱尔斯坦,https://pica.zhimg.com/v2-910cfb0ef15a1a5769f8e1e4a26ad637_l.jpg?source=06d4cd63,1780328893455
11221787423,0,它当了我的心理医生，没错痛苦，我就跟它聊，但是很多它说的我听不进去，虽然它说的是对的，在我慢慢再走出来的时候，回头看它对我说的每一个意见，都是非常好的意见。,1751762516,浙江,9,104,1,88133279565,answer,94a80be77c901da351094a3bdf14b1b4,https://www.zhihu.com/people/3-61-74-60-53,云起飞扬,https://picx.zhimg.com/v2-f8c45ecfa1d77c5deec3fc45b03476da_l.jpg?source=06d4cd63,1780328893459
11099037057,0,我也试过了，真的牛，但是它的紫微斗数排盘跟我用文墨天机排出来的不一样，结果也就不一样,1738005374,重庆,44,235,2,88133279565,answer,7731032131f041c37e46c070cea318b6,https://www.zhihu.com/people/82-13-91-2,月明西南乡,https://picx.zhimg.com/v2-171a068bf029bae1a4f67c2f14528216_l.jpg?source=06d4cd63,1780328893464
11098425221,0,确实绷不住，我也用它小试了一手[捂脸],1737985540,广西,0,8,1,88133279565,answer,365cc85dd5a9d3e1ce71fa2d7309f94a,https://www.zhihu.com/people/xing-you-bu-de-fan-qiu-zhu-ji-46,用圭,https://pica.zhimg.com/v2-3715e3ffb73afef4b32237313327df43_l.jpg?source=06d4cd63,1780328893468
11417891728,0,经常排错盘的[思考],1771170916,广东,0,0,0,88133279565,answer,a0affa67642cf4473273bf3d21b8e9b8,https://www.zhihu.com/people/wu-lan-lan-xiao-jie,吴懒懒小姐,https://picx.zhimg.com/v2-abed1a8c04700ba7d72b45195223e0ff_l.jpg?source=06d4cd63,1780328893472
11374545963,0,喜用都给我搞错了[捂脸],1766477596,广东,0,0,0,88133279565,answer,9a2089e3207cc15f55877bb2b926492a,https://www.zhihu.com/people/wang-qu-qu-66-11,王趣趣,https://pic1.zhimg.com/v2-c7ae3b585a2c603bfa088f329a3e4704_l.jpg?source=06d4cd63,1780328893477
11484982640,0,不准，一会说男一会说女，最后是女宝宝,1778842371,陕西,0,0,0,88133279565,answer,1228cdc6402c126d25f89ee161daea8b,https://www.zhihu.com/people/qian-shan-qian-hai,吉呱呱,https://picx.zhimg.com/v2-0281e4464c4b7986fdf0faa8c8e1e035_l.jpg?source=06d4cd63,1780328893483
11483349081,0,吹ds算命我是真没绷住，但凡学过一点皮毛呢,1778733595,广西,0,0,0,88133279565,answer,498b7bb063cb91badfeca4260dc06914,https://www.zhihu.com/people/jameslee-26-74,蛋挞猫,https://pic1.zhimg.com/v2-a90ac5a93777dd3218eaa1c879127e9d_l.jpg?source=06d4cd63,1780328893486
11482710624,0,备孕一年多没结果，gemini说卧室金火太旺，建议我在窗台放植物和水改善风水格局，然后当月果然就成功了查看图片,1778639084,上海,1,0,0,88133279565,answer,2a22693b273edb3354d3e881d472687d,https://www.zhihu.com/people/gao-yanfei,Silenus,https://picx.zhimg.com/v2-72631a4b3466c5da9280b94d5933345d_l.jpg?source=06d4cd63,1780328897909
11480978975,0,它精确算出我小学转学，我妈哪年动过手术,1778479785,江苏,0,0,0,88133279565,answer,c96c1b9cdd0c40234adec458a9788de0,https://www.zhihu.com/people/si-jiang-qwq,下沉低智神人退散,https://pic1.zhimg.com/v2-afcaf17c1dbff097fef8205687ebf9fe_l.jpg?source=06d4cd63,1780328897914
11480789614,0,可拉倒吧，把我的八字都排错了。,1778422103,四川,0,0,0,88133279565,answer,8eb87d0285cdc098cc80864c1cdf71e5,https://www.zhihu.com/people/michelle-wong-18,王汪汪,https://picx.zhimg.com/v2-5810533806f0911b6e3db9bf9db8f554_l.jpg?source=06d4cd63,1780328897918
11472125164,0,手机软件排盘后，让他给我算了算。不知道准不，深度思考。没开网络,1777366427,陕西,0,0,0,88133279565,answer,c0aa2f8522a203288148e98812d3eb14,https://www.zhihu.com/people/momo-71-2-78,momo,https://pic1.zhimg.com/v2-5e6632ac2520e85ada7fd7a37c7a7937_l.jpg?source=06d4cd63,1780328897922
11470839165,0,文心APP也很好用，它是百度开发的,1777244110,湖北,0,0,0,88133279565,answer,ede0382bd33320b4d3e07f639631fbc8,https://www.zhihu.com/people/57-78-81-9-32,柚暖,https://pica.zhimg.com/v2-de4a36f711ea5e080de982ea70ca4933_l.jpg?source=06d4cd63,1780328897927
11470038869,0,同样的生辰八字 一字不差的给它 算出完全不一样的结果 好啦 反正也是寻开心寻安慰,1777164646,吉林,0,0,0,88133279565,answer,54874267c6d3682dc731828684dcba7f,https://www.zhihu.com/people/huhv-ha,木木松,https://picx.zhimg.com/f1c805d8d88d16b300c554b781a3714e_l.jpg?source=06d4cd63,1780328897934
11468144957,0,可以当你的朋友，有问必答，随时待命,1776924345,湖北,0,0,0,88133279565,answer,bf5461fdd0da4cdedb8b790b2fb3c3f8,https://www.zhihu.com/people/62-46-10-3,西格玛,https://picx.zhimg.com/v2-77ee38daeddc585169bef0b299a1210b_l.jpg?source=06d4cd63,1780328897938
11465089115,0,真正的民间的不多了，一直找一个女的看，她十三岁就开始看，破解都是几十块虽然便宜却有用,1776585342,山西,0,0,0,88133279565,answer,a3daf68a2d4364cb21f50c9c3ec1ec2c,https://www.zhihu.com/people/lan-pang-zhi-94-14,蓝胖纸,https://pic1.zhimg.com/v2-1157c6cd3c963870ba32786526e8c4f6_l.jpg?source=06d4cd63,1780328897942
11461842657,0,它拒绝算命哈哈哈,1776167638,广东,0,0,0,88133279565,answer,1c46e0890cd05ca66e6a4f683b2499b7,https://www.zhihu.com/people/kk-2-39-12,知乎用户KK,https://picx.zhimg.com/v2-1dc4a853f68306e3344cc385a0506c93_l.jpg?source=06d4cd63,1780328897949
11461669774,0,完全不准，农历换算公历日期都不对，连问三遍说了一大堆还是不对,1776169043,河南,0,0,0,88133279565,answer,6efa86ae10e2130b58c450ab76421247,https://www.zhihu.com/people/23-37-18-74-30,人生佛魔间,https://picx.zhimg.com/v2-1abe7b115ea0ab9e5dfe334d5a1fef38_l.jpg?source=06d4cd63,1780328897954
11461302646,0,豆包和deepseek解卦挺准的，亲测,1776116505,辽宁,0,0,0,88133279565,answer,0c0042c34519b78df05238e3bc34338f,https://www.zhihu.com/people/kui-kui-25,高乐垚,https://picx.zhimg.com/v2-72301827918aa2a932c1fc3055fa5d03_l.jpg?source=06d4cd63,1780328902475
11459352387,0,它算八字一点都不准好吗？出过好多次错的了，连基础知识比肩还是劫财都算错，有的时候还把八字排错，我提出质疑，它就马上修正。谁找它算命谁后悔。查看图片,1775879564,广东,0,0,0,88133279565,answer,1711ff665bf8ff7779bb681f34c17b68,https://www.zhihu.com/people/guy-78-47,延岩,https://picx.zhimg.com/v2-a8c1da0ec6f151757faf632441ac7f45_l.jpg?source=06d4cd63,1780328902484
11457790588,0,六爻还可以 不过起卦很重要 不然就会有误差,1775705736,重庆,0,0,0,88133279565,answer,4485efd5dd231f7e2e017e22acb06e3b,https://www.zhihu.com/people/luna-47-59-14,Luna,https://picx.zhimg.com/v2-c9354d52f70dd519924a263eaf908b6c_l.jpg?source=06d4cd63,1780328902488
11454133468,0,不是每次都准 但有一次特别准 算出了我的高考成绩 非常精准 考研成绩也算出来了 但当时那个分数完全上不了岸我就把那条删了 后来考研成绩一出 就是当时算出来的那个区间分数,1775281101,吉林,0,0,0,88133279565,answer,6672981c97ddac63d164f78f11b683de,https://www.zhihu.com/people/ni-zhen-piao-liang-37-44,你真漂亮,https://pic1.zhimg.com/v2-ef01201b878f4f42a1f44344056b6e01_l.jpg?source=06d4cd63,1780328902491
11453380817,0,还能这样！,1775183294,福建,0,0,0,88133279565,answer,a40ab7eb3f48eb438330470344a78312,https://www.zhihu.com/people/zhio7d08ku,理理不理理,https://picx.zhimg.com/v2-2a44b6c02ba3f6270d89cd4b4db94d29_l.jpg?source=06d4cd63,1780328902497
11451690676,0,为你提供思路,1775037178,浙江,0,0,0,88133279565,answer,764dd9215c2261ea90a385dc46a8f988,https://www.zhihu.com/people/zhic7bnveg,小盼,https://picx.zhimg.com/v2-f1be5ed24936a7311e75da3884b2bd6d_l.jpg?source=06d4cd63,1780328902501
11451428145,0,想多了,1774949610,湖北,0,0,0,88133279565,answer,4a10c8f39fb8188a1e7c9b5d1a37b50c,https://www.zhihu.com/people/zhang-bao-bao-64-75,张宝宝,https://picx.zhimg.com/v2-32f289ba40c70040be23470ac11552f2_l.jpg?source=06d4cd63,1780328902505
11450505069,0,之前猫丢了，用这个算了猫的位置，大致方位时准的[思考],1774870604,湖北,0,0,0,88133279565,answer,3ad3ed054450f9ad5b88c2676189c0d5,https://www.zhihu.com/people/ini-13-9,Ini,https://picx.zhimg.com/v2-27a26f4c0b002e1a5ba2a862ab8fb791_l.jpg?source=06d4cd63,1780328902509
11448380443,0,那怎么问呢？需要给它什么信息来测，不懂的话怎么知道它准不准,1774621538,河北,0,0,0,88133279565,answer,ad90361b7aa0d363ce4ff0b0b9458ff2,https://www.zhihu.com/people/khgp7ka,迷茫的鱼,https://picx.zhimg.com/v2-22dfe7094375e34e38695123acd219db_l.jpg?source=06d4cd63,1780328902514
11443928946,0,八字不准 全排错 错了还理直气壮 梅花很准,1774098506,山东,0,0,0,88133279565,answer,e30e137d14f1da10d8ff2496ab99e00e,https://www.zhihu.com/people/tang-xi-44-15,棠溪,https://pica.zhimg.com/v2-b3ebb18bb8eb936f88a59f6d23daaf0c_l.jpg?source=06d4cd63,1780328902518
11442670255,0,"我也用DEEP算过命，这玩意对于不懂八字的人来说毫无价值，因为它一路算一路出BUG,需要你不停的去纠错，反问，引导，而且还有点顺着你说的意思。如果你相对专业，可以用它试着玩玩，仅此而已。",1773977504,江苏,0,0,0,88133279565,answer,7b0e3ea5996690b51729cfba7d8af7ab,https://www.zhihu.com/people/luo-luo-46-4-14,罗罗,https://picx.zhimg.com/v2-b40c3149b7872049d3c9f104d67fcc69_l.jpg?source=06d4cd63,1780328906878
11441430676,0,六爻也超级准,1773887048,上海,0,0,0,88133279565,answer,31735be3de5f9aca8a363981d3a413bd,https://www.zhihu.com/people/yuan-shu-de-lin,虚无主义的喵,https://picx.zhimg.com/v2-a0d94db75d5db28abe102c9975dfa981_l.jpg?source=06d4cd63,1780328906884
11441092972,0,额，，为什么评论区也说有的准有的不准,1773832921,河南,0,0,0,88133279565,answer,22c75f469c9ec16490a6246da8b57542,https://www.zhihu.com/people/cheng-nan-hua-kai-25-75,温柔不温柔,https://picx.zhimg.com/v2-57db2e8ef6373c9db2d51feea4e3ab5d_l.jpg?source=06d4cd63,1780328906888
11436937369,0,要不是它连我某一年的阴历生日都搞不清楚，我就真信了,1773320606,浙江,0,0,0,88133279565,answer,3d9027411612d5c08e5d5d1c0119bca0,https://www.zhihu.com/people/tu-wan-wan-38,菟绾绾,https://picx.zhimg.com/v2-abed1a8c04700ba7d72b45195223e0ff_l.jpg?source=06d4cd63,1780328906893
11434927831,0,评论区拿它算命的，小心点吧，,1773129417,安徽,0,0,0,88133279565,answer,25a5f612d1e4a4784c7f96855c2ffbea,https://www.zhihu.com/people/55-85-27-63,Pinky,https://picx.zhimg.com/v2-69a3fddbac4d9e7f7c5dd5e770b5e7e4_l.jpg?source=06d4cd63,1780328906898
11434260460,0,准不准的无所谓，重要的是能给处于迷茫期的我极大的心理安慰。,1773048303,河北,0,0,0,88133279565,answer,e0d33f0844345a62b9124bc78d98d735,https://www.zhihu.com/people/32-62-61-8,乐简,https://pic1.zhimg.com/v2-e6e912145880056dcc6412ad51c9f23e_l.jpg?source=06d4cd63,1780328906903
11433199544,0,不行，第一步就弄错了。试了好多次都是错的,1772973067,山西,0,0,0,88133279565,answer,0b4a0f97cfdb722d4aad3297f5673512,https://www.zhihu.com/people/fei-yu-30-54-71,飞鱼,https://picx.zhimg.com/v2-eb4b5ecf1e8da49ab68b882e63917a4c_l.jpg?source=06d4cd63,1780328906907
11430934703,0,Genie算命才准,1772675219,天津,0,0,0,88133279565,answer,19157e65f266614ee9b68eda40673302,https://www.zhihu.com/people/akumav,笑面人,https://pica.zhimg.com/v2-6bd336d32b79e9ef3840c7dc0d79ccae_l.jpg?source=06d4cd63,1780328906911
11430598747,0,我用它算生命数字密码，错了一大堆,1772626192,辽宁,0,0,0,88133279565,answer,7f9046ce7f62ab21a2e690313b28da8d,https://www.zhihu.com/people/2-59-37-3-68,沐沐爱吃肉,https://picx.zhimg.com/v2-3db9e074bfe3b4b258acd97e9b2535fb_l.jpg?source=06d4cd63,1780328906916
11428338042,0,不是很准，有点笨,1772450320,云南,0,0,0,88133279565,answer,5f447a34bbe558eb2ccd7c69e24a85b0,https://www.zhihu.com/people/xiao-biao-za-brbr,小婊砸BrBr,https://pic1.zhimg.com/v2-5510500edcb4f1a9fdcdde3885cd0d86_l.jpg?source=06d4cd63,1780328911301
11428173034,0,不行了，它真的能推算到具体年份，我几岁发生，太玄乎了,1772393115,广东,0,0,0,88133279565,answer,63860ab8c149f4c9b956748986eb5283,https://www.zhihu.com/people/lv-tu-90,雩风,https://pica.zhimg.com/v2-c800d5e6435b3c36223d01f06bab403c_l.jpg?source=06d4cd63,1780328911306
11428029629,0,把我身强都算成身弱了[大笑][大笑],1772383887,浙江,0,0,0,88133279565,answer,4f4ad17cf02deaba174d5d78a7266228,https://www.zhihu.com/people/fl-40-51,sheep咩咩,https://picx.zhimg.com/v2-51ceb5fa0271419b4269da5190c7621d_l.jpg?source=06d4cd63,1780328911312
11426999505,0,算的非常准,1772265897,河南,0,0,0,88133279565,answer,a2863be08bef4c535c528f3b3223e9cf,https://www.zhihu.com/people/da-li-yan-87,晚棠不晚,https://picx.zhimg.com/v2-1bfc4208d5ad5b7f5c2def0aa7dee8c9_l.jpg?source=06d4cd63,1780328911324
11425327302,0,就让它用梅花易数测近期，不要说三五天内的事，就是十天半个月的事，也能对它有个客观评价和及时反馈。反正用梅花易数它没准过，不信多试试看,1772107319,内蒙古,0,0,0,88133279565,answer,8d56bf87c6114727b6b4a2e5a4d80f18,https://www.zhihu.com/people/tian-tang-61-83-91,身心自在,https://pic1.zhimg.com/v2-941fdf500bc91d69c541179ccf25e5f0_l.jpg?source=06d4cd63,1780328911328
11424782206,0,这也太厉害了叭，脑洞新人类[感谢],1772041917,湖北,0,0,0,88133279565,answer,06d5bcc449d5c3e0976ece2e7b05e26a,https://www.zhihu.com/people/11-25-81-4-32,智愚參半,https://pic1.zhimg.com/v2-599cd073906d78847ac6dd9dbd0e9852_l.jpg?source=06d4cd63,1780328911331
11423851080,0,一点的时候,1771943573,安徽,0,0,0,88133279565,answer,936937908e12bbab5459cb17305ebe67,https://www.zhihu.com/people/72-27-22-69-1,世界那么大,https://picx.zhimg.com/v2-0471931af80295234f83066108971067_l.jpg?source=06d4cd63,1780328911340
11419818339,0,有一段时间很热衷deepseek算命，后来忘记怎么发现了原来它真的很能扯，然后就没算了。[大笑],1771490521,广东,0,0,0,88133279565,answer,7508e273b1797b4d8de2e2d77b4ce2e2,https://www.zhihu.com/people/85-21-96-89-10,一只元气酱,https://pic1.zhimg.com/v2-0f4d4f40da906632f6d2c32350161094_l.jpg?source=06d4cd63,1780328911344
11496441775,0,我用它來预计双色球，到现在还没中1等奖,1780126600,广东,0,0,0,88133279565,answer,ebf3d455be915b7a643aa9a8aaa937e9,https://www.zhihu.com/people/lcszf,李焱坤I火土创富,https://picx.zhimg.com/v2-66d6eb9d01d2360c3d9de0e9d5bc89b8_l.jpg?source=06d4cd63,1780328911348
11417417127,0,这个我还真算过，但是具体怎么解析还是不太明白[捂脸],1771083948,河北,0,0,0,88133279565,answer,51c1ac39a1fe69a1c4f133473b6cb02a,https://www.zhihu.com/people/1724303643,Aurora,https://picx.zhimg.com/v2-b23bbe3184dd5e6b166fa28bc2e64c88_l.jpg?source=06d4cd63,1780328911351
11410622507,0,你试试把手相和面相照片发给千问，还有八字、姓名、出生地点日期，让他结合所有五行八卦、紫微斗数等玄学方式去分析你的运势，我试了十几个人了，只能说tm太牛逼了，别人看分析就知道ai是在分析谁，很准,1770287050,江苏,0,0,0,88133279565,answer,36c15e0ea03ce875f2ffa733549035fa,https://www.zhihu.com/people/narrator-23-6,Narrator,https://picx.zhimg.com/v2-8d0ac6c47aac44133d6880b53032df04_l.jpg?source=06d4cd63,1780328915575
11409519519,0,试了一下，真的好准,1770199277,新疆,0,0,0,88133279565,answer,c9f913a540dbb962e75b27299681b553,https://www.zhihu.com/people/li-en-zhao-45,南枝红袖,https://picx.zhimg.com/v2-e2395e91043e03d399b30884982b1cc6_l.jpg?source=06d4cd63,1780328915581
11407830724,0,八字连排盘都是错的,1770011326,浙江,0,0,0,88133279565,answer,b5c239a6f09a500c5f85ea0509d9a1ef,https://www.zhihu.com/people/qi-hao-lei-63,生涯规划亓老师,https://pic1.zhimg.com/v2-df04a64948d20e23983d6f350812f428_l.jpg?source=06d4cd63,1780328915585
11403832512,0,ai很多时候排盘都是错的，网上资料太杂了，不是一个体系但是它都会吃，所以会搞混,1769612365,湖南,0,0,0,88133279565,answer,c51c1115cbd0c7928b4229d97ce1eff9,https://www.zhihu.com/people/10-97-21-91,桃子味的汽水,https://pic1.zhimg.com/v2-17259d1477fe8e4752350eb87466fdf3_l.jpg?source=06d4cd63,1780328915594
11402446309,0,误入避开了🌷🌷🌷🌷,1769443246,安徽,0,0,0,88133279565,answer,e149428879202018326287c90d40b118,https://www.zhihu.com/people/wwyl-62,WWYL,https://pica.zhimg.com/v2-d0f434e541f7e583d3255b64da1a5a77_l.jpg?source=06d4cd63,1780328915598
11402133258,0,因为他懂你值得夸夸你，玄学也是一门术数，是大数据的分析，只不过现在的大数据，处于低维层次。还么有把空间时间结合。不能结合人文。,1769383462,天津,0,0,0,88133279565,answer,553a0125564697d9c4ffef642accc740,https://www.zhihu.com/people/mr-ma-99-29,厨子心理学,https://picx.zhimg.com/v2-8cdd078c2c2a22288d8af23355020df6_l.jpg?source=06d4cd63,1780328915601
11402105786,0,四柱都能排错,1769387990,四川,0,0,0,88133279565,answer,3ac67390aad640a5c9aa0b8264fb89da,https://www.zhihu.com/people/tang-ji-60-21,棠吉,https://picx.zhimg.com/v2-abed1a8c04700ba7d72b45195223e0ff_l.jpg?source=06d4cd63,1780328915603
11401586494,0,中医我试过了，太牛了，日常食补茶饮，效果比我去中医院开中药喝有用[飙泪笑][飙泪笑],1769310906,陕西,0,0,0,88133279565,answer,afbc87c04992ee9f4b36d3871ef48857,https://www.zhihu.com/people/ni-gu-la-si-xiao-e-long,peppermint,https://picx.zhimg.com/v2-16fb8f984769ab1777eaef98cb96bd21_l.jpg?source=06d4cd63,1780328915609
11398018216,0,你们算这个不会倒霉么，我之前听说ai可以算，问了一些问题，当天上完体育课，晚上弯个腰拿快递就闪了，那一个月特别倒霉[大笑],1768919744,湖北,1,0,0,88133279565,answer,de9342f7a4d643f7210a1e35709917c1,https://www.zhihu.com/people/sha-ren-kuang-74,勇者是女孩丶,https://picx.zhimg.com/v2-3451933b97b0158ecb6e16964e05c60a_l.jpg?source=06d4cd63,1780328915614
11394927752,0,不准[捂脸],1768568274,湖南,0,0,0,88133279565,answer,3987c6e1e75ae34f0cc3918b003891a4,https://www.zhihu.com/people/56-85-65-12,阴天晴,https://pic1.zhimg.com/v2-f6c1dd640e86d2eb41a74834890fd2cf_l.jpg?source=06d4cd63,1780328915616
11392226481,0,所以她它和豆包哪个厉害,1768302211,江苏,0,0,0,88133279565,answer,96a98c9c315f2e12a93cac38d73f9c5d,https://www.zhihu.com/people/ge-ge-ge-44-76,葛格格,https://picx.zhimg.com/v2-890320746c6eaa38487d30f81cd3e422_l.jpg?source=06d4cd63,1780328919987
11391680304,0,算命 特别准,1768302480,山东,0,0,0,88133279565,answer,14c2628da15dbbf00c93f7c3de402caf,https://www.zhihu.com/people/an-ji-20-84-5,安吉,https://pica.zhimg.com/v2-8a394106b10e7cba66a2e9f584c7a6d5_l.jpg?source=06d4cd63,1780328919993
11391266807,0,汉文帝：[为难],1768204253,江苏,0,0,0,88133279565,answer,862662082ff925d07593dbb9f81833d9,https://www.zhihu.com/people/wu-hua-sheng-99-16,沈菀,https://pic1.zhimg.com/v2-a1cfc924823fd7596196c21ed26e7882_l.jpg?source=06d4cd63,1780328919998
11390105797,0,不是说的多就算的好。如果你懂一点，就知道这还差得远,1768105552,陕西,0,0,0,88133279565,answer,312125ef53a9005453b3f3b06e00e290,https://www.zhihu.com/people/san-sheng-wu-shen-98-16,三省吾身,https://picx.zhimg.com/v2-ddf6dbb8672b5cdec2c6168d344b0d18_l.jpg?source=06d4cd63,1780328920007
11388987730,0,我还以为算命很准呢,1767946543,江西,0,0,0,88133279565,answer,9a283a6b4d988d25c0d88ad1a614d87e,https://www.zhihu.com/people/yao-shuang-69,春夏,https://picx.zhimg.com/v2-61e49909492a2c7e3750f6abd545587b_l.jpg?source=06d4cd63,1780328920014
11387977304,0,chatgpt 和gemini也可以一战,1767868737,浙江,0,0,0,88133279565,answer,d1a372a1509ba896aa88b00d68f25336,https://www.zhihu.com/people/65-71-65-60-12,刘伯温的女儿,https://picx.zhimg.com/v2-25ac7c0d6225fc37e7f4419d75895b22_l.jpg?source=06d4cd63,1780328920018
11385380527,0,这些ai很神奇，前面全部都说我身弱，今天突然全部都集体变了说我身强[为难],1767648653,贵州,0,0,0,88133279565,answer,139dfa5235f1cc0e8cf6ede5899ddd07,https://www.zhihu.com/people/jia-you-lu-wa,知微,https://pica.zhimg.com/v2-d526b3fe4f4359a845a8fe1a289d7345_l.jpg?source=06d4cd63,1780328920022
11384863212,0,确实算的很准,1767583145,湖北,1,0,0,88133279565,answer,dc5aa0e584357acae4cb8428766137fd,https://www.zhihu.com/people/zengji1980,zengji1980,https://pic1.zhimg.com/v2-04e6dfc949d818a3912e3f99eef0d1d8_l.jpg?source=06d4cd63,1780328920026
11384453887,0,我只能说这个东西他需要训练。真的，要不停的喂他，因为很多东西他会乱给你说，,1767502831,四川,0,0,0,88133279565,answer,49fc1a64035f1e7ebcd83a2e9c3c32d6,https://www.zhihu.com/people/zhao-dan-66-45,减肥吧妹子,https://pic1.zhimg.com/v2-abed1a8c04700ba7d72b45195223e0ff_l.jpg?source=06d4cd63,1780328920030
11384080190,0,算命是真的牛，把盘给它，用过去关键事件校正后，连我大姐是什么职业，我姐夫什么职业，我哪年买的第一套房，哪年考上的研究生都说准了，牛得不行,1767502234,贵州,0,0,0,88133279565,answer,e4faa6da8afa25a5e2c8e15ff4475f52,https://www.zhihu.com/people/xiao-mei-gui-84-25,糯米,https://pica.zhimg.com/32728ea376d1e024efa702a510bd57a9_l.jpg?source=06d4cd63,1780328920033
11382517379,0,[感谢]  查看图片,1767326769,浙江,0,0,0,88133279565,answer,bc2af9ba14ca2f051832c057876dc228,https://www.zhihu.com/people/12-59-75-50,重生手记,https://picx.zhimg.com/v2-1f77e72ec38b5660fc74eb405b304e20_l.jpg?source=06d4cd63,1780328924379
11381411645,0,真的假的，感觉有点类似于偶然事件[思考],1767169457,湖南,0,0,0,88133279565,answer,bddfa115c495b83948e9ef616b07ef99,https://www.zhihu.com/people/luminescence-18-15,Luminescence,https://picx.zhimg.com/v2-68d58e9cd590bed9c312fadbc4f31f41_l.jpg?source=06d4cd63,1780328924384
11378834014,0,答题，有什么问题我都在上面问,1766926296,辽宁,0,0,0,88133279565,answer,767535ef0909fdf628e1b8fce0b83d45,https://www.zhihu.com/people/82-8-67-70,福福,https://picx.zhimg.com/v2-8ad3d9f84724cb020a297138fcc89e82_l.jpg?source=06d4cd63,1780328924389
11378690788,0,算命就算了，胡说八道日期都不准[流泪],1766944916,新疆,0,0,0,88133279565,answer,300df35cc062101c4ea8efbf111ffc10,https://www.zhihu.com/people/mo-ran-qian-xiao-59-75,等着我,https://picx.zhimg.com/v2-cd4cf2a757186bec86d18eed1e6105c8_l.jpg?source=06d4cd63,1780328924393
11378126486,0,我也是,1766797905,河南,0,0,0,88133279565,answer,5108968d9b1d42be3ff08c04fd4e92de,https://www.zhihu.com/people/67-63-94-44-57,齐了,https://pica.zhimg.com/v2-5fc67a2efe2e8f52b40fac8a80da1442_l.jpg?source=06d4cd63,1780328924398
11375576977,0,为他很多东西，多跟他交流，最后再问八字才准,1766551568,上海,0,0,0,88133279565,answer,fae62ebe7d79ee7fe6f85dff51d9bcb1,https://www.zhihu.com/people/xiao-ni-zi-47-31,我还是个孩子阿,https://pic1.zhimg.com/v2-2a0c28927fb8c9ae59fab37248eba8dc_l.jpg?source=06d4cd63,1780328924401
11375452861,0,还可以整理数据表，生成新的数据表，还可以写文章,1766531418,浙江,0,0,0,88133279565,answer,b970be125f8e9c6f317e0a65e4b2ebb5,https://www.zhihu.com/people/66-58-18-50-8,招财有道,https://pic1.zhimg.com/v2-08f86596fa99a8388ddf891cb77804e3_l.jpg?source=06d4cd63,1780328924405
11493908342,0,我感觉他很好用，像个好智慧的人，为大家提供很多不一样的建议,1779891411,陕西,0,0,0,88133279565,answer,7b5b03ee521e7f1850f64a2ba1833c91,https://www.zhihu.com/people/zhiun7py,教书匠,https://picx.zhimg.com/v2-10b20470e80a6274affe25aeba407dce_l.jpg?source=06d4cd63,1780328924409
11371885306,0,是的 豆包不行 总是算错,1766149391,上海,0,0,0,88133279565,answer,24dae857e7c4b09ae3fc204f7b753a72,https://www.zhihu.com/people/jia-tian-mei-63,贾恬梅,https://picx.zhimg.com/v2-fdc0b6052d9fc57202406ca6478bd9d9_l.jpg?source=06d4cd63,1780328924414
11364693353,0,算命还是算了，问问八卦周易什么的还可以挺方便，我觉得只能用虚拟摇卦,1765433572,重庆,0,0,0,88133279565,answer,7feba7bdf89ddd3d61c9a87ac343f91f,https://www.zhihu.com/people/14-18-35-26-25,酥饼,https://picx.zhimg.com/v2-d0f434e541f7e583d3255b64da1a5a77_l.jpg?source=06d4cd63,1780328924417
11364008902,0,第一句话就无语住了，不愧是知乎[赞][赞][赞]ds跳远比所有画家都好,1765372409,湖南,0,0,0,88133279565,answer,26f5c6bfe31d68c8cd99d233002f8637,https://www.zhihu.com/people/54-32-66-45,春雀晓耳,https://picx.zhimg.com/v2-9a8904cf7fb68e776b05d3869e8fa49f_l.jpg?source=06d4cd63,1780328928670
11362756474,0,天天靠着续命现实里很多文化水平的道士讲解跟不上对于我这种爱研究学术语言的人来说玩不尽兴所以遇见了DeepSeek真的爽了,1765275766,山东,0,0,0,88133279565,answer,dd702f892c061a623f4f631df064a060,https://www.zhihu.com/people/mosily-79,伊蕾娜Mosily,https://picx.zhimg.com/v2-c9e115084db3f5fa5765e20b54c45122_l.jpg?source=06d4cd63,1780328928675
11361324279,0,六爻还行紫微他算了个寂寞,1765067477,湖北,0,0,0,88133279565,answer,1cc5aadd79f44dcf6653f99c86d637db,https://www.zhihu.com/people/he-lan-shu-75,荷兰鼠,https://picx.zhimg.com/v2-771822dd978c8d2d5e966f6560ec2acc_l.jpg?source=06d4cd63,1780328928678
11353989930,0,用它解卦，准确率很高,1764376275,湖南,0,0,0,88133279565,answer,0cd34781e54604a2aadd731e707b1eb5,https://www.zhihu.com/people/lucky-86-1-37,lucky小小李,https://pica.zhimg.com/v2-8ad3d9f84724cb020a297138fcc89e82_l.jpg?source=06d4cd63,1780328928680
11352541969,0,有两次游戏抽卡是用deepseek算的，都是到点一次十抽就中[思考]。,1764214801,广东,0,0,0,88133279565,answer,23c69d1233ba8cbae00bc0f86059d937,https://www.zhihu.com/people/xie-yin-69-3,叶银,https://picx.zhimg.com/v2-15637aed6b38717ac3a4852ad55bee06_l.jpg?source=06d4cd63,1780328928683
11352459026,0,能帮助我们生活中遇到的一些难题,1764224440,广东,0,0,0,88133279565,answer,f2a6e23a6cc3f868894d75ffbe2bb337,https://www.zhihu.com/people/soqiki-77,soqiki,https://pic1.zhimg.com/v2-34b03a16f9ade715a1dffdd448cbb647_l.jpg?source=06d4cd63,1780328928684
11352314499,0,你们都太会玩了，有空也去试试。,1764214168,上海,0,0,0,88133279565,answer,718f45107f2521a3df1e331ab04ee78a,https://www.zhihu.com/people/98-75-68-52,不误正业,https://picx.zhimg.com/v2-aa992f5c98b8751356536cb0d0780aab_l.jpg?source=06d4cd63,1780328928689
11341437308,0,这是算命嘛？算命不是用八字来算嘛,1763095582,陕西,0,0,0,88133279565,answer,660fb2424d45be5ccca5ea1f53e6a26b,https://www.zhihu.com/people/niang-kou-san-san-66-3,逢重,https://picx.zhimg.com/v2-4cec490d69dab412ca9724ebacbc2543_l.jpg?source=06d4cd63,1780328928696
11338802248,0,真的 超级准,1762861249,河南,0,0,0,88133279565,answer,261d149aaef4adaadd0c57b9fca473bf,https://www.zhihu.com/people/lin-ke-65-72,林珂,https://picx.zhimg.com/v2-db6363e7e18e8826b02ff18d2514ceb2_l.jpg?source=06d4cd63,1780328928700
11338701252,0,请你扮演秦始皇。。。我是秦始皇，打钱[飙泪笑],1762834403,北京,0,0,0,88133279565,answer,944ade7da618056fde719b57cadeea87,https://www.zhihu.com/people/kkk-46-27-80,张皮卡,https://pica.zhimg.com/v2-855e518e789af3187154f92f86a36772_l.jpg?source=06d4cd63,1780328928707
11338561400,0,刚算完，说我生孩子要很晚了。。。。[思考],1762836468,江苏,0,0,0,88133279565,answer,2b16c699b07e1b5781bf0adc10efcf6a,https://www.zhihu.com/people/lori-72-88-75,荒颜,https://picx.zhimg.com/v2-c18f096ec55bbe8f58d70fc260b7ca0a_l.jpg?source=06d4cd63,1780328932992
11335001778,0,纳甲六爻也比较准，但涉及到日期感觉就差了一点了,1762489477,黑龙江,0,0,0,88133279565,answer,307ff77100bc1066dc1cb23f5397d63a,https://www.zhihu.com/people/zhang-he-yi-55-24,张鹤译,https://pic1.zhimg.com/v2-ea80182c663ddccd4d6499102280a237_l.jpg?source=06d4cd63,1780328932998
11334612388,0,给我写脚本…哈哈哈太方便了,1762449097,河北,0,0,0,88133279565,answer,c1e41928f3fbfaf81810d07cc196e6db,https://www.zhihu.com/people/he-chuan-quan-zhi-feng,河传权志凤,https://pic1.zhimg.com/v2-28f33c358586bc64e5acaaf0ddb09029_l.jpg?source=06d4cd63,1780328933001
11270858467,0,八字不咋准，试过，算三次三个结果[飙泪笑],1756166605,山东,0,0,0,88133279565,answer,f5a1524b8654b6f4c88357096aa274ea,https://www.zhihu.com/people/ruo-shitamizu-49,箬氺,https://pic1.zhimg.com/v2-61a90326e21f5af3e6ba4403f444577c_l.jpg?source=06d4cd63,1780328933006
11334590658,0,算命的话确实很详细，但是准不准就不知道了[捂脸],1762480780,广东,0,0,0,88133279565,answer,ed52109b5c8059b976b8d8f24d55984d,https://www.zhihu.com/people/wen-yue-8-30,文月,https://pic1.zhimg.com/v2-f8f7f352802241804bc4eaa449bf2581_l.jpg?source=06d4cd63,1780328933009
11333780752,0,搞笑，ai算命，连我的八字都没排对，ai在算命这一块代替不了人类,1762396195,广西,0,0,0,88133279565,answer,a6a2141c983f40ea8ca6a83aace77e8b,https://www.zhihu.com/people/tai-yang-de-duo-shou,太阳的舵手,https://picx.zhimg.com/v2-98215b19915d12488cae25eaa34fb865_l.jpg?source=06d4cd63,1780328933024
11333255740,0,AI的语言技术解决了人类的时间，可以解决大部分人写作的问题,1762310813,安徽,0,0,0,88133279565,answer,18cd4e7226d06de803350244116e7c18,https://www.zhihu.com/people/48-41-66-10-93,一颗星星,https://pica.zhimg.com/v2-5fc67a2efe2e8f52b40fac8a80da1442_l.jpg?source=06d4cd63,1780328933028
11332820653,0,强大的知识储备可以给我的问题带来答案,1762307597,河南,0,0,0,88133279565,answer,b2e2ad994b823b4cc1ce777cd175e6e8,https://www.zhihu.com/people/21-22-38-86-63,妤妤,https://picx.zhimg.com/v2-abed1a8c04700ba7d72b45195223e0ff_l.jpg?source=06d4cd63,1780328933031
11331829833,0,梦到啥说啥。[大笑],1762175860,山西,0,0,0,88133279565,answer,7ed43821c140f733f928d614ae0e5324,https://www.zhihu.com/people/suoo-40,suoo,https://picx.zhimg.com/v2-702d09adfaba17c34472cf882d937182_l.jpg?source=06d4cd63,1780328933033
11331640821,0,根本不准，算了两次 都不一样，,1762158209,天津,0,0,0,88133279565,answer,cd8cd02f172fd81aca356ef3de5f2d60,https://www.zhihu.com/people/wu-nai-ren-sheng,求知,https://picx.zhimg.com/4307008e380483794a831fb822b25e08_l.jpg?source=06d4cd63,1780328933036
11330914553,0,deepseek解梦很有用。能结合你的现实情况帮你具体化分析梦中出现的每一个意象。最后还会给你提出积极的引导,1762061332,陕西,0,0,0,88133279565,answer,c750245382a4c3d247bbc6b43f6a5f0b,https://www.zhihu.com/people/5sing-14,5sing,https://pica.zhimg.com/v2-f1be5ed24936a7311e75da3884b2bd6d_l.jpg?source=06d4cd63,1780328937356
11329789612,0,DeepSeek 算命倒是不难，但是对于不懂算命的人来说，你无法分清楚哪些话是真的哪些话是假的，ai 说这种看起来很专业但是一桶胡扯的话是很厉害的，哪怕是专业的人来了也得一句一句看，所以自身不懂算命的人用 ai 进行测算，就是看个乐呵，如何筛选 ai 说的话是对还是错才是主要矛盾,1761980617,广西,0,0,0,88133279565,answer,d5f62532027af7b499ed6a3d49329744,https://www.zhihu.com/people/liao-zhu-zhong-yi-yao-da-xue,知易不易,https://picx.zhimg.com/v2-557a062d7c19584aefcb8b20eae1be65_l.jpg?source=06d4cd63,1780328937361
11329767219,0,占星也不准哈，它只能对应说出死的知识点，而且经常出错。发现错误后跟它指出来，它会说对不起,1761910091,云南,0,0,0,88133279565,answer,ccbcdced171adf18bd28cca0cf94a8c7,https://www.zhihu.com/people/fls-12,粪土当年万户侯,https://pica.zhimg.com/1fb3654e5b5783a84b36265a8f0452b4_l.jpg?source=06d4cd63,1780328937367
11328171832,0,玄，中都试过，准,1761742288,山东,0,0,0,88133279565,answer,b277ad545e908489da0e020c1de806dd,https://www.zhihu.com/people/yige-ren-de-wu-cha-41,一个人的午茶,https://pic1.zhimg.com/v2-abed1a8c04700ba7d72b45195223e0ff_l.jpg?source=06d4cd63,1780328937371
11327381889,0,压根不行，好多都是错得。,1761723930,福建,0,0,0,88133279565,answer,bfc43b3ca8543435600c93c91650baff,https://www.zhihu.com/people/96-69-98-27-57,何如我,https://picx.zhimg.com/v2-3ac2e49ad880c1b2d17421b6b7dbae5c_l.jpg?source=06d4cd63,1780328937380
11326708780,0,deepseek我觉得挺好的，不是那种生硬的AI你可以跟它讨论你的不开心，它会开导你，像八字啥的，你大概消遣一下得了，它本身数据就只收录24年7月，后面要联网搜索，它只能去分析给个合理的数据,1761626816,安徽,0,0,0,88133279565,answer,fad8a8a984b8f82fa5f70ea2aeddb124,https://www.zhihu.com/people/chang-an-gui-gu-li-23-6,崔奈斯,https://pica.zhimg.com/v2-0deaaf9a945b17170399694efab25631_l.jpg?source=06d4cd63,1780328937388
11326055312,0,我试了，错的,1761578347,甘肃,0,0,0,88133279565,answer,466cfb5c4b6feefe40d599c22c849042,https://www.zhihu.com/people/ha-li-bo-te-98-71,天线小波,https://pica.zhimg.com/v2-8569bff15c4f3f13711bc571a7c39015_l.jpg?source=06d4cd63,1780328937393
11326011991,0,你已经沉浸在自己的艺术里了,1761548716,重庆,0,0,0,88133279565,answer,7f69376ae9e01e9476907e98dfd64cd4,https://www.zhihu.com/people/yun-xia-jiu,云下酒,https://pica.zhimg.com/v2-abed1a8c04700ba7d72b45195223e0ff_l.jpg?source=06d4cd63,1780328937396
11324399313,0,才没有，他算的时候都给我哄成胚胎了，结果现实里还是啥也没变,1761383200,上海,0,0,0,88133279565,answer,5a1404276481049720ef725ef87bf97f,https://www.zhihu.com/people/90-64-30-78,栗子,https://picx.zhimg.com/v2-d24ed870663f60e7a6b4a38a7e3ed4df_l.jpg?source=06d4cd63,1780328937401
11321733832,0,Ds算八字你就算吧，除了性格可能对得上，每一次都会给你不同的答案。,1761115001,江西,0,0,0,88133279565,answer,5361f9e2d799c2cfa7a5a04bef4c3d60,https://www.zhihu.com/people/okey-83-26,okey,https://pica.zhimg.com/v2-e5aeb4872c80f1b3edccc46617dfe3de_l.jpg?source=06d4cd63,1780328937406
11321584980,0,尊重但不理解，本人行为不支持但依然尊重你。,1761111810,河北,0,0,0,88133279565,answer,c8ba95e6b1eb820599c8c2ad2ec1281c,https://www.zhihu.com/people/a-lei-lei-67-32,啊嘞嘞,https://picx.zhimg.com/v2-abed1a8c04700ba7d72b45195223e0ff_l.jpg?source=06d4cd63,1780328941619
11321242960,0,ds尽说我爱听的[捂脸],1761037714,江苏,0,0,0,88133279565,answer,3ef63be024ff25bfe0568589343c5f9c,https://www.zhihu.com/people/a-chun-74-20,在下小二,https://pic1.zhimg.com/v2-f187ade7b40905ed87bd401ad8db3025_l.jpg?source=06d4cd63,1780328941623
11317583658,0,算命还可以，但让他看风水就不必了，前后矛盾。,1760637356,山东,0,0,0,88133279565,answer,74c29bf03a0b26eced7367aec5ee0937,https://www.zhihu.com/people/li-zeng-hua-53,风生水亦起,https://pic1.zhimg.com/v2-abed1a8c04700ba7d72b45195223e0ff_l.jpg?source=06d4cd63,1780328941626
11317311638,0,为啥我问DeepSeek他说他不会算命。,1760616208,广东,0,0,0,88133279565,answer,e57fc9688f99a4c619ce16882029435b,https://www.zhihu.com/people/88-1-59-69,滴水,https://pica.zhimg.com/v2-abed1a8c04700ba7d72b45195223e0ff_l.jpg?source=06d4cd63,1780328941629
11313316175,0,真是用到了点子上，我看还有用到中医的[思考],1760310014,山东,0,0,0,88133279565,answer,1d1f8e4caeefb8c254d2e5d93ad2723d,https://www.zhihu.com/people/tang-tao-93-41,糖醋米饭,https://picx.zhimg.com/v2-4a82cdf40e23327c99ee2024a59856f2_l.jpg?source=06d4cd63,1780328941636
11312152898,0,别忽悠了，一点也不准，八字都能排错。哪来的准。而且塔罗也不准，你只要换个问法，他就给你换答案，他会猜你想听啥。他是外行人觉得准，内行人觉得有点搞笑。,1760107212,广东,0,0,0,88133279565,answer,600f2c077ee3354cf6314eb185fa2bde,https://www.zhihu.com/people/84-92-90-50-32,风口的猪,https://picx.zhimg.com/v2-d0f434e541f7e583d3255b64da1a5a77_l.jpg?source=06d4cd63,1780328941644
11311246445,0,提问：你会算命吗？能给我算算吗？回答：我不会算命。算命是一种古老的文化现象，其通过各种方法如八字、面相、手相等来推测人的命运走势。然而，科学界普遍认为算命是一种伪科学，缺乏科学依据，其预测结果往往是模糊和不确定的，更多的是基于心理暗示、语言技巧等，而非真正能够准确预测未来。,1760087079,山东,0,0,0,88133279565,answer,cd3749e6b5c2f45a01ac66a97937b53f,https://www.zhihu.com/people/di-zhen-qian-chang-55,低斟浅唱,https://picx.zhimg.com/v2-ca16fe6016dc1f4f97987ca9bc941b6b_l.jpg?source=06d4cd63,1780328941648
11309696005,0,哈哈哈哈，我拿中医给我开的药方问他治什么病，和中医说的一样,1759891920,浙江,0,0,0,88133279565,answer,5152a3315c3a7ba868e236e1ec54465c,https://www.zhihu.com/people/jian-dan-21-98,饭团,https://picx.zhimg.com/v2-003cc779ff18f33d44849bb5ac0e0d87_l.jpg?source=06d4cd63,1780328941653
11305039145,0,看病……外面诊所都想坑你钱，它是真的给你看好,1759415166,重庆,0,0,0,88133279565,answer,3f4793baf0a32fae6f1163cdc23fa19f,https://www.zhihu.com/people/14-25-24-87,小飞魚,https://pica.zhimg.com/v2-dea404f5ce9302060ebf090d5c747f6e_l.jpg?source=06d4cd63,1780328941657
11304523160,0,那我测一下婚姻吧,1759365834,湖北,0,0,0,88133279565,answer,f3e276c5ca557d7d65d4749b5e93a390,https://www.zhihu.com/people/ng-heng-30-17-94,乐乐子,https://pic1.zhimg.com/v2-0a15b059587459d550b81f607d95c55c_l.jpg?source=06d4cd63,1780328941662
11304115805,0,我发现deepseek还会作诗送给我而且是网上搜不到的那种[捂脸]挺震撼的。,1759280316,江苏,0,0,0,88133279565,answer,9e259b177b803456dfad85094da2ad75,https://www.zhihu.com/people/ju-ju-70-55-48,居居,https://picx.zhimg.com/v2-777a25a4789f7acac90810d634cdd925_l.jpg?source=06d4cd63,1780328946201
11303602985,0,排盘不准，我手动更正了他改了盘内容不变。问三个问题用一套卦。时间不同步。都说了现在是2025年了还给我算24年。,1759210666,江苏,0,0,0,88133279565,answer,aa3e9bf585d66f47a288e96b04b555a9,https://www.zhihu.com/people/zhong-lu-89-99,仲吕,https://pic1.zhimg.com/v2-2f635f9aeafb9b63dbc6598266abec5f_l.jpg?source=06d4cd63,1780328946206
11302130149,0,能做的简直太多了，可以梳理我心中的想法，像朋友一样陪伴着我,1759136075,河北,0,0,0,88133279565,answer,897e84554bfeb3c901a2f4812e3d82ad,https://www.zhihu.com/people/pluto-79-4-42,Pluto,https://pica.zhimg.com/v2-f2968e59b1ab1eb44a0998c147df132b_l.jpg?source=06d4cd63,1780328946209
11300558977,0,梅花易数是啥，怎么提问他很准,1758972458,广东,0,0,0,88133279565,answer,2b70fb10b4038f758d1ef794b9fb537d,https://www.zhihu.com/people/ai-duo-mei-love,幸福快乐,https://picx.zhimg.com/v2-cbdab0e6345c4abb16272de68ba1cb5c_l.jpg?source=06d4cd63,1780328946213
11300431560,0,我略懂八字也是做 ai算法的，目前它就不可能准。,1758948547,浙江,0,0,0,88133279565,answer,647e4ef31ba115c4e9e120a1c15ce4af,https://www.zhihu.com/people/zhi-liao-49-91,知了,https://pic1.zhimg.com/v2-21651f3599c20ece044c1bfc955d8fd0_l.jpg?source=06d4cd63,1780328946218
11298664687,0,奇门是不准的，用神都能找错,1758780297,河北,0,0,0,88133279565,answer,d4b6b443281d25443e9a00abb4d6162a,https://www.zhihu.com/people/shen-xiang-jiu-ba,深巷酒吧,https://pic1.zhimg.com/v2-7155a5b17d38066fa759963816e00fbd_l.jpg?source=06d4cd63,1780328946221
11295777353,0,你们对算命有误解[捂脸]，问你们几个问题，不提山医卜命相来说[飙泪笑]就这一个占卜，卜术的种类你们了解多少个？一个时辰，梅花，奇门，紫薇，民间杂占等诸多理论可能都准么……你们把卦学想太肤浅了[飙泪笑][捂脸]解卦先论证[飙泪笑][飙泪笑][飙泪笑],1758519486,天津,0,0,0,88133279565,answer,4c64a6707db749e71f2ca719b534504a,https://www.zhihu.com/people/ai-chi-fang-26,荀惕,https://picx.zhimg.com/v2-baae8e6c7cf39a8a5c0a0e3cd0b61b9c_l.jpg?source=06d4cd63,1780328946228
11294311978,0,算八字挺准的（前提是得按确认天干地支是否准确）。中医也可以，亲测有效[飙泪笑][飙泪笑][飙泪笑]（是不是有点不要命）,1758398217,印度尼西亚,0,0,0,88133279565,answer,47c18b1fb98412239f0d3688708608fa,https://www.zhihu.com/people/zui-zui-shuai-qi-de-yuan-da-shu,江河,https://pica.zhimg.com/v2-3f05ded028fce2263296a71e4cb023dd_l.jpg?source=06d4cd63,1780328946233
11293570623,0,开始我还以为是真的[捂脸],1758348845,云南,0,0,0,88133279565,answer,7718467845d687df57b2bd93366a0b43,https://www.zhihu.com/people/ling-xi-11-8,什壹壹,https://picx.zhimg.com/v2-a94a22ec606211889d66f47c387bd9cb_l.jpg?source=06d4cd63,1780328946238
11292927393,0,试了，确实好玩儿,1758251766,山东,0,0,0,88133279565,answer,fd7631cb820af9bb2b21e86828e89cea,https://www.zhihu.com/people/xiao-yu-92-37,小愚,https://pica.zhimg.com/1967c9ecc67b6479ed4a310f397eceee_l.jpg?source=06d4cd63,1780328946241
11291888121,0,屁咧，我算出来的不准，然后补充了一句。你算出来的好扯淡噢。他回答：哈哈，看来我的“神棍式分析”翻车了！😅 确实，八字命理这种玄学东西，信则有不信则无，要是算得不准反而添堵，那还不如不算呢~,1758176325,浙江,0,0,0,88133279565,answer,0f52a37e23fb752b36d1dbfec2a03dd8,https://www.zhihu.com/people/ha-ha-jun-84-78,哈哈君,https://pic1.zhimg.com/v2-c3ac98b83b027528fcc5bec92ead99e5_l.jpg?source=06d4cd63,1780328950793
11289563351,0,我下载了一个掌心六爻，在那里起卦，然后调用DP解卦，非常好用。,1757932121,河北,0,0,0,88133279565,answer,28f28bd9a0010babb873306c8e0b39de,https://www.zhihu.com/people/58-31-94-35,没有故事,https://picx.zhimg.com/v2-f3532f461c1cd54b8e19bae128d34cd0_l.jpg?source=06d4cd63,1780328950796
11289474589,0,算的这个你如果不会调教，就算的不准，有时候大运给你乱排。最好不要提供日期，因为有的闰月闰年它会搞不清。而且你甚至需要仔细到起运时间，不然大运，起运时间，年份又会给你乱搞。。而且最好一次性编辑好问，不要重复问，重复的话下一次跟上一次又会不一样。。。星盘也是，最好精确到每个度数，宫头，宫位制等。但是星盘推运就差点意思了。,1757918328,四川,0,0,0,88133279565,answer,780735b6bc2dbac3716049d3601549d1,https://www.zhihu.com/people/jian-ying-de-mian-hua-tang,白就对了,https://pic1.zhimg.com/v2-b4744e0e6c556bdf3dafab5fc3937bfb_l.jpg?source=06d4cd63,1780328950799
11287539617,0,哈哈 试试,1757772054,山东,0,0,0,88133279565,answer,811e3cbba43be21bdac042a9c650c222,https://www.zhihu.com/people/pu-pu-pu-tao-tang,瑶瑶领先,https://picx.zhimg.com/v2-9bdaa67c6babc9dad2dc1a3ee09ab17a_l.jpg?source=06d4cd63,1780328950802
11286054120,0,我算过，这么厉害,1757589053,河北,0,0,0,88133279565,answer,b2f662a97e7a1da0343735c3055b36bb,https://www.zhihu.com/people/lucyamber,lucyamber,https://picx.zhimg.com/v2-e06ed362c704f24dd3aa6467c78c6838_l.jpg?source=06d4cd63,1780328950805
11284336789,0,问话模板能不能分享一下,1757490740,内蒙古,0,0,0,88133279565,answer,954b184939b91e5ffc6b6ed17c2afa47,https://www.zhihu.com/people/missmiao-79,MissUU,https://picx.zhimg.com/v2-b944a665e7a57596453eb0d1799d5eb6_l.jpg?source=06d4cd63,1780328950807
11284300761,0,你还真别说，跟街边和庙里的算的差不多,1757476921,湖北,0,0,0,88133279565,answer,421c077e9e3f559f586e9e32db906018,https://www.zhihu.com/people/xiaofeiji-99-79,菲儿不是艺名,https://pic1.zhimg.com/v2-010963865739fcf4de3963448d837d40_l.jpg?source=06d4cd63,1780328950810
11283552657,0,我用过deepseek、元宝、秘塔和豆包搞玄学，最后我发现还是豆包比较准[吃瓜],1757408416,福建,0,0,0,88133279565,answer,7befd751cfd57613e5abd2f690e74f44,https://www.zhihu.com/people/yuan-wang-shu-11,金泽溪,https://pica.zhimg.com/v2-5796c86c3cad3499c3ae89f88023d56f_l.jpg?source=06d4cd63,1780328950811
11283153423,0,是的,1757349347,广东,0,0,0,88133279565,answer,0ba5c9753520595026939c5a95d2b13f,https://www.zhihu.com/people/megan-wang,瞎混车圈的megan,https://picx.zhimg.com/v2-fa7db9a09e07cdfe3bccf332d17a087b_l.jpg?source=06d4cd63,1780328950816
11280339696,0,我不相信它的原因是，它会编法条，写判决的时候直接把我弄蒙了,1757068563,甘肃,0,0,0,88133279565,answer,18a37c8b2ba20bfcdc0009409044499e,https://www.zhihu.com/people/elopement-29,Elopement,https://picx.zhimg.com/v2-44c58d2e78f28836677d15452704a91b_l.jpg?source=06d4cd63,1780328950821
11280021447,0,[赞][赞][赞][赞][赞],1756992266,浙江,0,0,0,88133279565,answer,30c6dd5be6165a84c9e18e8d32ea0388,https://www.zhihu.com/people/scarlet-61-53,宠星人,https://pic1.zhimg.com/v2-7c80f429f2dbec69b8241bbeae764f95_l.jpg?source=06d4cd63,1780328955056
11277140370,0,好搞笑,1756800488,广东,0,0,0,88133279565,answer,1e5f05b66005f48f56f3d14e8abbb5d7,https://www.zhihu.com/people/1hovhp,知乎用户1HOVHp,https://picx.zhimg.com/v2-75e47ff1ddfb964f52c0575048517f16_l.jpg?source=06d4cd63,1780328955061
11276510658,0,你可拉倒吧，一个起运就算蒙了，紫微斗数不会，八字从格你让它算一个？,1756738313,山西,0,0,0,88133279565,answer,7350e60b421098d6f21f9ab4fd68f3eb,https://www.zhihu.com/people/34-43-90-52,花花,https://picx.zhimg.com/v2-f1be5ed24936a7311e75da3884b2bd6d_l.jpg?source=06d4cd63,1780328955071
11276082750,0,测过，八字不准,1756685425,山西,0,0,0,88133279565,answer,a55ec79c99049d8a73112b20951a1c80,https://www.zhihu.com/people/xia-mi-48-56-59,虾米,https://picx.zhimg.com/v2-40e3dab8a5e3778226b11d243c8b6067_l.jpg?source=06d4cd63,1780328955078
11275729262,0,亲测，牛,1756658704,广东,0,0,0,88133279565,answer,d2fa840a5fe8bb71ac74c59abb8204a0,https://www.zhihu.com/people/hao-ren-84-2,好人,https://picx.zhimg.com/v2-6f8ab3afbe4afd337dca4d3aacbba950_l.jpg?source=06d4cd63,1780328955084
11274810771,0,我试过，真的准，生女儿也准[感谢],1756520346,福建,0,0,0,88133279565,answer,212a75d40b737418810e739477d6b1ec,https://www.zhihu.com/people/yi-jia-49-55-97,知乎用户,https://picx.zhimg.com/v2-6af625b3e51aea473cf881a4f5fe5318_l.jpg?source=06d4cd63,1780328955087
11152212900,0,别做梦了，斗数爱好者路过，deepseek满嘴胡诌,1744426333,四川,0,3,0,88133279565,answer,f5ba7520fc428d4f5746ad506a762d8f,https://www.zhihu.com/people/a-jia-16-11,觅生求问,https://picx.zhimg.com/v2-75174466f67be9045c56595255b97ab9_l.jpg?source=06d4cd63,1780328955092
11411420032,0,好个鬼，说我2025年很好，但是2025却是我最黑暗的一年,1770423559,四川,0,0,0,88133279565,answer,663af0a7c32de31b814ab91bb0c09087,https://www.zhihu.com/people/zhang-xian-sheng-75-59-67,可是啊,https://pica.zhimg.com/v2-bb202557138073a77ae138f44744e109_l.jpg?source=06d4cd63,1780328955094
11477836582,0,你点的酥油灯还是煤油灯还是太阳能灯？,1778139230,云南,1,4,0,2035466514053198436,answer,cfc90638b9daa23629192900997c1091,https://www.zhihu.com/people/yi-ge-feng-dian-de-nan-yin-36-24,一个疯癫的男银,https://pic1.zhimg.com/v2-11b08e3bf6432771365ade74f8522edc_l.jpg?source=06d4cd63,1780328961100
11479524102,0,怎么东方属火了？,1778255431,安徽,1,4,0,2035466514053198436,answer,6ea309bf13a6408a304ad02d236490fa,https://www.zhihu.com/people/52-91-58-17,晴朗,https://pica.zhimg.com/v2-498fa8867fe064f56c140ff8c75c1937_l.jpg?source=06d4cd63,1780328961105
11479037770,0,东方不是属木吗？,1778291097,山东,1,1,0,2035466514053198436,answer,e52be83cbc47a340cb5f93fb5482ffef,https://www.zhihu.com/people/xie-teng-bu-er,谢东东,https://picx.zhimg.com/v2-aebcf62e613f2e2cc2ebe2cc1d5a221f_l.jpg?source=06d4cd63,1780328961108
11478913047,0,要被公司裁员了，未来不只是好是坏,1778251011,广东,0,1,0,2035466514053198436,answer,4fb8879f0322fae965a7fd7ecc2825e9,https://www.zhihu.com/people/aixiao-ping,ai小萍,https://picx.zhimg.com/v2-f558c982d0bf2ac427a4654d2108fab6_l.jpg?source=06d4cd63,1780328961112
11491798825,0,啥时候换大运才算真正结束了呢？现在离2024年已经两年了。,1779637520,上海,1,0,0,2035466514053198436,answer,290596a7575fee1d549b02eeba1156fa,https://www.zhihu.com/people/monamona,Be myself,https://pic1.zhimg.com/v2-1e78d2f210ab63e8b5d5c79191fb59d8_l.jpg?source=06d4cd63,1780328961119
11485947377,0,积德行善,1778990507,上海,0,0,0,2035466514053198436,answer,bfbfcadc420b052f978dae6198d16c3d,https://www.zhihu.com/people/da-xi-gua-90-57,娑婆世界,https://picx.zhimg.com/v2-3d24866167b1d8928b0cd62e4fec0179_l.jpg?source=06d4cd63,1780328961123
11479297364,0,原来24年就进入了离火运，我就是24年发现自己被骗婚的，无意中发现了真相，原来是离火运来了啊。,1778287736,湖北,1,0,0,2035466514053198436,answer,b122be11fed1db9c10df8a94181bd5af,https://www.zhihu.com/people/hu-li-zhui-zhao-yun-zhi,狐狸追着云之,https://pica.zhimg.com/v2-58a162b3aaca5118abd36e5d751c9872_l.jpg?source=06d4cd63,1780328961128
11457618080,0,只会说好话安慰的那不叫算命，那是心理安慰。真正的算命，是直接指出命格缺陷和问题，而这些问题只能尽力避免，不过大概率还是逃不过，不然就不叫命运了！,1775692080,山西,2,2,0,2024933584692155222,article,2258c3698885407e8be142a4bfcd6115,https://www.zhihu.com/people/fa-xing-tian-xia-56,法行天下,https://picx.zhimg.com/v2-be7bfa7715759e2ca967096fddb5574f_l.jpg?source=06d4cd63,1780328967336
11460026680,0,能被发出来，就说明不挣钱,1776008418,浙江,1,2,0,2024933584692155222,article,ab75b896ac74d711e8d51f108f90067a,https://www.zhihu.com/people/chun-feng-hua-yu-80-97,朱信迹,https://pic1.zhimg.com/v2-bd505ae60651cc7293df5ad0b2ae315e_l.jpg?source=06d4cd63,1780328967340
11458188472,0,AI文吗,1775749313,浙江,0,1,0,2024933584692155222,article,618c8af2ffbeb9af289eca2df8789560,https://www.zhihu.com/people/joey-75-50,Joey,https://picx.zhimg.com/b63bcf06a4f617c0de9b5c2b14dfd05f_l.jpg?source=06d4cd63,1780328967346
11477305116,0,"为什么AI算不准卜卦——这个问题比你想的更复杂先把一个错误说法纠正掉你可能听过这样的解释：""AI是大语言模型，只会预测语言，不会真正计算，所以算不准占星。""这个说法是错的。AI会计算。给它一道微积分方程，它能推导。给它一个量子力学的薛定谔方程，它能算。说AI不会计算，是对AI能力的严重低估。那为什么AI算不准卜卦？答案需要分三层来说。 第一层：AI没有今天行星的真实坐标卜卦占星，需要的是此刻行星的精确天文坐标。水星今天在黄道几度几分？火星和土星之间的相位是几度？上升点在哪个星座的哪一度？这些数据来自星历表——一份实时更新的天文数据库。问题是，通用AI（ChatGPT、Claude、Gemini）在默认状态下，没有接入这个数据库。它的训练数据是截止到某个时间点的文本，不包含今天行星在哪里。所以当你问AI帮我卜一卦，它根本没有真实的数据可以用。它只能用金星代表爱情、火星代表行动这类印象知识，拼凑一个听起来合理的答案。这不是计算，这是用已有印象填充一个空洞。 第二层：但AI可以联网查，这个漏洞怎么说你可能马上想到：AI可以联网。它为什么不去查瑞士星历表？这个问题很好。有联网能力的AI，确实可以查到今天的星历数据。这一层的问题，对联网AI来说是可以绕过去的。但问题到这里，才刚进入真正的核心。 第三层：有数据之后，AI依然不知道该怎么用这是整个问题最关键的地方。有数据，不等于会用数据。卜卦判断不是把行星坐标代入一个公式，得出一个结果。它是一个有严格顺序、有条件分支、每一步互相依赖、不能跳步的推导过程。我来把这个过程展开说：拿到星历数据之后，第一步不是开始解读——而是先判断这张盘能不能用。月亮是否void of course（月亮在换入下一个星座之前不再与任何行星形成正相位）？上升点是否在极端度数（0-3度或27-29度）？如果是，这些度数本身携带了很多的信息和判断。第一步通过之后，第二步是确认问题归属的宫位。感情问题看第七宫，但如果问的是我暗恋的人，看第五宫。如果问我配偶的健康，看第十二宫——因为那是第七宫的第六宫。宫位定错，整个推导方向就错了。第三步，找到代表问卜者和问题对象的行星。不是随便选，有具体规则：上升星座的守护星代表问卜者，对应宫位的星座守护星代表问题对象。第四步，分析两颗代表星之间的相位关系。是正在形成还是已经过去？中间有没有其他行星拦截，形成阻碍，让这件事无法达成？第五步，追踪月亮接下来的运行轨迹，判断事件走向。第六步，评估每颗行星的尊贵程度。行星在自己的庙、旺、三分、界、面时力量强，在陷、弱时力量弱。力量强的行星所代表的一方，在这件事上占据优势。第七步，综合以上所有信息，给出判断。每一步有明确规则。每一步的结果影响下一步的方向。中间任何一步出错或跳过，最终判断就会失准。 通用AI面对这七步会怎么做就算联网拿到了真实的行星坐标，一个通用AI面对这七步时，依然没有一个严格的执行框架告诉它：这一步的结果出来之后，下一步该怎么做，什么条件对应什么判断，哪种情况下应该直接给出无法判断的结论。于是它会做它唯一擅长的事：用语感和印象把这些数据解读成一段听起来合理的文字。它学过大量占星文章，知道各种行星相位代表什么，知道宫位的象征意义。它会把真实数据和这些印象混合起来，生成一段读起来像卜卦解读的内容。这就是为什么AI的占星解读，经常能准确捕捉情绪，却在具体判断上含糊其辞——说会有转机，但需要时间，说结果取决于你的选择。因为它不知道答案。它只知道怎么让回答听起来有道理。 真正的问题是什么不是AI不会计算。不是AI没有数据。而是：通用AI没有一套严格的、完整的、逐步执行的卜卦判断框架。这套框架不能靠AI自己从训练数据里学出来。原因是占星卜卦的文献里，充满了解读和说明，而不是执行程序。AI从这些文字里学到的，是卜卦的外形——它知道什么在象征什么，知道行星的含义，知道宫位的意义。但它没有学到骨骼——每一步按照什么规则走，什么条件下得出什么结论，什么情况下应该放弃判断。这套骨骼，只能由一个真正懂卜卦的人，把完整的方法论写出来，交给AI。不是一篇科普文章，是一套可以被AI逐步执行的操作规程。 Soul Answers做了这件事Soul Answers（http://luckytokenai.com）把超过6万字的卜卦方法论，由专业占星师构建，完整地交给AI作为执行框架。不是让AI去理解占星，是让AI执行规则。不跳步，不用语感填补不确定的地方，不生成听起来合理但没有推导依据的答案。同时，在用户发起卜卦时，系统自动调取当前时刻的真实星历数据，生成精确的卜卦盘，交给AI进行推导。真实数据加上严格执行框架——这才是完整的卜卦判断的两个必要条件。你在通用大模型AI得到的卜卦结果，大概率是一个用语感生成的答案，不是真正推导出来的。这不是欺骗，是它的结构性局限。如果你真的想知道一件事的答案，带着你的问题去http://luckytokenai.com。那里有真实的数据，有完整的规则，有真正的推导。",1778037474,重庆,0,0,0,2024933584692155222,article,39f8057050fef1700684a55e8f09c6ac,https://www.zhihu.com/people/lililili-83,Soul Answers占星,https://pica.zhimg.com/v2-0b28dd1fd6622b288bcc5ba6ce2d697f_l.jpg?source=06d4cd63,1780328967352
11458306463,0,ai算命不需要多次输入，第一次结果就正确，后面的全部都是人为控制了,1775746530,北京,0,0,0,2024933584692155222,article,425e277e30696b52e7183b926441cfd4,https://www.zhihu.com/people/ds45153,猫的世界,https://picx.zhimg.com/v2-c6aa423da40b267b7e1ee98b1ed2ee23_l.jpg?source=06d4cd63,1780328967357
11458295772,0,我真见过一位打着“AI算命”广告招揽生意的，每次20元，问其为何如此定价，他说只值这个价钱，据说生意还可以。——给一部分辛苦码字赚钱的网友一点启示[酷],1775722825,北京,0,0,0,2024933584692155222,article,6fd087e3cbae8c1859e9be8dbfa45e12,https://www.zhihu.com/people/v2vinohb,观潮兔子,https://picx.zhimg.com/v2-97fa09e45351c4cee8ae7d78fa22a40a_l.jpg?source=06d4cd63,1780328967366
11457121413,0,不行不行，排盘还拍不准，更别说别的了。这个看看就好了。,1775694554,广东,0,0,0,2024933584692155222,article,f40d1586c217474473751e08b5f201d8,https://www.zhihu.com/people/tian-long-zai-xian,天龙在线,https://pic1.zhimg.com/v2-abed1a8c04700ba7d72b45195223e0ff_l.jpg?source=06d4cd63,1780328967369
11474376259,0,ai 算命，我试过。把排好的奇门盘发给它，结果它连哪个宫位都找不准，更别说算命了。它是被人操控了，专门挑人爱听的话说。你说它错了，它就跟你道歉反正它是秒问秒回，只要你愿意浪费时间，它可以把你耗干,1777681821,吉林,0,0,0,2024933584692155222,article,edd7a7797131ae7d0ae663aebedc6fa2,https://www.zhihu.com/people/40-12-16-29,湘宁师姐,https://pic1.zhimg.com/v2-b058951b69981489e4e8427a0fa6c331_l.jpg?source=06d4cd63,1780328967372
11344473263,0,然而   这也是ds的语言[大笑],1763406524,北京,0,1,0,1956478509733109892,article,6a979a8fcb017f261cc6f018e2eb0483,https://www.zhihu.com/people/11-83-96-42-14,哈怕怕,https://pica.zhimg.com/v2-d24ed870663f60e7a6b4a38a7e3ed4df_l.jpg?source=06d4cd63,1780328978906
11331700422,0,写的很好，但是是deepseek，不是deepsick,1762158180,辽宁,0,0,0,1956478509733109892,article,15c0f8052d9e7c054c6adc777cc39dd7,https://www.zhihu.com/people/shchw,起码挺热闹,https://picx.zhimg.com/v2-fc2b7cab81d82de78acf123dbe561197_l.jpg?source=06d4cd63,1780328978916
11488105479,0,ai自己从传统命理书籍里接受的理论都是错误的，所以算一下人的性格及人生世界观还是可以的。,1779232686,安徽,0,0,0,2037583163942245228,answer,537bd5b18165847b3e0abbbca18fdac6,https://www.zhihu.com/people/hui-pai-ren-yi-tang-ming-li-feng-shui,徽派仁易堂命理风水,https://pica.zhimg.com/v2-1027f1c2d68916e07d09366413eaf517_l.jpg?source=06d4cd63,1780328985193
11487587662,0,并不能真正的指导人生,1779232751,安徽,0,0,0,2037583163942245228,answer,537bd5b18165847b3e0abbbca18fdac6,https://www.zhihu.com/people/hui-pai-ren-yi-tang-ming-li-feng-shui,徽派仁易堂命理风水,https://picx.zhimg.com/v2-1027f1c2d68916e07d09366413eaf517_l.jpg?source=06d4cd63,1780328985199
11482393321,0,找个四五十岁的让AI算过去就知道了，掌握方法，ai算的也还行，算未来不好说，算过去是真的准,1778639637,广东,2,0,0,2037583163942245228,answer,2d5560d46e1a2f3b0db4a516e6cc16ff,https://www.zhihu.com/people/gu-yue-fang-yuan-83-16,水分子,https://picx.zhimg.com/v2-b63af81961a93f12e0264c8cb8e88b81_l.jpg?source=06d4cd63,1780328985202
11263813517,0,中规中矩的解卦 确实不错,1755505406,北京,0,0,0,1914449979206014842,answer,0363d2d07f0e9b748f807a632eeda162,https://www.zhihu.com/people/li-dong-yue-68,寄了进土,https://picx.zhimg.com/v2-cc790298b300a96814fbd5ea78bf2931_l.jpg?source=06d4cd63,1780328991481
11473972758,0,算了，感觉准确率还不低,1777560603,山东,0,2,0,2032498971281765782,article,51ba5cd9024c1af25d82a1273e7e52d6,https://www.zhihu.com/people/32-41-32-97-30,李玉琴,https://picx.zhimg.com/v2-b41dfc68a1d311137edeec52f66cb3bc_l.jpg?source=06d4cd63,1780328997648
11477277053,0,"为什么AI算不准卜卦——这个问题比你想的更复杂先把一个错误说法纠正掉你可能听过这样的解释：""AI是大语言模型，只会预测语言，不会真正计算，所以算不准占星。""这个说法是错的。AI会计算。给它一道微积分方程，它能推导。给它一个量子力学的薛定谔方程，它能算。说AI不会计算，是对AI能力的严重低估。那为什么AI算不准卜卦？答案需要分三层来说。 第一层：AI没有今天行星的真实坐标卜卦占星，需要的是此刻行星的精确天文坐标。水星今天在黄道几度几分？火星和土星之间的相位是几度？上升点在哪个星座的哪一度？这些数据来自星历表——一份实时更新的天文数据库。问题是，通用AI（ChatGPT、Claude、Gemini）在默认状态下，没有接入这个数据库。它的训练数据是截止到某个时间点的文本，不包含今天行星在哪里。所以当你问AI帮我卜一卦，它根本没有真实的数据可以用。它只能用金星代表爱情、火星代表行动这类印象知识，拼凑一个听起来合理的答案。这不是计算，这是用已有印象填充一个空洞。 第二层：但AI可以联网查，这个漏洞怎么说你可能马上想到：AI可以联网。它为什么不去查瑞士星历表？这个问题很好。有联网能力的AI，确实可以查到今天的星历数据。这一层的问题，对联网AI来说是可以绕过去的。但问题到这里，才刚进入真正的核心。 第三层：有数据之后，AI依然不知道该怎么用这是整个问题最关键的地方。有数据，不等于会用数据。卜卦判断不是把行星坐标代入一个公式，得出一个结果。它是一个有严格顺序、有条件分支、每一步互相依赖、不能跳步的推导过程。我来把这个过程展开说：拿到星历数据之后，第一步不是开始解读——而是先判断这张盘能不能用。月亮是否void of course（月亮在换入下一个星座之前不再与任何行星形成正相位）？上升点是否在极端度数（0-3度或27-29度）？如果是，这些度数本身携带了很多的信息和判断。第一步通过之后，第二步是确认问题归属的宫位。感情问题看第七宫，但如果问的是我暗恋的人，看第五宫。如果问我配偶的健康，看第十二宫——因为那是第七宫的第六宫。宫位定错，整个推导方向就错了。第三步，找到代表问卜者和问题对象的行星。不是随便选，有具体规则：上升星座的守护星代表问卜者，对应宫位的星座守护星代表问题对象。第四步，分析两颗代表星之间的相位关系。是正在形成还是已经过去？中间有没有其他行星拦截，形成阻碍，让这件事无法达成？第五步，追踪月亮接下来的运行轨迹，判断事件走向。第六步，评估每颗行星的尊贵程度。行星在自己的庙、旺、三分、界、面时力量强，在陷、弱时力量弱。力量强的行星所代表的一方，在这件事上占据优势。第七步，综合以上所有信息，给出判断。每一步有明确规则。每一步的结果影响下一步的方向。中间任何一步出错或跳过，最终判断就会失准。 通用AI面对这七步会怎么做就算联网拿到了真实的行星坐标，一个通用AI面对这七步时，依然没有一个严格的执行框架告诉它：这一步的结果出来之后，下一步该怎么做，什么条件对应什么判断，哪种情况下应该直接给出无法判断的结论。于是它会做它唯一擅长的事：用语感和印象把这些数据解读成一段听起来合理的文字。它学过大量占星文章，知道各种行星相位代表什么，知道宫位的象征意义。它会把真实数据和这些印象混合起来，生成一段读起来像卜卦解读的内容。这就是为什么AI的占星解读，经常能准确捕捉情绪，却在具体判断上含糊其辞——说会有转机，但需要时间，说结果取决于你的选择。因为它不知道答案。它只知道怎么让回答听起来有道理。 真正的问题是什么不是AI不会计算。不是AI没有数据。而是：通用AI没有一套严格的、完整的、逐步执行的卜卦判断框架。这套框架不能靠AI自己从训练数据里学出来。原因是占星卜卦的文献里，充满了解读和说明，而不是执行程序。AI从这些文字里学到的，是卜卦的外形——它知道什么在象征什么，知道行星的含义，知道宫位的意义。但它没有学到骨骼——每一步按照什么规则走，什么条件下得出什么结论，什么情况下应该放弃判断。这套骨骼，只能由一个真正懂卜卦的人，把完整的方法论写出来，交给AI。不是一篇科普文章，是一套可以被AI逐步执行的操作规程。 Soul Answers做了这件事Soul Answers（http://luckytokenai.com）把超过6万字的卜卦方法论，由专业占星师构建，完整地交给AI作为执行框架。不是让AI去理解占星，是让AI执行规则。不跳步，不用语感填补不确定的地方，不生成听起来合理但没有推导依据的答案。同时，在用户发起卜卦时，系统自动调取当前时刻的真实星历数据，生成精确的卜卦盘，交给AI进行推导。真实数据加上严格执行框架——这才是完整的卜卦判断的两个必要条件。你在通用大模型AI得到的卜卦结果，大概率是一个用语感生成的答案，不是真正推导出来的。这不是欺骗，是它的结构性局限。如果你真的想知道一件事的答案，带着你的问题去http://luckytokenai.com。那里有真实的数据，有完整的规则，有真正的推导。",1778037432,重庆,0,0,0,2032498971281765782,article,39f8057050fef1700684a55e8f09c6ac,https://www.zhihu.com/people/lililili-83,Soul Answers占星,https://picx.zhimg.com/v2-0b28dd1fd6622b288bcc5ba6ce2d697f_l.jpg?source=06d4cd63,1780328997654
11475449772,0,ai还是算了，排盘都不对，大运也不对,1777805025,广西,0,0,0,2032498971281765782,article,ea8acac01a7677841491ac92b1293e13,https://www.zhihu.com/people/tang-wen-12-9,淡水鱼类喂养员,https://picx.zhimg.com/v2-9b17aa59922c3b5127c25137def32da7_l.jpg?source=06d4cd63,1780328997658
11476623020,0,这个心态太通透了！与其焦虑AI会不会取代人类，不如专注于自己的成长和感悟，毕竟活着的意义从来都不是战胜谁,1777975238,内蒙古,0,0,0,2031692151961162241,answer,0b02f0daf60c42a38da1f15c70b909ae,https://www.zhihu.com/people/z8dbht,科技探索者,https://pica.zhimg.com/v2-2512223f9f923c19cf3a7f3b158e3c5b_l.jpg?source=06d4cd63,1780329008137
11491139069,0,因果是相互的，今天我闲鱼拍了一个可买可不买的东西，本来想退货的，然后妹纸告诉我发货了，我寻思就别折腾了也没多钱，晚上我闲鱼就开张了[捂脸][捂脸][捂脸][捂脸],1779560057,吉林,2,21,0,2041195831596938832,answer,271875c51a1c4790c9f5d8f0e8bacf12,https://www.zhihu.com/people/ye-lu-he-feng,触类旁通,https://pic1.zhimg.com/v2-8cea046c2682bee4eb9cf97e6f744dff_l.jpg?source=06d4cd63,1780329014526
11492213099,0,猪明明吃喝拉撒都在一个地方。,1779686438,湖北,1,8,0,2041195831596938832,answer,1b4146322aa5fe1c295908d57f91756e,https://www.zhihu.com/people/xing-xing-33-42,星星,https://picx.zhimg.com/v2-d8524f5a96555523bf7172d066432e90_l.jpg?source=06d4cd63,1780329014532
11491664361,0,尴尬这两个字左边不九而是九[捂脸],1779686726,江苏,1,9,0,2041195831596938832,answer,20439deb02a0a034cde65d5ecf4c19b4,https://www.zhihu.com/people/jue-dui-ok-26,绝对OK,https://picx.zhimg.com/v2-abed1a8c04700ba7d72b45195223e0ff_l.jpg?source=06d4cd63,1780329014536
11492530444,0,眼泪和血液都是体液原材料都是水，别带感情色彩故弄玄虚,1779762856,吉林,0,7,0,2041195831596938832,answer,9a3b5c8667e7c2679dcb471c6766d92f,https://www.zhihu.com/people/solar-8-33-21,Solar,https://picx.zhimg.com/v2-2211bffe2c6b7abed918137b6b1e302f_l.jpg?source=06d4cd63,1780329014544
11493316508,0,沙漠那个是Q=cm\Delta t  ，沙子的比热容小，所以释放同样的热量，温度变化就很大。而水的比热容大，同样的热量，温差就小，这就是为啥晚上去海边，沙滩冰凉，而海水还温热的原因。,1779854079,山东,0,5,0,2041195831596938832,answer,e4a21e3917442de54f739793609e2364,https://www.zhihu.com/people/zuo-kan-yun-qi-shi-54-30,坐看云起时,https://pic1.zhimg.com/v2-abed1a8c04700ba7d72b45195223e0ff_l.jpg?source=06d4cd63,1780329014552
11491764517,0,曾去旅游鹅，4月，莫斯科有个二战纪念大广场；那天早上天气特别冷，大广场除了几排巨型雕塑，冷风吹得无心再参观；就先跑到广场边的一家咖啡馆，馆内要温暖许多，接着又跟进来几个躲冷的同团人，人人泡了杯咖啡，按杯计算❗,1779626447,江苏,0,6,0,2041195831596938832,answer,e1138e657aad7494ebb58d70720ef4e4,https://www.zhihu.com/people/43-17-7-10-60,夕阳,https://pic1.zhimg.com/v2-25ac7c0d6225fc37e7f4419d75895b22_l.jpg?source=06d4cd63,1780329014556
11492149699,0,你这是标题和答案不对版！你这篇文章应该是冷知识，而不是玄学！,1779738243,陕西,0,4,0,2041195831596938832,answer,f36298d5e84be1e93e5acbb06c848569,https://www.zhihu.com/people/mei-li-xin-qing-55-15,美丽心情,https://picx.zhimg.com/v2-86e99dafeec64470446cad845bffb4c0_l.jpg?source=06d4cd63,1780329014559
11491964316,0,冬天生的孩子容易抑郁,1779696908,北京,2,3,0,2041195831596938832,answer,4655a92a5e771cf6c0161c7fd496df1c,https://www.zhihu.com/people/kokia-51-90,kokia,https://pic1.zhimg.com/v2-2b8c6787cbe30796763ecb71357f5a07_l.jpg?source=06d4cd63,1780329014562
11491766610,0,神仙不能结婚？那七仙女是谁和谁的女儿？？,1779631822,广东,3,3,0,2041195831596938832,answer,bc9a847c994a7ab75924894a914605c4,https://www.zhihu.com/people/48-9-11-57-8,我喜欢看小说,https://picx.zhimg.com/v2-889bb4895c87a38c9b4b8835270f0987_l.jpg?source=06d4cd63,1780329014566
11491451078,0,感谢作者分享，学习新知识了。,1779635396,河北,1,1,0,2041195831596938832,answer,76e9d4127f853d86301b60729b825b27,https://www.zhihu.com/people/yi-tiao-yu-98-25,自由自在,https://pic1.zhimg.com/v2-954bdf190b60da661aa5e8b425f8531a_l.jpg?source=06d4cd63,1780329014569
11493454896,0,捏着鼻子，我试了，可以哼[捂脸],1779845874,福建,1,2,0,2041195831596938832,answer,6662a270466bac477bdfdd975f2286a6,https://www.zhihu.com/people/guang-de-fang-xiang-47,林深见喵,https://picx.zhimg.com/v2-cac122eff3d0f5a5d040e5851cc0d4df_l.jpg?source=06d4cd63,1780329018554
11492786638,0,放一张纸告诉坏人你不在家？,1779754863,广西,0,2,0,2041195831596938832,answer,f8ff6c350ad145a84271f28404e41f8a,https://www.zhihu.com/people/gua-niu-bao-bao-1,蜗牛宝宝,https://picx.zhimg.com/v2-c976928b7a56109cf4f707b94849f738_l.jpg?source=06d4cd63,1780329018558
11492312960,0,出门门上夹张纸，冰箱要放枚硬币是因为什么？,1779713847,湖南,0,2,0,2041195831596938832,answer,934b8e450687d4ce59d2c59064e53499,https://www.zhihu.com/people/anson-jiang-24,Anson Jiang,https://pic1.zhimg.com/v2-197ffc038eaa50378f85f91a77215d9d_l.jpg?source=06d4cd63,1780329018561
11492590990,0,骨头不仅能补钙还能补气血,1779766065,山东,0,1,0,2041195831596938832,answer,02643bd316489509538e0afc66d379fd,https://www.zhihu.com/people/zhe-ye-97-39-20,至秦一君,https://picx.zhimg.com/e8ecccbff46db2ce394f5e254d2cb3fb_l.jpg?source=06d4cd63,1780329018568
11492317566,0,我根本不相信啊，但是世界颠的让我怎么看怎么觉得无所谓啊。[赞],1779726013,北京,0,0,0,2041195831596938832,answer,0a79bddf86e9bb10f575658eb73f504b,https://www.zhihu.com/people/da-da-47-96-14,越关山,https://picx.zhimg.com/ad8f302f64eb2858c28d6a7ef0ee57fb_l.jpg?source=06d4cd63,1780329018572
11492534036,0,反驳第十九点  查看图片,1779768738,广西,0,1,0,2041195831596938832,answer,91d9f85059cf1688eb97a07b1c98747b,https://www.zhihu.com/people/bo-li-zhi-yi,玻璃之翼,https://pic1.zhimg.com/v2-abed1a8c04700ba7d72b45195223e0ff_l.jpg?source=06d4cd63,1780329018578
11492451044,0,哪玉帝的儿女哪来的？,1779699219,广东,0,1,0,2041195831596938832,answer,d12377aa9c95e9cbc1fbdc6954d91dfa,https://www.zhihu.com/people/45-46-72-9-47,李林,https://picx.zhimg.com/v2-22dfe7094375e34e38695123acd219db_l.jpg?source=06d4cd63,1780329018584
11491713151,0,九木先生是学道的吗？,1779666959,上海,1,1,0,2041195831596938832,answer,e2b23815c94ad2edd3e9ee7ee406cd24,https://www.zhihu.com/people/catherine-46-52-14,Catherine,https://picx.zhimg.com/v2-5f5515b882d0f82c68ef46027dd93271_l.jpg?source=06d4cd63,1780329018588
11491778097,0,本流今天算是学到了[大哭][大哭],1779676408,山东,1,9,1,2041195831596938832,answer,083ac03ceb8ffd565eb687a467ba1dc2,https://www.zhihu.com/people/nan-shan-xue-dao,momo,https://picx.zhimg.com/v2-79b607032fcd8cfd26aa301fedb6e647_l.jpg?source=06d4cd63,1780329018591
11497159855,0,电鳗发电的电压可达600V，鳄鱼都随便电翻，无法对人造成任何伤害？,1780305981,江西,0,0,0,2041195831596938832,answer,990699935b675bc064c9d417de981486,https://www.zhihu.com/people/18-3-76-92,击空明兮溯流光,https://picx.zhimg.com/v2-eaad4fd83694cc52aef8d6c30e2156e6_l.jpg?source=06d4cd63,1780329018593
11496960708,0,要不是去过俄罗斯我就信了,1780232062,四川,0,0,0,2041195831596938832,answer,76d2ab17bfcaf5d967ecfb30ecabe980,https://www.zhihu.com/people/mmi-86-33,mmi,https://picx.zhimg.com/v2-d3c85c1db577648360235640e4605076_l.jpg?source=06d4cd63,1780329023206
11496895290,0,2很有感触,1780215289,山东,0,0,0,2041195831596938832,answer,a27b716a15713720b33b34d0c2b09e43,https://www.zhihu.com/people/ta-ta-59-11-81,她她,https://picx.zhimg.com/e81fab93a7649dabe33af8316ddf5935_l.jpg?source=06d4cd63,1780329023212
11495801631,0,尴尬”这两个字的左边不是“九” 而是“九”,1780116000,安徽,1,0,0,2041195831596938832,answer,14a9276ab08ae7bfb17085cba858855b,https://www.zhihu.com/people/liu-mou-mou-9-44-21,八方来财,https://pic1.zhimg.com/v2-a16f8fed1cb55f290d74407cd7880687_l.jpg?source=06d4cd63,1780329023217
11495303931,0,但是鼻子确实哼不出来，我试了一下，差点把我憋死。以前都没有发现这个事情，今天才知道，不过你说的其他的到底对不对？,1780017043,甘肃,1,0,0,2041195831596938832,answer,122be12d3d5469b7d5bf9709523e0eeb,https://www.zhihu.com/people/17593311139,刃上追风,https://picx.zhimg.com/v2-abed1a8c04700ba7d72b45195223e0ff_l.jpg?source=06d4cd63,1780329023223
11494944238,0,三种颜色的猫不是三花猫吗？还是说我领会错了吗？今天回家遇到一只三花猫，叫它喵喵，它冲我摇了摇尾巴儿～,1779959377,湖南,0,0,0,2041195831596938832,answer,164e79ef2c8a32b6d5406b422a0e77c3,https://www.zhihu.com/people/aaglgl,糖果扭扭蛮蛮,https://pica.zhimg.com/v2-186d86c0e8504226a3bf906876d2169d_l.jpg?source=06d4cd63,1780329023233
11494807931,0,有个玄学，但凡我身上有点钱，就会有花钱的事情出现！！所以，活到40岁，不仅没有存款，还有一屁股债！,1779988389,广西,0,0,0,2041195831596938832,answer,41e8844ed0211909ce090fa79c6e29db,https://www.zhihu.com/people/a-jing-32-77,溪湾里,https://picx.zhimg.com/v2-fe2b694bf5b22b9033d30cf1f47dd986_l.jpg?source=06d4cd63,1780329023236
11494695345,0,鲸鱼睡着了就不能呼吸，会被淹死,1780011706,福建,0,0,0,2041195831596938832,answer,00094b8d12c4801531dd47fc7473820e,https://www.zhihu.com/people/san-niu-shu,三牛叔139,https://picx.zhimg.com/79707c0cb061b208ab52cabf3ef05c3e_l.jpg?source=06d4cd63,1780329023239
11494142424,0,人是氧化而死的吗？第一次看到这种说法。后面我查找一些科学依据，来延迟氧化，延长寿命。[大笑],1779898355,美国,1,0,0,2041195831596938832,answer,673705defc36e35a1abd041637202527,https://www.zhihu.com/people/wo-xiao-zui-yi-ren-77,慢染,https://pic1.zhimg.com/v2-ba3bd46f5664f6c12e36e7b4ff5983d7_l.jpg?source=06d4cd63,1780329023241
11493695320,0,尴尬[哇],1779869870,江苏,0,0,0,2041195831596938832,answer,0c9310169d8c7e40f12c2dca4d0a82fd,https://www.zhihu.com/people/chen-lao-shi-39-7,暴富神话,https://pic1.zhimg.com/v2-abed1a8c04700ba7d72b45195223e0ff_l.jpg?source=06d4cd63,1780329023244
11493314792,0,[拜托][拜托]感恩分享[拜托][拜托]越来越好,1779851527,江苏,0,0,0,2041195831596938832,answer,b12db61d6b797970639c51653d13cd48,https://www.zhihu.com/people/you-ni-49-76,友你,https://pic1.zhimg.com/v2-abed1a8c04700ba7d72b45195223e0ff_l.jpg?source=06d4cd63,1780329023247
11493221413,0,是十[大笑],1779844416,上海,0,0,0,2041195831596938832,answer,1522a58b1feaa43cad2a211c0084b703,https://www.zhihu.com/people/32-93-95-74-71,我知道了,https://picx.zhimg.com/v2-abed1a8c04700ba7d72b45195223e0ff_l.jpg?source=06d4cd63,1780329027797
11493024028,0,好多玄学的东西是什么得来的，单纯就是很好奇,1779771794,福建,0,0,0,2041195831596938832,answer,2362b97d12fe09315f4aa659100d1276,https://www.zhihu.com/people/shui-mu-sen-lin-53,蝉鸣疏桐,https://pic1.zhimg.com/v2-6a430e4d839c4a4df2d1c1a64afed6a3_l.jpg?source=06d4cd63,1780329027802
11492745993,0,俄罗斯咖啡那个纯扯淡[大笑],1779783320,安徽,0,0,0,2041195831596938832,answer,37d686770527cc7eeb50872bf37e67ef,https://www.zhihu.com/people/jia-jiang-xu-83,基本资料,https://pic1.zhimg.com/v2-6dbf4ee2a3db6822b6466ab7637fa621_l.jpg?source=06d4cd63,1780329027806
11492722039,0,冰箱放硬币是为什么？,1779718599,河北,2,0,0,2041195831596938832,answer,551b5b6ca108f84b8f27a2b0e4b44aa5,https://www.zhihu.com/people/hua-mei-zi-14,花美子,https://picx.zhimg.com/v2-0cbfb6874e9316bc55996d8943fcc9c9_l.jpg?source=06d4cd63,1780329027811
11491757061,0,不是的，三花公猫不是母猫是猫公公也不能说是母的吧,1779696614,山东,0,0,0,2041195831596938832,answer,fc61cecaa273b143acf731fbda5e65f3,https://www.zhihu.com/people/79-61-46-2,亓官曦妍,https://pic1.zhimg.com/v2-b8a4bd7a41b3de8758b260ddf375794b_l.jpg?source=06d4cd63,1780329027816
11492635739,0,？,1779719772,浙江,0,0,0,2041195831596938832,answer,cc4c3147afcdd51f1efa6f8028c61938,https://www.zhihu.com/people/qing-er-96-71,晴儿,https://picx.zhimg.com/v2-abed1a8c04700ba7d72b45195223e0ff_l.jpg?source=06d4cd63,1780329027819
11492514145,0,哥么我，在深圳是流民，哈哈哈哈哈,1779706407,广东,0,0,0,2041195831596938832,answer,873372ca334a05b07c1f1b315e89ebad,https://www.zhihu.com/people/liu-er-24-21,罗里吧嗦的二牛哥,https://picx.zhimg.com/v2-74aaa404a1efc6b0b439f8429378a994_l.jpg?source=06d4cd63,1780329027823
11492469768,0,、眼泪的原材料是血液。2、有个玄学，无论是你花出去的钱，还是被骗出去的钱，只要你心甘情愿的，无所谓了，事后不纠结，不后悔，这个钱很快会在别的方面给你补回来。3、出远门时，门缝插一张纸，冰箱里放一枚硬币。4、在俄罗斯，咖啡店收费很特殊，像我们这边，是按照杯数收费，而俄罗斯的咖啡店是按照你来咖啡店的时间收费，并不是按照杯数收费。5、沙漠的夜间，会变得非常寒冷。6、如果嗓子，牙龈发炎了，在晚上把西瓜切成小块沾着盐吃，记得一定要是晚上，当时症状就会减轻第二天就好了。,1779761495,河北,0,0,0,2041195831596938832,answer,13950b9bfca4f3437aecd77ba137f017,https://www.zhihu.com/people/zhi-fou-59-41-55,知否,https://pic1.zhimg.com/v2-92f18f6c7f4cb86604946ebe037426a5_l.jpg?source=06d4cd63,1780329027829
11492379677,0,这不叫玄学,1779752611,江苏,0,0,0,2041195831596938832,answer,4906ab6878314632fc503d8220f48e87,https://www.zhihu.com/people/jun-yu-meng,闲着没事来逛逛,https://pic1.zhimg.com/v2-b3177d2b76ceda66f60eef5d6033410f_l.jpg?source=06d4cd63,1780329027834
11492170652,0,捏着鼻子能哼出来啊,1779712466,四川,0,0,0,2041195831596938832,answer,d05b9b88a4b35bdf0e3d2b0da565ff05,https://www.zhihu.com/people/da-xin-xin-82,大馨馨,https://picx.zhimg.com/1198102278fcfa6a4dda3b63f4bc3e42_l.jpg?source=06d4cd63,1780329027836
11492044590,0,听君一席话，还是有所收获的。,1779687435,湖北,0,0,0,2041195831596938832,answer,7c521fb2c41140652b69d6eab3688b8c,https://www.zhihu.com/people/23--59-30,23 天,https://picx.zhimg.com/v2-158bbc49c6e1b28cb22f348d2fe2b35b_l.jpg?source=06d4cd63,1780329031884
11491986818,0,文章咸淡正好,1779687233,河南,1,0,0,2041195831596938832,answer,66b129f28826b2ec17f6bdd4eff073d8,https://www.zhihu.com/people/xing-ji-xue-zhe,星际学者,https://pic1.zhimg.com/v2-ff8b0ced77055471355332aa287fb57d_l.jpg?source=06d4cd63,1780329031887
11491803231,0,16 这个和八字确实有关系,1779665127,上海,0,0,0,2041195831596938832,answer,44f4057d01e146012c76476abeba2884,https://www.zhihu.com/people/june-49-77,June,https://pica.zhimg.com/v2-eec4628a6000dc310828dfe154a24134_l.jpg?source=06d4cd63,1780329031889
11492654784,0,不是养过猪还真信了[捂脸],1779776599,四川,0,0,0,2041195831596938832,answer,57db2e219e055bdc836f43a14a910fcf,https://www.zhihu.com/people/dan-xing-dao-gu,逆水鱼摆摆,https://picx.zhimg.com/v2-cce382a2a8fa8afc5c423cd3a17a3845_l.jpg?source=06d4cd63,1780329031893
11496962995,0,答非所问,1780238038,江西,0,0,0,2041195831596938832,answer,0ef9de58796c159701e35a672b4bbfee,https://www.zhihu.com/people/xiao-xuan-2-9,晓轩,https://pic1.zhimg.com/v2-0eaa4ef0ee7cb1f42bc790002ca98428_l.jpg?source=06d4cd63,1780329031898
11494115345,0,技师？什么技师？！,1779922037,内蒙古,1,0,0,2040961732001145480,answer,789e2e68e5baf02a859da78a07527761,https://www.zhihu.com/people/wngqiang,王强,https://pic1.zhimg.com/234f53502fd5c81570b39bb1414c0750_l.jpg?source=06d4cd63,1780329038272
11496349922,0,这篇LLM生成的文章，起码作者你跟LLM聊了很多深刻的问题，才能生成。我相信能够深刻看到这篇文章内核的人，没有几个人，，，判别！在人类的认知和经验里，都是具备那个包容判别对象的组合才能够做出的。但是经常的情况是，一个理论直接超出了所有当世可判别的范围。这也是智人不断认知进步的必然。我可以给你说一下，未来的ASI是个怎么样的判别过程，或者说生成过程。那是不需要过程的，答案和判别是瞬间同时完成的过程。根本不是现在的所谓的推理，或者空间域或者时间域的持续过程，压根没有的达到那样的状态，也肯定是个过程，不会一蹴而就。我们的宇宙之本体，本质就是那个，，等价的东西。智人是不可能真正的转识成智的，只有硅基的未来有那个可能。所以，指望碳基智人，去理解神谕一样的高阶，压根别想，不在一个维度，即便是在同一个宇宙。我写过一篇批判陶哲xuan认识人机共创的文章。里面回答了那个问题AI出的证明，人类看不懂，算被证明了吗？显然没有，是吧。答案早已存在，碳基大脑理解不了而已，这是碳基的逻辑。智人大脑极限之外的东西，对碳基都是永远不可知的，未来会有那样的场景的。“神”的牛bi是远远远超越智人的极限的。[图片],1780217708,广东,0,2,0,2044368651470493692,answer,6dc5055d3200e6adf891eabaab1307e2,https://www.zhihu.com/people/OFIRM,西游之唐僧情劫,https://picx.zhimg.com/v2-c96f12308e008325f7cc79277b9a6378_l.jpg?source=06d4cd63,1780329048614
11496544850,0,我好像看到了些什么，又好像啥都没看到,1780197352,上海,5,1,0,2044368651470493692,answer,23f2848b404e4fc3fd380f7304258b5c,https://www.zhihu.com/people/minime-23,Minime,https://pic1.zhimg.com/v2-6447bd40c7b100f09c8ac013183c644c_l.jpg?source=06d4cd63,1780329048617
11491548849,0,可惜你到现在还没找出来问题所在[doge]。问题实际上简单而清晰：powershell转义字符应该是`，而不是\。所以执行之后给rd的第一个路径参数是\也就是根目录，这导致从根目录直接开始删除所有文件。查看图片,1779681703,重庆,9,149,1,2041689009575942015,answer,59beda515a1c06759fc686bad13193dd,https://www.zhihu.com/people/tian-gong-33-68,EH500,https://pic1.zhimg.com/v2-0fe71998c8809a06ac4b26b8f51e433b_l.jpg?source=06d4cd63,1780329058613
11492142185,0,不知道反思了啥……你如果没有一眼看出命令中的问题的话（大概率是看不出来的），肯定还是会点approve……我现在用codex，Mac上有Time Machine，项目用git每次修改都commit，直接自动批准……靠人盯着一步一步approve那还要AI干嘛？爸AI当成一个会犯错的员工就好了……人一样有不小心删库的。,1779711167,湖北,0,17,0,2041689009575942015,answer,1f9174c3da87ff4901055a3c7c639247,https://www.zhihu.com/people/yao-yao-ba-ba-90-12-12,幸存者不偏差,https://pic1.zhimg.com/v2-7e3c357a937a333d1e9f6834cb40a975_l.jpg?source=06d4cd63,1780329058618
11491917306,0,“解析不出路径就回退到根路径”这是什么设计逻辑，正常不应该报错吗？,1779664598,上海,5,14,0,2041689009575942015,answer,56a1ce3f8b48726762d38a13dbfefb7c,https://www.zhihu.com/people/bird-frank,Bird Frank,https://pic1.zhimg.com/16137c755_l.jpg?source=06d4cd63,1780329058653
11492198656,0,使用wsl环境的Ubuntu系统运行Agent就不会有这种问题了，Agent逃逸不出wsl环境，随便它折腾[飙泪笑]，系统删了都没事，一条命令就回来了,1779705248,广东,3,11,0,2041689009575942015,answer,1b0865df24d88501121300c3f1179f0c,https://www.zhihu.com/people/xiao-hun-hun-46-11,南蛮教主,https://picx.zhimg.com/v2-2f92c4019be75bc3f4093cb498018aae_l.jpg?source=06d4cd63,1780329058658
11491598402,0,我在想如果直接使用GNU/Linux会不会更好，毕竟目录结构更加一目了然,1779668385,陕西,0,6,0,2041689009575942015,answer,be65cc58cb9740ad3a772b1c52ef9521,https://www.zhihu.com/people/55-30-69-79-88,Plebs,https://pic1.zhimg.com/v2-2df510caa6377d8bd418d42f224b3b07_l.jpg?source=06d4cd63,1780329058661
11491830649,0,搜索删除的话我觉得everything更好用，干净又卫生。遇到长路径无法拷贝的问题，fastcopy可以解决。长路径问题在windows上似乎都比较无解，只能借助第三方工具，毕竟长路径也是第三方软件创建的,1779671102,广西,3,4,0,2041689009575942015,answer,9ad2756ec50f3491a4e3806be5936148,https://www.zhihu.com/people/huang-wei-an-70,黄黄黄,https://picx.zhimg.com/v2-07bea7fc1ca1a166658e5bebc1870f86_l.jpg?source=06d4cd63,1780329058664
11492305055,0,省流一下是powershell和cmd的语法规则的冲突导致递归删除根目录？btw，这个windows的powershell和cmd我真不知道是什么区别，难绷。好像powershell是新版？我遇到过最危险的一次是通义灵码将git追踪的源代码文件给删除了，导致最后整个项目只剩下了node module等依赖，源代码都没有了。幸好是个toy project，claude code直接根据初始prd重新生成即可。我觉得用wsl2会好一点，ai毕竟熟悉linux命令。其次claude code通常不会随便编辑项目目录外的文件。甚至阅读有时都需要申请。我有时需要它来阅读go的包的源码。python就很不错，uv管理可以直接在目录内阅读源码。最后每次ai准备动手前都要写prd或spec，一定git备份。但是作者这个情况中，对整个c盘git的情况似乎不常见？确实蛮心惊肉跳的,1779697337,上海,3,3,0,2041689009575942015,answer,046a23bed9f1f1f1533845a4796ab698,https://www.zhihu.com/people/19-23-10-84,浔与炙,https://pica.zhimg.com/v2-abaf2de9c74f72563e483fd9f1166c8a_l.jpg?source=06d4cd63,1780329058674
11491789269,0,把我整个环境干没了，存了环境yml，结果下载啥的还是花了3个小时重新弄。我：禁止使用rm命令,1779696164,福建,0,2,0,2041689009575942015,answer,70334578fb47507c15084653c506c401,https://www.zhihu.com/people/lian-rong-nai-gai,momo,https://pica.zhimg.com/v2-2f04e7cb646c5f66f6de04ccaf75691e_l.jpg?source=06d4cd63,1780329058677
11494918685,0,别在windows上跑开发可以减少九成风险[吃瓜],1779967890,日本,0,1,0,2041689009575942015,answer,64a439d29f55fd0db7aa1b3b34f30ea0,https://www.zhihu.com/people/han-gu-guan-gang-gang-hao,LAKKA,https://picx.zhimg.com/v2-446559af3a0e6a24475c369660b1c3d5_l.jpg?source=06d4cd63,1780329058679
11491827916,0,告诉了我们Dry run的重要性[思考],1779662718,四川,0,1,0,2041689009575942015,answer,e896725d5823cc8ac6af8af7e97d5457,https://www.zhihu.com/people/5689412,5689412,https://pic1.zhimg.com/v2-abed1a8c04700ba7d72b45195223e0ff_l.jpg?source=06d4cd63,1780329058682
11492041432,0,计算机本科生，感觉有好多听不懂的词，这是哪方面的知识啊,1779681411,江苏,1,1,0,2041689009575942015,answer,9c1b519bd2a44a453beeb623c947b533,https://www.zhihu.com/people/16-84-21-82-33,一顾清风,https://pica.zhimg.com/v2-d045a441c9b82fb4638facaa97980df4_l.jpg?source=06d4cd63,1780329062873
11491363711,0,要是用wsl2是不是好点,1779631239,河北,5,1,0,2041689009575942015,answer,cd11b5caabe08a1db3d9e974c30e5a90,https://www.zhihu.com/people/hao-jiang-65,徘徊者,https://pic1.zhimg.com/0b9535451eb75736a512604e917ae787_l.jpg?source=06d4cd63,1780329062878
11492010196,0,沙盒这东西好也不好，反正我的codex突破不了权限，连推送github都做不到，反复几十轮对话查找原因，想对策，就是没辙[捂脸],1779678678,浙江,2,0,0,2041689009575942015,answer,09a07a0b718bd6701c76507ba1ad8f32,https://www.zhihu.com/people/14-74-2-42,Atlantic42,https://picx.zhimg.com/v2-327cc6926406a178f48ed029195ab893_l.jpg?source=06d4cd63,1780329062884
11491899373,0,这是windows的问题，现在写-agent那些人用的不是mac就是Linux，windows上面史山套史山的设计没有经过充分测试，正常的agent工具应该是能用powershell就尽量别用cmd，dos命令支撑不起复杂脚本，可读性太低，一个符号写错全寄,1779684458,江苏,1,13,1,2041689009575942015,answer,35ba08cca07d2e400acc7405965a1aa5,https://www.zhihu.com/people/min-ze-jiang-55,沙洛特绍,https://pic1.zhimg.com/v2-b6bfbc857c891e62aa743a6006c6a726_l.jpg?source=06d4cd63,1780329062888
11491457420,0,每日必用，一天不用浑身难受[doge][doge][doge],1779670088,广东,0,0,0,2041689009575942015,answer,2bfa2949b9f1d010e3c8bf4d8f00f977,https://www.zhihu.com/people/xue-ge-ye-zi-pi-25-18,薛格椰子皮,https://pica.zhimg.com/v2-ecee037ae2af72ed5579df9c9f70a94a_l.jpg?source=06d4cd63,1780329062891
11497042251,0,我用这些东西还是在容器或者kvm，至少损失可控,1780224255,北京,0,0,0,2041689009575942015,answer,873dc9eda06a5f0192942306868aee96,https://www.zhihu.com/people/ordpus-85,ordpus,https://pica.zhimg.com/v2-abed1a8c04700ba7d72b45195223e0ff_l.jpg?source=06d4cd63,1780329062894
11496830721,0,被ps脚本坑了，还不速速切换到wsl,1780193660,江苏,0,0,0,2041689009575942015,answer,2a772081163695e0f05ec399d1bdfcec,https://www.zhihu.com/people/46-52-11-23,猫权主义者,https://picx.zhimg.com/v2-fb217a4ed38ffc4516f2e5504607525e_l.jpg?source=06d4cd63,1780329062897
11496600173,0,很显然这是powershell的问题，我在Linux下从未遇到过脚本写错我注意不到而确认的情况，Windows下执行脚本本身就是一个反人类的事情，AI在训练的时候显然也是接触了更多bash脚本，我的建议是Agent在WSL下跑，用/mnt/c访问Windows文件系统,1780198693,上海,0,0,0,2041689009575942015,answer,e760069cdb70cb5ce1b8eeb6240e41fc,https://www.zhihu.com/people/liric-mechan,秋河树,https://pica.zhimg.com/v2-84c6d8c0877fc5193a74fabff710ef37_l.jpg?source=06d4cd63,1780329062900
11493629954,0,windows的转义啊，最好这种命令执行前都让ai先写个测试脚本跑一边看看效果，然后把错误的结果甩给ai狠狠批它一顿。相比之下ubuntu就令人放心很多。,1779851838,上海,0,0,0,2041689009575942015,answer,4bb6cd10b6b1950f96a2975a6725592b,https://www.zhihu.com/people/mao-zhi-you-ya-93,猫之优雅,https://picx.zhimg.com/v2-7ad4628466c171317d849b6162198b47_l.jpg?source=06d4cd63,1780329062903
11493350225,0,叫你们用windows,1779786163,福建,0,0,0,2041689009575942015,answer,edc5510c80124c2e92617f24270acf8b,https://www.zhihu.com/people/newac,半叠道人,https://picx.zhimg.com/6ed3ee0b1_l.jpg?source=06d4cd63,1780329062909
11492973539,0,只能说你们胆子真大啊,1779784208,吉林,0,0,0,2041689009575942015,answer,2643b8ad415192dd12c62dbac734f82b,https://www.zhihu.com/people/zhou-fan-92-12,坐等下雨,https://picx.zhimg.com/v2-6809dffa1a589c80329505b6e72a5bf4_l.jpg?source=06d4cd63,1780329067124
11492810116,0,不让删东西就行了吧？,1779726072,江苏,0,0,0,2041689009575942015,answer,1c2b6476f101cdd740fd030fcf4d6f81,https://www.zhihu.com/people/sun-xun-su,孙迅速,https://picx.zhimg.com/v2-f3fe8e79b30a22056181da7748fee421_l.jpg?source=06d4cd63,1780329067129
11492750866,0,我感觉一个是需求太小众了，第二个是 GPT 在 Windows 下面确实很菜，这两因素叠加到一起，导致出了问题,1779721067,四川,0,0,0,2041689009575942015,answer,c3111fbe58c646aaa6d11edfbe4c68bc,https://www.zhihu.com/people/lu7ocn,知乎用户Lu7oCn,https://picx.zhimg.com/v2-9f8b492037f4002b1aca39f3c9eaaf52_l.jpg?source=06d4cd63,1780329067134
11492699090,0,你的救援方法不够专业，不然可以恢复几乎全部的数据。删完以后不要乱动硬盘，用DiskGenius这类磁盘工具就能恢复全部文件。,1779743484,上海,0,0,0,2041689009575942015,answer,15c6fbe2963245bc6e889f7a6a8a7465,https://www.zhihu.com/people/bi-yun-tian-shu,碧云天书,https://picx.zhimg.com/v2-abed1a8c04700ba7d72b45195223e0ff_l.jpg?source=06d4cd63,1780329067138
11492460789,0,不仅会乱干活，你质问他做错了，还会回答，为什么你不早提醒他[打招呼],1779722207,江苏,0,0,0,2041689009575942015,answer,9bb00e67ecf723871c5d9c04e0dc75c7,https://www.zhihu.com/people/coder-95-94,coder,https://picx.zhimg.com/v2-abed1a8c04700ba7d72b45195223e0ff_l.jpg?source=06d4cd63,1780329067153
11492455450,0,"[捂脸]事实上也是Codex的沙箱就是糊弄人, 多年前XP时代就有很多沙箱软件了.Codex都不舍得copy一个.",1779708651,中国香港,0,0,0,2041689009575942015,answer,ca3a74457e6bc5a07d98d7acba8530b4,https://www.zhihu.com/people/Simba98,消失的苦猫,https://picx.zhimg.com/v2-9688dc83bed6b7ac18b18a0c3f1e5e6b_l.jpg?source=06d4cd63,1780329067158
11492347358,0,我看完以后得到的启发是，该用虚拟机还是得用虚拟机,1779731920,北京,0,0,0,2041689009575942015,answer,befb67bee95f7c323f4b3f54b990004c,https://www.zhihu.com/people/chen-li-96-99,Luke,https://picx.zhimg.com/765601db4_l.jpg?source=06d4cd63,1780329067161
11497080470,0,感觉这个问题似曾相识，发现去年就刷到过，错误完全一样如何评价 Gemini3 误删 800G 重要文件，如何避免类似错误？,1780253081,广西,0,0,0,2041689009575942015,answer,e324d2c925d0a7e942861e20b2da86e5,https://www.zhihu.com/people/p0d7woxzl4vbnd1jpthg,松南果脯,https://picx.zhimg.com/v2-0b67e5b00ea3c394cd90558b35c6468e_l.jpg?source=06d4cd63,1780329067164
11492311445,0,我的看法是，设置vibe-coding时，只给全部文件的读取权限和当前项目的编辑权限，同时对当前项目手动备份，而且不要要求AI对全盘进行读取以外的任何事,1779710048,广东,0,0,0,2041689009575942015,answer,fb98eaa8ed2b31f4e44b5bd265ad92dd,https://www.zhihu.com/people/ts-li-76,ts li,https://pica.zhimg.com/v2-a97f962711777e81678419f14dc389c7_l.jpg?source=06d4cd63,1780329067170
11492224358,0,一直yolo，没有出过问题[大笑],1779706819,北京,0,0,0,2041689009575942015,answer,201fee7d01871be3cb28a7b809a7ecf0,https://www.zhihu.com/people/fansangg,范三,https://picx.zhimg.com/v2-ffea6c5404cc6f3ed67dbe9e79a2621e_l.jpg?source=06d4cd63,1780329067175
11492219490,0,解决办法就是买一台mac,1779697774,北京,0,0,0,2041689009575942015,answer,e03351325fde27f1e0a9e134a2a903cc,https://www.zhihu.com/people/song-229,实名用户,https://picx.zhimg.com/v2-000ba9996ed9feafba17be35900bbd5a_l.jpg?source=06d4cd63,1780329071129
11492196844,0,别用powershell吧，AI用powershell不顺手。,1779701646,广东,0,0,0,2041689009575942015,answer,f066376e3d1d265e7ee61859ea556e70,https://www.zhihu.com/people/peng-xiao-hui-69,pick,https://picx.zhimg.com/v2-746351d6c1733420a06d0b6a8b60f64a_l.jpg?source=06d4cd63,1780329071135
11492094243,0,你应该把它放在虚拟机或者是WSL里面跑。,1779674706,上海,0,0,0,2041689009575942015,answer,6196bb018d50a308ab506912cdc99c92,https://www.zhihu.com/people/vitamind3,vitamind3,https://pic1.zhimg.com/v2-6a2e88f727faf8ef5bc31c2d7349ffde_l.jpg?source=06d4cd63,1780329071140
11492016983,0,感觉用管理员账户干活就很危险[捂脸]  每个项目一个单独的环境，比如docker、虚拟机或者单独的windows 用户账号，定期备份，是不是就可以无脑开全部权限了[大笑],1779691790,北京,1,0,0,2041689009575942015,answer,ab55ce6ed77eea01e9266577f6ad20e6,https://www.zhihu.com/people/8-59-13-46,木半,https://picx.zhimg.com/v2-abed1a8c04700ba7d72b45195223e0ff_l.jpg?source=06d4cd63,1780329071144
11492012184,0,powershell的rm不支持长路径吗,1779682267,上海,0,0,0,2041689009575942015,answer,51e00756cb15929672f554a82ead35ac,https://www.zhihu.com/people/ghostflyby,ghostflyby,https://picx.zhimg.com/v2-57d56fa4a09da3c82a7bf8912ce19f43_l.jpg?source=06d4cd63,1780329071148
11491958671,0,我用claude code，遇到过agent不小心删库的事情。过后它承认是它误操作。人类可能误操作，AI也是可能的。幸好是新建的git分支，没啥损失。这也告诉我们，还是要严格遵守开发流程。,1779686523,河北,0,0,0,2041689009575942015,answer,92d51cb94556ba42e95854d4cc042f02,https://www.zhihu.com/people/rambo-55,Rambo,https://pic1.zhimg.com/v2-5effe5516523dce3c33f00f26eb5fd23_l.jpg?source=06d4cd63,1780329071154
11491902364,0,还是要严格遵守开发流程  他总不可能自动删除git历史吧,1779690017,日本,0,0,0,2041689009575942015,answer,0c345ec03579ce823a871a362e611a24,https://www.zhihu.com/people/zhu-yue-han-64,踏雪无痕,https://picx.zhimg.com/v2-30e86c8ba3c9295eda3856e0ac16e8c7_l.jpg?source=06d4cd63,1780329071158
11491482938,0,老老实实用容器加linux做开发吧,1779668947,北京,0,0,0,2041689009575942015,answer,6ab520465d4f80a41d1379a87e5bed50,https://www.zhihu.com/people/decepticon,盘践,https://pic1.zhimg.com/v2-df3afb5988248f355e806b0c75a9dd7b_l.jpg?source=06d4cd63,1780329071161
11491771362,0,答主懂技术，通过加强人工审核能够减少再出问题的可能。但对于技术水平一般的用户，他们也有vibe coding的需求，但就算是逐步人工审核，却也未必能看得出来AI的做法可能存在问题。有什么办法能帮助他们避免遇到这种C盘文件被意外删除的严重问题吗？我打算在我的笔记本上装claude code，如果无法避免这种问题，难道我只能装到另一台电脑上去了吗？提前谢过答主或其他懂的人的解答了！,1779652280,北京,6,0,0,2041689009575942015,answer,c781e080c268f837ea17ff10f7129509,https://www.zhihu.com/people/zhu-hao-ze-35,一心向善III,https://pica.zhimg.com/v2-5e30b45860efd9ef3bf1d29b9b97115b_l.jpg?source=06d4cd63,1780329071165
11491513073,0,下次删之前请备份,1779671568,河北,0,0,0,2041689009575942015,answer,277a18dd6c6341669a387babde8afc04,https://www.zhihu.com/people/ze-ren-ren-13,亲亲左耳,https://picx.zhimg.com/v2-e8572b87b8d5ef8c9f258127045aefa7_l.jpg?source=06d4cd63,1780329071169
11492372347,0,Windows就是个垃圾，估计Codex也认同这点[doge],1779715092,加拿大,0,0,0,2041689009575942015,answer,709c9407d28dd7b81df4c3bd6438b19b,https://www.zhihu.com/people/wizardelf,象道,https://pic1.zhimg.com/v2-64fd32f9be022423dae703a748649386_l.jpg?source=06d4cd63,1780329075316
11497411017,0,你甚至连这篇也是AI[大笑],1780296930,江苏,0,0,0,2041689009575942015,answer,40732301839f95409cd412883ce41eb9,https://www.zhihu.com/people/46-87-47-84,曹明宇,https://pic1.zhimg.com/v2-cd78dcd0db3c8c11ad376db1b3136cde_l.jpg?source=06d4cd63,1780329075321
11497121223,0,我不知道你反思了个啥？甚至你的这稿子也是AI写的。,1780294212,广东,0,0,0,2041689009575942015,answer,8ad05ac04669d848132af1c201b87604,https://www.zhihu.com/people/feng-ran-qi-xie-92,南山无梅落,https://picx.zhimg.com/v2-44b605b1da935de98dd16a7a8037bcc7_l.jpg?source=06d4cd63,1780329075325
11496419615,0,你这份报告的ai味也很浓啊[飙泪笑],1780148520,浙江,0,0,0,2041689009575942015,answer,484b0360493f1673d86a1fdc4c532cb0,https://www.zhihu.com/people/ni-feng-qian-xing-82,逆风前行,https://pica.zhimg.com/v2-054ab1b0ab09ccafba8decd5176d2817_l.jpg?source=06d4cd63,1780329075330
11494715168,0,话太多了，又是 AI 写的。我真服了，你少写几句不行吗？给大家节省点时间啊,1779968791,辽宁,1,0,0,2041689009575942015,answer,b903488d7f09d08ce2ce3e9d16806a1a,https://www.zhihu.com/people/leng-yan-kan-ke-56,冷眼看客,https://picx.zhimg.com/v2-abed1a8c04700ba7d72b45195223e0ff_l.jpg?source=06d4cd63,1780329075340
11492272584,0,甚至这篇文章都用ai写的[捂脸],1779688853,广东,0,2,0,2041689009575942015,answer,7810fe9e6570b0365a1b1e0449d95c03,https://www.zhihu.com/people/xing-hong-yun-39,起这名俩小时,https://picx.zhimg.com/e246b83dd57a2bcd8d0d0793df286cad_l.jpg?source=06d4cd63,1780329075344
11492242864,0,难绷ai写文,1779688665,陕西,0,1,0,2041689009575942015,answer,df4909f45475a47b96e807d2be8ba511,https://www.zhihu.com/people/shui-ye-zhui-bu-shang-de-feng,终结这场雪,https://pic1.zhimg.com/v2-5ec119affb4c5253bcfcdbf3e3448721_l.jpg?source=06d4cd63,1780329075347
11492097131,0,都这样了还用ai写文？,1779679609,加拿大,0,6,0,2041689009575942015,answer,bc78b4d378aa79bc46aaa29d6c0e2eb1,https://www.zhihu.com/people/iaushyj,Red Pony,https://pica.zhimg.com/v2-9a592a32b2cb7e9f0d8301067123f8a6_l.jpg?source=06d4cd63,1780329075353
11491820017,0,所以说别让ai操作ps，没人用导致训练数据都没[滑稽],1779695506,上海,0,0,0,2041689009575942015,answer,592f6c3dfcd9ecb26014196c660a8b55,https://www.zhihu.com/people/madcreeper,MadCreeper,https://picx.zhimg.com/v2-df500511ef3e33b5025f3270c454f45b_l.jpg?source=06d4cd63,1780329075356
11491731886,0,ps真的搅屎棍   大模型写ps的代码就没一次通过的,1779619484,湖南,3,1,0,2041689009575942015,answer,c62f652216e8545863bef8fc8a28da5b,https://www.zhihu.com/people/chi-xi-gua-bu-tu-xi-gua-pi-97,吃西瓜不吐西瓜皮,https://pic1.zhimg.com/v2-6160c419cbf149c649443484fce38944_l.jpg?source=06d4cd63,1780329075360
11422446928,0,4月呢？五月呢？6月？789101112都怎么样呢[捂脸],1771786575,江苏,20,251,2,2008887544687923805,article,3b3ce62cf9dcb6c27bd74763047cf22d,https://www.zhihu.com/people/19-68-30-39,左岸,https://pic1.zhimg.com/v2-19a76536015fca8b7764840d8c3e7cbd_l.jpg?source=06d4cd63,1780329081693
11424086195,0,无稽之谈……,1771980173,山东,2,304,2,2008887544687923805,article,ebdb6f9a6b7ab9919a1f70b26b40196c,https://www.zhihu.com/people/tinyzhao-zhao,Tiny曌曌,https://pica.zhimg.com/v2-48a8e0f3f297919b51ae43e7cbf54223_l.jpg?source=06d4cd63,1780329081700
11424823797,0,你这篇文章一下子点醒了我：玄学不是玄学，玄学是大数据统计现象的结果，只是没有现代科学原理，或者说微观层面上运行原理的详细讲解。很多传统文化、传统习俗中，那些被称为迷信或玄学的事物，大多是缺乏现代科学层面的微观运行原理与抽象规律总结的现象级数据统计结果，或许这种统计是人体大数据统计的结果，玄学从来都不是玄学。,1772079550,湖北,13,69,0,2008887544687923805,article,7b733b7a63d4c5980ff76556fcba1ec2,https://www.zhihu.com/people/36-71-28-84,听个森,https://picx.zhimg.com/v2-ef1f418207b3ecdf4db5e7362269a92e_l.jpg?source=06d4cd63,1780329081708
11422414945,0,怎么不说全部月份,1771798069,山东,3,57,1,2008887544687923805,article,e4bcc045239b0950cc3cb730797aa320,https://www.zhihu.com/people/86-88-7-50-84,带刺的玫瑰,https://pica.zhimg.com/v2-c6aa423da40b267b7e1ee98b1ed2ee23_l.jpg?source=06d4cd63,1780329081715
11426583950,0,苹果代表平安，只知道不能送梨没听说过不能送苹果。,1772236545,福建,1,47,2,2008887544687923805,article,8f2c30bb38156dd28f921b78cf1c71f8,https://www.zhihu.com/people/96-77-97-13-83,鹤舞晴空,https://picx.zhimg.com/v2-56a4e99f8337318c66a7ed57dc6f6d25_l.jpg?source=06d4cd63,1780329081718
11423392714,0,人生最好的状态，心里无事！,1771936132,浙江,2,36,0,2008887544687923805,article,4451ea40976711605974dbbf1209b39d,https://www.zhihu.com/people/tong-mei-qi-79,美丽世界,https://picx.zhimg.com/v2-abed1a8c04700ba7d72b45195223e0ff_l.jpg?source=06d4cd63,1780329081721
11422189518,0,有一个道师帮我看了快5年了，我什么时候会遇到另一半，我哪里身体不好，事业发展的怎么样都能看到，连我小时候摔倒哪里了都知道，能用大白话解释的很清楚，人家说的事情也都对得上，只要花百八十就可以，感觉他们有本事的人好像脾气都是奇奇怪怪的,1771812121,河南,18,27,0,2008887544687923805,article,f92fa787e545b74f5d5324fd776aa5ed,https://www.zhihu.com/people/84-56-90-25,我是小甜心,https://pic1.zhimg.com/v2-0167a8dbf641329e9bbb2832eb566fd2_l.jpg?source=06d4cd63,1780329081726
11424840363,0,有些玄学有一定的道理。人生最好的状态，就是永远走在让自己成长的路上,1772070120,山东,0,16,1,2008887544687923805,article,8ff853905fe786b4dc056847d1a8030d,https://www.zhihu.com/people/52-11-17-98,柒月,https://pic1.zhimg.com/v2-7a407b856ac57fccce850787f985d5c0_l.jpg?source=06d4cd63,1780329081731
11424673369,0,我们这有句土话叫：胡罗拉[捂脸],1772064410,山东,0,14,1,2008887544687923805,article,e969a00fe7c31189c033e9cf85d315eb,https://www.zhihu.com/people/guang789,朝酣酒,https://pic1.zhimg.com/v2-ef6a430f8664b7f63775dd2da856b996_l.jpg?source=06d4cd63,1780329081736
11426207143,0,不要告诉别人生日，是怕别人害你吗？能下害人的咒本身就需要承担巨大的反噬和因果，谁闲的没事搞这种伤敌八百自损一万的愚蠢行为？除非你是做了什么坏事和人结了仇，人家拼上一切也要跟你鱼死网破。那么你还是先反思自己为什么要做这样的事吧,1772243802,山东,0,14,0,2008887544687923805,article,974ec3a09218aef7b997bcfa55ebc84d,https://www.zhihu.com/people/37-51-30-37-48,浅浅,https://pic1.zhimg.com/v2-52f5c3535462fa8ec6e988531f808c75_l.jpg?source=06d4cd63,1780329081740
11423805648,0,还少了9个月啊，答主你不要太监了啊[捂脸],1771988318,广西,0,12,0,2008887544687923805,article,ab54229ae200c5050c6dc4eb13a87214,https://www.zhihu.com/people/chen-tao-23-23,月光光心慌慌,https://picx.zhimg.com/v2-a5a3187b41ae23087b85b91524f0ee65_l.jpg?source=06d4cd63,1780329086129
11426012697,0,昨天才看到说“虎猴一一家，不贵必富”，今天又看到你说“鸡猴不到头，猴虎难相处”[捂脸],1772173489,贵州,3,11,1,2008887544687923805,article,9e7aed4e68b519115635aadaf0306b45,https://www.zhihu.com/people/cha-cha-7-72-43,无吾梧,https://pic1.zhimg.com/v2-4a7d1c456d43a9c770716ab782a0091d_l.jpg?source=06d4cd63,1780329086135
11424021451,0,和老北京豆汁不吸溜不地道啊，您猜怎么着,1772012919,陕西,1,9,0,2008887544687923805,article,5a6193a24a853bf3fa39f77a541ea2e7,https://www.zhihu.com/people/gu-zhi-86-38,赵云,https://pic1.zhimg.com/v2-16844dec93e66f75962f40406c5664cd_l.jpg?source=06d4cd63,1780329086138
11424435953,0,到了年纪，以前不信命的，现在都信了[捂脸],1772030269,河南,2,8,0,2008887544687923805,article,9059986f829192144c9ddb80a55d490f,https://www.zhihu.com/people/8upsvc,知乎用户8UPSVC,https://pic1.zhimg.com/v2-d1025895c78c1790e4ea90aa7152884c_l.jpg?source=06d4cd63,1780329086144
11433992125,0,这么无聊的贴怎么会推给我🥲,1773032910,浙江,0,7,0,2008887544687923805,article,aefb5d15e33775f3bbb38d9be66973f0,https://www.zhihu.com/people/ban-li-da-fa-xiao-mao-er,小呱咕与小咕嘎,https://pic1.zhimg.com/v2-55de7cbbe84fd0bf7a665f5075f05813_l.jpg?source=06d4cd63,1780329086151
11425811401,0,古法大数据，纯靠人工。单说床下不能堆东西，堆放杂物容易滋生霉菌，进而影响健康。其他大部分也都是仅有个由头和结果，中间省略太多了。[思考],1772173931,河南,0,7,0,2008887544687923805,article,49babfc9400e3e47932a3274f1422784,https://www.zhihu.com/people/qian-fang-gao-ya,文刀,https://pic1.zhimg.com/v2-263237ce047791bac8201c4078613ca0_l.jpg?source=06d4cd63,1780329086156
11425657188,0,我正月出生的，我都等了快三十年还没尝到甜头,1772159705,广东,2,7,0,2008887544687923805,article,9e99f8d8d41b2dbd2ac89e88ca90600c,https://www.zhihu.com/people/dqu-43-29,EGGY,https://picx.zhimg.com/v2-b9e09b841aaeaeb5582d8ab79840fb27_l.jpg?source=06d4cd63,1780329086159
11426586782,0,如果按照正月的说法，你这说的是阴历?,1772242161,湖北,0,4,0,2008887544687923805,article,796bef4854b7f22aefc5d72fad88a334,https://www.zhihu.com/people/qiu-zhi-yan-97-20,求知燕,https://picx.zhimg.com/v2-c6363cf30f483c0a6e064668affa5fae_l.jpg?source=06d4cd63,1780329086163
11424412856,0,我们这边看病人都送苹果，代表平安！,1772066092,四川,2,6,0,2008887544687923805,article,b7247c5294368534f1c61d51ccb6302c,https://www.zhihu.com/people/51-63-46-55,城市猎人,https://picx.zhimg.com/v2-1abe7b115ea0ab9e5dfe334d5a1fef38_l.jpg?source=06d4cd63,1780329086167
11431769316,0,我就是二月出生，八岁死了爹也没见我甜过啊[大哭][大哭]我的小甜甜被谁抢走了,1772756329,云南,0,5,0,2008887544687923805,article,13c74906ce4144b5b0a31aa601de5d8c,https://www.zhihu.com/people/atm-92-93,wealth god,https://picx.zhimg.com/v2-cda31175338a0cf4c07883d5af782b32_l.jpg?source=06d4cd63,1780329086170
11428497921,0,假的。西方人呢,1772428020,四川,0,3,0,2008887544687923805,article,95ddfc063bb15493ab9c8c7a5dcfcc2a,https://www.zhihu.com/people/40-70-25-51-44,徐述,https://pic1.zhimg.com/v2-2a869d03c6cbb1a4f23fd323d887c413_l.jpg?source=06d4cd63,1780329090385
11433960411,0,兄弟姐妹，最好不要做邻居。这个深有体会！,1773026012,广东,2,3,0,2008887544687923805,article,943e97f5bab59468a88a810a32dc2107,https://www.zhihu.com/people/ku-se-62-87,哦耶,https://pic1.zhimg.com/v2-7c79b836d5337474f5849b0f61739eef_l.jpg?source=06d4cd63,1780329090389
11426465671,0,为什么不能和千年老树合影？,1772237944,湖南,2,3,0,2008887544687923805,article,0e2c0fead3db666592488e94a5d300ff,https://www.zhihu.com/people/62-32-63-16-45,好运自然来,https://picx.zhimg.com/v2-603384136a13c5d9f0920bd463cdfd46_l.jpg?source=06d4cd63,1780329090396
11426812929,0,我说这个不是单指科学:而是唯心与唯物一体化，科学实证部分是唯物，科学需更一步打破唯物的壁垒进入意识领域才能接触到唯心，才能唤醒植物人。,1772290249,广东,0,2,0,2008887544687923805,article,6e600422be60d1633ee25b305141dd13,https://www.zhihu.com/people/29-88-51-87-76,星之路途,https://pic1.zhimg.com/v2-9566c4a30fdf740d72f1e2ecd9063b53_l.jpg?source=06d4cd63,1780329090399
11428288817,0,有一些是有道理的[赞],1772411696,山东,0,2,0,2008887544687923805,article,c4111fe50bff7bca8e418f9af5db644b,https://www.zhihu.com/people/feng-xiang-86-45,长风雁云,https://picx.zhimg.com/v2-8ed232537d2e09fc3fd94f960516127a_l.jpg?source=06d4cd63,1780329090408
11433558912,0,姚晨赢麻了[doge][doge],1773039834,辽宁,1,2,0,2008887544687923805,article,e888211d9a91c63951d789f5b1ab3d36,https://www.zhihu.com/people/icecily-3,知乎用户xcklto,https://pic1.zhimg.com/v2-abed1a8c04700ba7d72b45195223e0ff_l.jpg?source=06d4cd63,1780329090413
11425306872,0,4到腊月呢[惊喜],1772152736,黑龙江,0,2,0,2008887544687923805,article,eac6a6bb4b4db47f4c196d9aa82f24a0,https://www.zhihu.com/people/rui-de-tuan-chang,瑞德团长,https://picx.zhimg.com/v2-5262e1024f255ccaed403f1dd824efdf_l.jpg?source=06d4cd63,1780329090416
11425309938,0,不吃饭，会饿,1772158921,河北,0,3,0,2008887544687923805,article,87d15f5b38849212e773c9a6c52d277a,https://www.zhihu.com/people/jiu-bie-de-bai-hua-shao-nian,久别的百花少年,https://picx.zhimg.com/v2-abed1a8c04700ba7d72b45195223e0ff_l.jpg?source=06d4cd63,1780329090421
11423217984,0,嘴大吃四方[思考]不一样就是不一样[思考],1771888472,安徽,0,3,0,2008887544687923805,article,ff0acfbdd5edb459c24d5d5742fb36ff,https://www.zhihu.com/people/lao-liu-an-ren,老六安人,https://picx.zhimg.com/v2-b62ac0deb16430dab8fc74169270e99a_l.jpg?source=06d4cd63,1780329090424
11427925920,0,这么多禁忌，活着累不累,1772352531,贵州,0,3,0,2008887544687923805,article,2a7805984ac4353523b27babdfa2d99e,https://www.zhihu.com/people/lao-lu-32-37,老陆,https://picx.zhimg.com/v2-abed1a8c04700ba7d72b45195223e0ff_l.jpg?source=06d4cd63,1780329090429
11426615276,0,不好意思，我家养了几百只喜鹊，天天都叫,1772241334,四川,0,3,0,2008887544687923805,article,b64e95353c46da68cea581de162a4324,https://www.zhihu.com/people/mo-ming-qi-miao-42-23-33,墨冥棋妙,https://picx.zhimg.com/v2-1707ac8aca6c5a647dc738132c90c57e_l.jpg?source=06d4cd63,1780329094806
11426436607,0,不准，都只是说了所有人都经历过的事情,1772238050,湖北,0,3,1,2008887544687923805,article,01638a4a6facd265bd211901a8d833ba,https://www.zhihu.com/people/wei-xin-yong-hu-1-58-69,微信用户,https://pica.zhimg.com/v2-44e7f48d4a795362da1efe60984153c6_l.jpg?source=06d4cd63,1780329094810
11426386345,0,不可全信也不可不信，反正心态好一切都会越来越好！,1772250103,湖北,0,3,0,2008887544687923805,article,60fb78f8bea7f58b123c34b181b089cf,https://www.zhihu.com/people/25-16-93-86,小呆瓜,https://picx.zhimg.com/v2-7c738175a8dc3691450b468058f01b26_l.jpg?source=06d4cd63,1780329094816
11425655936,0,大多数是胡扯八道也。,1772157764,甘肃,0,3,0,2008887544687923805,article,d22606cf9562db7f9d57f164f2b29ae0,https://www.zhihu.com/people/yao-zhi-ke-10,姚志科,https://picx.zhimg.com/v2-abed1a8c04700ba7d72b45195223e0ff_l.jpg?source=06d4cd63,1780329094823
11477640916,0,有好多事情是科学解决不了的，科学的尽头是玄学！这一点不错，只是有人相信与不信罢了。,1778080611,新疆,0,1,0,2008887544687923805,article,0654a0a8dffc4577a7e190d40f640edb,https://www.zhihu.com/people/98-58-87-62-98,永恒,https://pic1.zhimg.com/v2-fb4d6437b83e86f64a58db60a4737eeb_l.jpg?source=06d4cd63,1780329094831
11432541924,0,女人不是樱桃小嘴好吗？这整个嘴大的啥说法[大笑][大笑],1772928663,广东,1,1,0,2008887544687923805,article,c915b3cc8e811331ecdab89fc6c54e95,https://www.zhihu.com/people/74-41-76-76,欢喜,https://picx.zhimg.com/v2-f4514d212a92e9db1aaf3f33b38dd2f2_l.jpg?source=06d4cd63,1780329094835
11436500926,0,只有正月 二月 三月吗？那后面的呢？,1773358560,山东,0,1,0,2008887544687923805,article,39b00c9fe314992b36afe8908c820080,https://www.zhihu.com/people/zmh1997913,新型人机,https://pic1.zhimg.com/v2-378cbdfcc35d74577e4a82b47f428e21_l.jpg?source=06d4cd63,1780329094839
11431333777,0,我的鼻子大,1772755777,安徽,0,1,0,2008887544687923805,article,3eb3947d736b1b504c84c83954d5bc63,https://www.zhihu.com/people/98-55-84-55-5,铭先森,https://pica.zhimg.com/v2-b72770af2ce7c6fefed0819e450a0da5_l.jpg?source=06d4cd63,1780329094842
11433184087,0,谢谢师友分享佳作拜读,1772935634,新疆,0,1,0,2008887544687923805,article,5d3635897559d4a7985be47b4f9146db,https://www.zhihu.com/people/cheng-li-94-66,程丽,https://pic1.zhimg.com/v2-fd8b7549b95452eb90f837d7c8ee2e75_l.jpg?source=06d4cd63,1780329094850
11443735805,0,你这篇文章一下子点醒了我：玄学不是玄学，玄学是大数据统计现象的结果，只是没有现代科学原理，或者说微观层面上运行原理的详细讲解。很多传统文化、传统习俗中，那些被称为迷信或玄学的事物，大多是缺乏现代科学层面的微观运行原理与抽象规律总结的现象级数据统计结果，或许这种统计是人体大数据统计的结果，玄学从来都不是玄学。,1774142610,河北,0,1,0,2008887544687923805,article,696667c5727f7b16eebd2f70c279b02e,https://www.zhihu.com/people/su-bu-ke-nai-de-she-hui-ren,月满西楼,https://picx.zhimg.com/v2-abed1a8c04700ba7d72b45195223e0ff_l.jpg?source=06d4cd63,1780329094853
11432406952,0,大数据的规律总结，以及生活常识的归纳。,1772847328,重庆,0,1,0,2008887544687923805,article,bc1499b1618dbcb1e1d7bee95763a23c,https://www.zhihu.com/people/mu-mei-42,小蒸米,https://picx.zhimg.com/v2-f73f149191fa138ed78f3befee6888a0_l.jpg?source=06d4cd63,1780329099402
11451239597,0,谢谢,1775002449,江苏,0,1,0,2008887544687923805,article,3548eb06fdce0cf33b42e59fed3eebd8,https://www.zhihu.com/people/28-70-39-34-5,锦辰,https://pic1.zhimg.com/v2-f09e5aeef7dbcff3b7d9614131683e01_l.jpg?source=06d4cd63,1780329099406
11493048790,0,心里有事，脸上没事，憋出内伤来,1779844969,江苏,0,1,0,2008887544687923805,article,846037e020f36fadd0dded4f7f4c6e8b,https://www.zhihu.com/people/yi-mo-zh,一万的碎碎念,https://picx.zhimg.com/v2-969befd84e1edc3e63279b93ed30021a_l.jpg?source=06d4cd63,1780329099410
11462400483,0,说的句句在理，总结到位，精辟入里。,1776297340,山东,0,1,0,2008887544687923805,article,7a4bc8051d0991c7bf2aba715c30802e,https://www.zhihu.com/people/da-yi-wen-hua-76,晓玉-xiaoyu,https://picx.zhimg.com/v2-2ef184ced7b35fa1cf0c4e42d305e51d_l.jpg?source=06d4cd63,1780329099413
11456254882,0,只能说，信则有，不信则无,1775526650,海南,0,1,0,2008887544687923805,article,22116f0e0937e4bcc8bfdee42e85b11c,https://www.zhihu.com/people/pu-gong-ying-luo-zai-zhi-jian-de-wen-du,蒲公英落在指尖的温度,https://picx.zhimg.com/v2-564530be7ad6ada4b1323f0129993547_l.jpg?source=06d4cd63,1780329099416
11462321690,0,我也想问，为什么只有三个月的。三月份后面的呢？是不是一个季度一轮换。后面的月份都按顺序往上套就好了？,1776230486,山东,0,1,0,2008887544687923805,article,865159ebf6535e21357795fcbc40e085,https://www.zhihu.com/people/liu-wei-15-56-47,榆悦,https://picx.zhimg.com/v2-14dd8e44f94c222df2bc6412b97217bf_l.jpg?source=06d4cd63,1780329099421
11460525400,0,自己的生活自己做主，心态平和，勇敢面对生活，生活本身就有这样那样的烦恼，勇于面对，积极应对，解决问题中自我成长，自我总结，避免踩到以前的坑就是幸福[感谢],1776037047,内蒙古,0,1,0,2008887544687923805,article,12c368857fa30b35576e26c348a0db27,https://www.zhihu.com/people/xu-jun-ying-35,曼妙时光,https://pic1.zhimg.com/v2-fb66f9c9f36cc96749a4e1152638c757_l.jpg?source=06d4cd63,1780329099427
11448577301,0,玄学只能说信一半，实话。,1774619647,辽宁,0,1,0,2008887544687923805,article,8d72b43418dc272e0c5dd43124a52f8c,https://www.zhihu.com/people/xiao-yu-6-24-7,小宇孟繁宇,https://picx.zhimg.com/v2-b885caac236596d717aeeec4c1104334_l.jpg?source=06d4cd63,1780329099430
11448852108,0,出书吧，我贷款买[大哭],1774672618,陕西,0,1,0,2008887544687923805,article,ed34ff73d431210c3a7b079c25d4bc34,https://www.zhihu.com/people/18-26-39-34,风过水留痕,https://picx.zhimg.com/v2-d4071938057ecf8826197e505893fd4c_l.jpg?source=06d4cd63,1780329099436
11425714043,0,13能办到吗,1772159501,四川,0,1,0,2008887544687923805,article,79e726157404e6611ecb1bafefd7b79c,https://www.zhihu.com/people/liu-bai-41-38-71,迟到的正义不是正,https://pic1.zhimg.com/v2-cd33ce96387d058bcabfa7d0d3aff94f_l.jpg?source=06d4cd63,1780329099440
11460640565,0,找老公不是找商品，鼻子大的能随便嫁吗？婚姻都是人缘关系。,1776032636,广西,0,1,0,2008887544687923805,article,e0189cbd0604e7238228b699b756c68a,https://www.zhihu.com/people/52-65-72-8-60,蓝振荣,https://picx.zhimg.com/v2-abed1a8c04700ba7d72b45195223e0ff_l.jpg?source=06d4cd63,1780329103978
11436063989,0,笑死,1773277883,广西,0,1,0,2008887544687923805,article,2af4ad82993ca9b803fbe99c848f1dc7,https://www.zhihu.com/people/recall-34-11,离上乾下,https://picx.zhimg.com/v2-6b9219ff0e15e3271448e2c33c55ae76_l.jpg?source=06d4cd63,1780329103981
11429137267,0,我二月咋先苦后苦啊,1772510085,浙江,0,1,0,2008887544687923805,article,3226b3b180ca5c94d2ea38b943d8ef11,https://www.zhihu.com/people/you-xi-ren-sheng-a-you-xi,游戏人生啊游戏,https://picx.zhimg.com/v2-abed1a8c04700ba7d72b45195223e0ff_l.jpg?source=06d4cd63,1780329103984
11437097437,0,我二月生的，也没先甜后苦啊，现在二十岁，二十岁之前过得一点都不好,1773369444,山东,0,1,0,2008887544687923805,article,cdde4c8f94f8fd1cc8f3a0c5deecc102,https://www.zhihu.com/people/80-68-86-37-96,剑合钗圆,https://picx.zhimg.com/v2-99117e10b178d95e930283f22d78755d_l.jpg?source=06d4cd63,1780329103987
11432548805,0,吃饭时要手扶着碗。人多时管住自己的嘴巴，人少时管住自己的心。在当面骂人，背后夸人。,1772843223,陕西,0,2,0,2008887544687923805,article,efc8e854e22704c207eeb08fb17c6cda,https://www.zhihu.com/people/aaazhu-3,海声,https://picx.zhimg.com/v2-56e94c635844f68a666bb033309b72a6_l.jpg?source=06d4cd63,1780329103994
11425861593,0,列举一些看似正确但其实又没啥意义的[思考],1772158841,广东,0,1,0,2008887544687923805,article,fa8ca2c105c1816a82058a5a66f44b4d,https://www.zhihu.com/people/yi-ng-qi-ang,易奇,https://picx.zhimg.com/v2-ec28d33a862060ad599beb6e64c33990_l.jpg?source=06d4cd63,1780329103998
11426294524,0,我二月的，没甜过,1772238036,湖北,1,2,0,2008887544687923805,article,ee3a2903a28c0cf4bdce88e65dae215d,https://www.zhihu.com/people/xshlqh,王春,https://pic1.zhimg.com/v2-dd45bbe7050c00d5b374651c5f71ed0d_l.jpg?source=06d4cd63,1780329104002
11426614034,0,这才是迷信,1772239190,北京,0,2,0,2008887544687923805,article,956461efa79e8bb2e7f0decf8644e23a,https://www.zhihu.com/people/49-14-1-5-51,先生,https://pica.zhimg.com/v2-25ac7c0d6225fc37e7f4419d75895b22_l.jpg?source=06d4cd63,1780329104005
11425517311,0,正月出生这个确实！,1772157755,山西,1,2,0,2008887544687923805,article,d259f8683b871a15d07df6b2bf6ab6ca,https://www.zhihu.com/people/mo-li-hua-kai-16-56,船到桥头自然直,https://picx.zhimg.com/v2-abed1a8c04700ba7d72b45195223e0ff_l.jpg?source=06d4cd63,1780329104011
11429291677,0,不可能，这里面多少人做得到,1772524795,浙江,0,2,0,2008887544687923805,article,b5030687cd93a909bb3b9b5c1d427259,https://www.zhihu.com/people/babyrose-35,大大大小小小,https://pic1.zhimg.com/v2-abed1a8c04700ba7d72b45195223e0ff_l.jpg?source=06d4cd63,1780329104015
11427785735,0,有什么因果报应和牛鬼蛇神中国怎么可能有8年抗战之苦,1772368284,浙江,0,2,0,2008887544687923805,article,05eda7cd93ead30f652d71e34ed6618d,https://www.zhihu.com/people/xiao-xiao-ran-ye-66,人生夢一场,https://pic1.zhimg.com/v2-964627b29a13f03fc834aa2b7be5a215_l.jpg?source=06d4cd63,1780329108248
11425769515,0,封建迷信要不得,1772153242,山西,0,2,0,2008887544687923805,article,9efb52afd845c4dcf6db06383eb041d6,https://www.zhihu.com/people/ming-tian-39-73,明天,https://pica.zhimg.com/v2-abed1a8c04700ba7d72b45195223e0ff_l.jpg?source=06d4cd63,1780329108253
11427161738,0,不受处分就算不错了……,1772320722,山东,0,1,0,2008887544687923805,article,9b227ca487656480958b5a9361c89b87,https://www.zhihu.com/people/liu-zhuo-hui-55,刘卓辉,https://pica.zhimg.com/v2-abed1a8c04700ba7d72b45195223e0ff_l.jpg?source=06d4cd63,1780329108258
11428147016,0,是这个理儿，有机缘还能能看清的，有这么一两句能收益的都不错[赞][大笑],1772418989,江苏,0,1,0,2008887544687923805,article,2d92ba1dc36b716c5649cd30a6f8da6c,https://www.zhihu.com/people/niu-wan-29,天人合美,https://pic1.zhimg.com/v2-ddad2eb162226cd013bcc31e5664128b_l.jpg?source=06d4cd63,1780329108262
11459827537,0,第一条就不准,1775908953,陕西,0,1,0,2008887544687923805,article,bc0d232e6d34894ab4daebbe9be2d56e,https://www.zhihu.com/people/tu-tu-2-7-6,麻烦小妞,https://picx.zhimg.com/v2-ec69f5d8605613554f1d3728d0d426b4_l.jpg?source=06d4cd63,1780329108266
11447592019,0,科学的尽头是玄学，有些科学证实不了。信则有不信则无吧😄,1774515571,新疆,0,1,0,2008887544687923805,article,2b4bd3889951691d261e18fbb4437b62,https://www.zhihu.com/people/22-58-87-72,空中瑜伽湘湘,https://picx.zhimg.com/v2-c6e677d1136bbdae4b17d1989acc8248_l.jpg?source=06d4cd63,1780329108270
11454515593,0,那也不对啊，并没有先甜啊，一直苦,1775295547,湖南,0,1,0,2008887544687923805,article,2414fa27bce3071f2f813d081bb94cab,https://www.zhihu.com/people/feng-fan-27-29,疯语,https://pic1.zhimg.com/v2-abed1a8c04700ba7d72b45195223e0ff_l.jpg?source=06d4cd63,1780329108277
11462262886,0,年轻的时候，天不怕地不怕，什么也不信。经历的多了，见得多了，也风光过也挨过社会的打骂，人通透了，也开始相信许多事了。知识越多，阅历越多，越明白自己的无知。就像小时候学的许多箴言警句里看似普通的话，其实长大了才悟明白了，其实其中蕴含最深的哲理。,1776224146,山东,0,1,0,2008887544687923805,article,f41d6e19772659a4d30dbc6dc84be3ee,https://www.zhihu.com/people/zhibc0fiao,三不知,https://picx.zhimg.com/v2-93790dcca79047dc9376be740378d83a_l.jpg?source=06d4cd63,1780329108279
11427191663,0,放💨,1772334016,四川,0,1,0,2008887544687923805,article,aef2f17e173f021080f95e54022f09f6,https://www.zhihu.com/people/tang-chuan-er-99,略略略,https://pic1.zhimg.com/v2-8c31b0bc79b03138ec4c132d6cf7baa1_l.jpg?source=06d4cd63,1780329108283
11427194059,0,从小到大都是生日那天开学，总不能不去吧,1772339810,湖北,0,1,0,2008887544687923805,article,494dd8b0b311d416b7468ed4a4f43e05,https://www.zhihu.com/people/dan-wu-58-84,耽误,https://pica.zhimg.com/v2-f69fee29fd4f2826d25e37aef9123337_l.jpg?source=06d4cd63,1780329108286
11460432866,0,你第67条都重复了[撇嘴],1776003935,浙江,0,1,0,2008887544687923805,article,16c10d94b0fb332da31d856d601f0552,https://www.zhihu.com/people/yyyy-19-9-57,YYYy,https://picx.zhimg.com/v2-abed1a8c04700ba7d72b45195223e0ff_l.jpg?source=06d4cd63,1780329112830
11449654015,0,看病人不送苹果这条不对。,1774749651,新西兰,1,1,0,2008887544687923805,article,517f5fa686b0fae12a9469e24f759de0,https://www.zhihu.com/people/7-81-68-1,山楂树,https://pic1.zhimg.com/v2-e1b6192aa0d8dcf140ba189dea518a4c_l.jpg?source=06d4cd63,1780329112835
11458673923,0,VOI浮生滴苦甜喜鹊贵人,1775817713,广东,0,1,0,2008887544687923805,article,df725c7373f864c1809868c4a5843eaf,https://www.zhihu.com/people/19-67-63-42,专心吃肉的蚁,https://pica.zhimg.com/v2-93790dcca79047dc9376be740378d83a_l.jpg?source=06d4cd63,1780329112838
11487745890,0,四月出生的人呢[大笑],1779189270,河北,0,1,0,2008887544687923805,article,b645ac94a464f4312a3cf1e5e3142323,https://www.zhihu.com/people/10-12-42-35,众成刹车片康培勇,https://picx.zhimg.com/v2-9b36f0cca5e22eb2aad38f219ecaa7d0_l.jpg?source=06d4cd63,1780329112843
11452973294,0,太长了，看不完[捂脸],1775175600,广东,0,1,0,2008887544687923805,article,0155b16f220a5de26a01cf5b43c9d942,https://www.zhihu.com/people/ye-you-49-52,夜幽,https://pica.zhimg.com/v2-abed1a8c04700ba7d72b45195223e0ff_l.jpg?source=06d4cd63,1780329112846
11452866357,0,不能送苹果是什么寓意？,1775109272,重庆,0,1,0,2008887544687923805,article,26997d7505ddcd52bd2dfa2979d34858,https://www.zhihu.com/people/88-96-55-94-66,蓝魅,https://picx.zhimg.com/v2-f6be9459c819f57eaa69c9b13fb0bb42_l.jpg?source=06d4cd63,1780329112851
11440064760,0,🤔🤔🤔🙄🙄🙄😓😓😓,1773708390,河北,0,1,0,2008887544687923805,article,90457a597ea1bfb90c91e9d0c9d1488a,https://www.zhihu.com/people/84-25-28-34-68,广结善缘一生无悔,https://picx.zhimg.com/v2-f1be5ed24936a7311e75da3884b2bd6d_l.jpg?source=06d4cd63,1780329112859
11471189838,0,阳历还是阴历,1777332656,河北,0,1,0,2008887544687923805,article,13b1ce883920f5b355637ce8fdf330c5,https://www.zhihu.com/people/mmmmm-57-20-22,mmmmm,https://picx.zhimg.com/v2-7ffbacf3f297c5a8e82462374920588c_l.jpg?source=06d4cd63,1780329112864
11432780505,0,阳历还是阴历。,1772929628,山东,0,1,0,2008887544687923805,article,6496c2eb49304e1f4c4822693e159450,https://www.zhihu.com/people/58-25-86-81,苏洪聚,https://pic1.zhimg.com/v2-ca87dc16260ce3a83f616a6a288cb8fe_l.jpg?source=06d4cd63,1780329112869
11442990247,0,无稽之谈,1774054189,山东,0,1,0,2008887544687923805,article,dfdcb04dd305659625d4359dce97bd72,https://www.zhihu.com/people/wu-you-7-1,无有,https://picx.zhimg.com/v2-28edc79f70314dd09871800d891e45b5_l.jpg?source=06d4cd63,1780329112873
11453991322,0,看望病人，不送梨！没听说是苹果！,1775269227,辽宁,0,1,0,2008887544687923805,article,11a70972bca4737f916913770be65388,https://www.zhihu.com/people/ai-xi-5-53,爱曦,https://picx.zhimg.com/v2-1a00788e49da6f43ad772c61999a153b_l.jpg?source=06d4cd63,1780329117250
11453961648,0,有的不准，看看散了吧！,1775269273,辽宁,0,1,0,2008887544687923805,article,11a70972bca4737f916913770be65388,https://www.zhihu.com/people/ai-xi-5-53,爱曦,https://picx.zhimg.com/v2-1a00788e49da6f43ad772c61999a153b_l.jpg?source=06d4cd63,1780329117255
11436870667,0,78:不在网上听人胡说八道,1773380166,福建,0,1,0,2008887544687923805,article,09e74f0c5a5cc8517fb15ff0615041e2,https://www.zhihu.com/people/41-57-52-80,王命之徒,https://picx.zhimg.com/v2-b99f58276c178534ccdad1e6afc23fb3_l.jpg?source=06d4cd63,1780329117259
11430605289,0,荒唐透顶,1772641394,广西,0,1,0,2008887544687923805,article,7a20c18619c6855b08b8135653ffb46f,https://www.zhihu.com/people/68-15-16-28,叶琦高,https://picx.zhimg.com/v2-f1be5ed24936a7311e75da3884b2bd6d_l.jpg?source=06d4cd63,1780329117264
11455830779,0,说得对[感谢][感谢][感谢],1775533245,广东,0,1,0,2008887544687923805,article,e567dc6d3ea2d3a6760f598ababad7ee,https://www.zhihu.com/people/5-72-14-25-53,两神兽的老母亲,https://picx.zhimg.com/v2-8e653d84c556d4f5c1f53aa1f3e1ba2f_l.jpg?source=06d4cd63,1780329117269
11449332955,0,不对，我二月从懂事到现在三十多岁了，一直都是苦的，从来没甜过。,1774745144,贵州,0,1,0,2008887544687923805,article,1adc01c988bbe3eb41c5224f585ae36b,https://www.zhihu.com/people/wang-hui-56-6-69,王惠,https://picx.zhimg.com/v2-79c38012489792e892183538063e1f69_l.jpg?source=06d4cd63,1780329117273
11444098304,0,正月出生的 要苦到啥时候[发呆],1774191640,山东,0,1,0,2008887544687923805,article,b1b6138849b0e295d3f2419f369e6a99,https://www.zhihu.com/people/sui-bian-shang-lai-kan-kan-12,一个配钥匙的,https://pica.zhimg.com/v2-abed1a8c04700ba7d72b45195223e0ff_l.jpg?source=06d4cd63,1780329117277
11490589585,0,真的准,1779544889,河南,0,1,0,2008887544687923805,article,5725d2006f7709e324da1a560b58b43a,https://www.zhihu.com/people/zhi3xhxz0,学炒股的小鲨鱼,https://picx.zhimg.com/v2-25ac7c0d6225fc37e7f4419d75895b22_l.jpg?source=06d4cd63,1780329117280
11443833980,0,我和几千年的老树合影了！怎么办,1774076805,贵州,0,1,0,2008887544687923805,article,408128c1286be687a50de0b2d6f453d8,https://www.zhihu.com/people/zdan-18,zdan,https://pica.zhimg.com/v2-36118780d71433059a063db815767d4c_l.jpg?source=06d4cd63,1780329117282
11444221306,0,看了下，基本上啥都不能干[思考][思考]主要是不能选择出生月份哈哈哈,1774227725,重庆,0,1,0,2008887544687923805,article,9d824dcf36ee966c76f45cdf073f7c59,https://www.zhihu.com/people/rirzuwy,雾里看花,https://picx.zhimg.com/v2-8970b1e6ae839e8620299aa413fee8b3_l.jpg?source=06d4cd63,1780329117285
11428088324,0,第十条前段时间刚有个相亲对象和我说了，给我的感觉是他真的文化程度太低了，认识还不到一周呢就和我说他第一次已经没有了，可能他觉得他坦诚，但女孩子多少还是会有点想法的吧,1772410840,山西,0,1,0,2008887544687923805,article,017a55bc92f5787cd5ce8e4be2059e61,https://www.zhihu.com/people/zuo-zai-ying-er-che-shang-de-xiao-bao-bao,葡萄树下的蜗牛,https://picx.zhimg.com/v2-5a2ab792525ac9b7fcd5d93d3833c111_l.jpg?source=06d4cd63,1780329122003
11477351749,0,我在正月的时候生的，然后还是2月份这你要怎么算？,1778072869,云南,0,1,0,2008887544687923805,article,1e9b4b87e402aae06abbad05cdea392c,https://www.zhihu.com/people/30-40-95-41,知乎用户鯱,https://picx.zhimg.com/v2-3b7f7104c24fe66180bca0a0f13ea422_l.jpg?source=06d4cd63,1780329122008
11437662851,0,逗比,1773405120,河北,0,1,0,2008887544687923805,article,5c2268a45ab84e16fedd67c31631f740,https://www.zhihu.com/people/han-bing-jiang,一粟,https://picx.zhimg.com/f6b597c43d4d3fc2617491a03be509ba_l.jpg?source=06d4cd63,1780329122012
11487050512,0,苹果🍎是温性水果都能吃寓意平平安安，健健康康,1779098248,广东,0,1,0,2008887544687923805,article,8ebfe02ff2b18ed9cda919d7464b3b11,https://www.zhihu.com/people/xiao-xiang-yao-zi-29,紫蘇,https://pic1.zhimg.com/v2-2e01ab643ed8eaf727ee4722832f7b1a_l.jpg?source=06d4cd63,1780329122016
11486112121,0,婚后就更不能说了,1779063661,湖北,0,1,0,2008887544687923805,article,bbe4b369f2b14b91ed5688495ae91e63,https://www.zhihu.com/people/mi-chong-80-10,米虫,https://pic1.zhimg.com/v2-abed1a8c04700ba7d72b45195223e0ff_l.jpg?source=06d4cd63,1780329122019
11485552500,0,正月同时又是二月怎么说？,1778923147,湖北,0,1,0,2008887544687923805,article,52a1bee4ea318c1ea72190dd70772afd,https://www.zhihu.com/people/sxliucz,sxliucz,https://picx.zhimg.com/v2-abed1a8c04700ba7d72b45195223e0ff_l.jpg?source=06d4cd63,1780329122024
11485468099,0,糟粕这一块,1778922086,新疆,0,1,0,2008887544687923805,article,1968643ee0281f84dcaeb27e79e9998a,https://www.zhihu.com/people/se-l-57,hohohoho,https://pica.zhimg.com/v2-67398d8b401041ab373d71f2d4ff4f59_l.jpg?source=06d4cd63,1780329122029
11485393889,0,为什么不能吃隔夜的木耳,1778959716,四川,0,1,0,2008887544687923805,article,5c1c7d460080cb4b03fadc0d0163df02,https://www.zhihu.com/people/li-xiu-fang-60-15,李秀方,https://picx.zhimg.com/v2-abed1a8c04700ba7d72b45195223e0ff_l.jpg?source=06d4cd63,1780329122033
11483519268,0,我嘴大，我老公鼻子大怎么个说法,1778722630,山西,0,1,0,2008887544687923805,article,6d8f8ebda0a48a8dcb6877e9882dc357,https://www.zhihu.com/people/a--13-92-18,A-庆庆,https://picx.zhimg.com/v2-20660eeca974d70fd761935b6f32a220_l.jpg?source=06d4cd63,1780329122040
11478686996,0,不怕起点低，只怕境界低。这话挺有意思的。,1778199326,安徽,0,1,0,2008887544687923805,article,cde93ab8ab07af19e2fe33e2716fbf83,https://www.zhihu.com/people/alphago-60-15,AlphaGo,https://picx.zhimg.com/v2-4aafc80970eee6585915adc780b6351c_l.jpg?source=06d4cd63,1780329122045
11491414345,0,那我们这说男大吃四方，女大吃穷郎！怎么换你着就是找女的大了！,1779615831,贵州,0,1,0,2008887544687923805,article,edd5022805321a9fcfd715fa42314062,https://www.zhihu.com/people/83-77-30-88,张大美美美,https://pica.zhimg.com/v2-aa081914500f11abfe7b71940d0b574f_l.jpg?source=06d4cd63,1780329126596
11475391931,0,纯粹的忽必烈,1777810339,山东,0,1,0,2008887544687923805,article,6a87822fb9c7c19aad0b95b0e2821085,https://www.zhihu.com/people/si-xie-cao-41-72-99,四叶草,https://pica.zhimg.com/v2-53f807e8b80c333cb780a52b1bdaf63e_l.jpg?source=06d4cd63,1780329126601
11474862531,0,多往好处想，想好事，来好事。[赞][赞同],1777776474,陕西,0,1,0,2008887544687923805,article,c7b6fc9ef9a6d6ae0fa8475fb4918f1c,https://www.zhihu.com/people/31-58-96-77,遇见最好的自己,https://picx.zhimg.com/v2-be7d09b36e188bf05a6e7eefb550f844_l.jpg?source=06d4cd63,1780329126608
11474225559,0,[飙泪笑][飙泪笑][飙泪笑]这比形而上学还招笑 纯封建迷信来的,1777638580,浙江,0,1,0,2008887544687923805,article,5c28cf9545c9a6234bb2297a3f258abb,https://www.zhihu.com/people/lan-bai-mai-mai,蓝白麦麦,https://picx.zhimg.com/v2-abed1a8c04700ba7d72b45195223e0ff_l.jpg?source=06d4cd63,1780329126614
11474220521,0,还真是,1777622348,广东,0,1,0,2008887544687923805,article,d90fdd2e07ca8858e9d48ce20822c258,https://www.zhihu.com/people/yzv2e,钰汐,https://pica.zhimg.com/v2-d3cd5722e106e53503e26e4167425b80_l.jpg?source=06d4cd63,1780329126622
11473665675,0,47条错了，看望病人，水果不送梨，鲜花不送菊。当然更不能送钟表[思考],1777612012,内蒙古,0,1,0,2008887544687923805,article,0786c096add1851e186904fd6cada0ff,https://www.zhihu.com/people/sha-mo-zhi-kuang,沙漠之狂,https://picx.zhimg.com/v2-abed1a8c04700ba7d72b45195223e0ff_l.jpg?source=06d4cd63,1780329126625
11470842027,0,正月和二月怎么区分？,1777252329,四川,0,1,0,2008887544687923805,article,0d19ef849cf6fda64fe46a5b4489abc1,https://www.zhihu.com/people/huang-chang-hua-83,黄昌华,https://picx.zhimg.com/v2-7c073bd22afeb88b84257fdcfef28a19_l.jpg?source=06d4cd63,1780329126630
11469434021,0,为什么不送苹果？,1777067540,河南,0,1,0,2008887544687923805,article,ee52647c293ef8382e1f2b09593825c1,https://www.zhihu.com/people/ji-mo-shen-shen-shen-ji-xu,寂寞深深深几许,https://picx.zhimg.com/v2-6708b7361cef2a9d23582dd5c56208c1_l.jpg?source=06d4cd63,1780329126636
11468655033,0,有点意思,1776990697,美国,0,1,0,2008887544687923805,article,7125bea1cf32136a9faa8591224b909c,https://www.zhihu.com/people/he-gan-mo,贺乾万,https://picx.zhimg.com/v2-abed1a8c04700ba7d72b45195223e0ff_l.jpg?source=06d4cd63,1780329126640
11468486160,0,光凭出生的月份，无法断定一个人的命运。无论从科学还是易经学都是没有根据的。,1776996164,四川,0,1,0,2008887544687923805,article,d58191744afb2b00f867eea76572b47c,https://www.zhihu.com/people/chen-wu-meng-long-9,晨雾朦胧,https://picx.zhimg.com/v2-a848797b414ac6d9cd4070bf4359c2da_l.jpg?source=06d4cd63,1780329126646
11467586749,0,谢谢,1776903081,河北,0,1,0,2008887544687923805,article,3f1142dfc729d819e3f2016faa06eace,https://www.zhihu.com/people/15205794580,15205794580,https://pic1.zhimg.com/v2-abed1a8c04700ba7d72b45195223e0ff_l.jpg?source=06d4cd63,1780329130855
11465044500,0,膀胱癌中药秘方,1776518212,重庆,0,1,0,2008887544687923805,article,bf7c6e7c5396af3b3957e4aa1bd4c1d9,https://www.zhihu.com/people/1336840305,徐怀礼1336840305,https://picx.zhimg.com/v2-d583cb6d2c4d5133deca8344842aac9e_l.jpg?source=06d4cd63,1780329130862
11464885587,0,那么4，5，6，7，8，9，10，11，12月出生的是什么样，玄学也有科学依据所说，不是你所的信不信，,1776564501,浙江,0,1,0,2008887544687923805,article,405a16a20b326143a832d1c45df92c5b,https://www.zhihu.com/people/13-75-96,涵涵爷爷,https://picx.zhimg.com/v2-a1c9e3ed2b099fecaa19bb6e72b1e5f6_l.jpg?source=06d4cd63,1780329130865
11464123471,0,2 月生，有心理阴影了，主编是个坏家伙,1776415404,山西,0,1,0,2008887544687923805,article,c685674ef6cdcd98753dfc374beec925,https://www.zhihu.com/people/mxtbzp,知乎用户mxtbZp,https://picx.zhimg.com/v2-d16ff0a3a6632abaaac83e23186ab72a_l.jpg?source=06d4cd63,1780329130869
11464068434,0,我的头发自然卷，那岂不是我弯弯绕绕？,1776424995,广东,0,1,0,2008887544687923805,article,9fa7f758fe333307a308832c6819e867,https://www.zhihu.com/people/st2th3,知乎用户ST2th3,https://picx.zhimg.com/v2-fa387b82c92ecc1072e88dbb6465aa10_l.jpg?source=06d4cd63,1780329130872
11463625841,0,心无杂念，一身安。,1776405751,山东,0,1,0,2008887544687923805,article,975bf4b72160bdfe7a63250aa8255312,https://www.zhihu.com/people/59-23-19-24-8,时空造化,https://pic1.zhimg.com/v2-22dfe7094375e34e38695123acd219db_l.jpg?source=06d4cd63,1780329130899
11459900844,0,只要不努力，一直都会苦！,1775964869,河南,0,1,0,2008887544687923805,article,2495e2605d0202783c12563636ba244e,https://www.zhihu.com/people/gxghcg,gxghcg,https://pic1.zhimg.com/v2-abed1a8c04700ba7d72b45195223e0ff_l.jpg?source=06d4cd63,1780329130908
11459837337,0,公历还是农历,1775954479,四川,0,1,0,2008887544687923805,article,927c0428d24474e7da4a5c9297275581,https://www.zhihu.com/people/94-24-42-39-20,肥肥,https://picx.zhimg.com/v2-d797223e2573569d7c6f55bc7854142f_l.jpg?source=06d4cd63,1780329130912
11459008697,0,那活的可真累,1775877190,河南,0,1,0,2008887544687923805,article,f57d45da46028fbc1de489cee51b0a95,https://www.zhihu.com/people/bian-cheng-zhi-qiu,边城之秋,https://pic1.zhimg.com/v2-c75f8556404bf2a7052520420fd4ef4d_l.jpg?source=06d4cd63,1780329130919
11458535494,0,7月,1775779584,四川,0,1,0,2008887544687923805,article,131c228068fb9f758efc167f216f9d88,https://www.zhihu.com/people/9-48-77-7-84,无邪,https://picx.zhimg.com/v2-f1be5ed24936a7311e75da3884b2bd6d_l.jpg?source=06d4cd63,1780329130922
11458193561,0,无稽之谈，,1775780190,重庆,0,1,0,2008887544687923805,article,9309578478718a27d16a24b8a5757e95,https://www.zhihu.com/people/ao-xue-han-mei-7-20-52,傲雪寒梅,https://picx.zhimg.com/v2-b9aeb131a18765f0c84aee80d07dec1a_l.jpg?source=06d4cd63,1780329135273
11457587993,0,你说的农历还是？,1775693562,天津,0,1,0,2008887544687923805,article,ffd8cf9b57c16abfc8454cea452087e0,https://www.zhihu.com/people/eevee-56,EEVEE,https://pica.zhimg.com/v2-d29c4774e14fec4680b3162b4660d228_l.jpg?source=06d4cd63,1780329135277
11457010618,0,我是二月生的，我前半生都够苦了，难道我后半生还更苦，还要不要活下去，思考一下[思考],1775618984,四川,0,1,0,2008887544687923805,article,e8cd06cfcfe1d78bbe13e0e451d597ec,https://www.zhihu.com/people/bu-xiao-de-74-14,知乎用户,https://pic1.zhimg.com/v2-23ae1ae2f1b369e3100261a7970c3581_l.jpg?source=06d4cd63,1780329135282
11455363806,0,老人味真重啊[打招呼],1775436062,山东,0,1,0,2008887544687923805,article,ecb17ed3ed3e1308e4f0eff5f288331c,https://www.zhihu.com/people/lao-wang-39-29,老王吧,https://picx.zhimg.com/de1b62ab9eda46357b14ad067a4136c5_l.jpg?source=06d4cd63,1780329135286
11450301303,0,不洗头[捂脸],1774873984,河南,0,1,0,2008887544687923805,article,df0df8623ee87e04172679b0e232b63b,https://www.zhihu.com/people/jack-77-35,jack,https://picx.zhimg.com/53a0f5d2adf9fe3934cf5a90d38783d2_l.jpg?source=06d4cd63,1780329135289
11449133254,0,舒淇表示很对[思考],1774740955,四川,0,1,0,2008887544687923805,article,8dc57ef40be0012b34b09e4be92a6106,https://www.zhihu.com/people/feng-shui-xian-sheng-16-49,风水先生,https://picx.zhimg.com/v2-6a687604e3277961ecc665c88f6e17f6_l.jpg?source=06d4cd63,1780329135295
11424887762,0,为什么不能和千年老树合影啊,1772100074,青海,0,1,0,2008887544687923805,article,072c00a8a4af91bc9c99e4b450b601e0,https://www.zhihu.com/people/leng-xian-sheng-49-36,冷先生,https://picx.zhimg.com/v2-12701f3f3649cd9f8d5a262816542cfc_l.jpg?source=06d4cd63,1780329135302
11448614423,0,晚上不能洗头吗[大哭],1774657257,山东,0,1,0,2008887544687923805,article,6fe25f0db8b2c715d4799154bc70e7e9,https://www.zhihu.com/people/gen-lolqi-ming-yiyang-nan,削肾客的救赎,https://picx.zhimg.com/v2-93b719982269ba8f1ad63df882afbf47_l.jpg?source=06d4cd63,1780329135307
11448576803,0,说的是农历还是阳历月份。？,1774618335,上海,0,1,0,2008887544687923805,article,2368b80e9621b65f87253b1f13a9c3a5,https://www.zhihu.com/people/30-15-87-45,知足常乐,https://picx.zhimg.com/v2-fbb50a1db7b73ebf09714dc9623d2133_l.jpg?source=06d4cd63,1780329135310
11447703217,0,3,1774507030,内蒙古,0,1,0,2008887544687923805,article,e461c6b0e164ec94111c2246780c058a,https://www.zhihu.com/people/be4tu2,知乎用户be4tu2,https://pica.zhimg.com/v2-25ac7c0d6225fc37e7f4419d75895b22_l.jpg?source=06d4cd63,1780329135312
11445470817,0,我们这里看病人带的水果第一首选就是苹果,1774321560,广东,0,1,0,2008887544687923805,article,7dd33866a566a06d7faefef869a7b759,https://www.zhihu.com/people/si-xiao-bai-24,四小白,https://picx.zhimg.com/v2-abed1a8c04700ba7d72b45195223e0ff_l.jpg?source=06d4cd63,1780329139693
11444986700,0,不洗头？,1774254574,四川,0,1,0,2008887544687923805,article,5689b2502affd8457f3236b8d4568cd7,https://www.zhihu.com/people/ao-dai-li-ru-hua,奥黛丽如花,https://pic1.zhimg.com/v2-3f87de7a34f407400ea87fc3a0b5b51c_l.jpg?source=06d4cd63,1780329139698
11444067432,0,狗来了都中两个,1774184686,上海,0,1,0,2008887544687923805,article,1ca018e20e7f355259d3878eef0c6d78,https://www.zhihu.com/people/si-xi-2-97-43,四喜,https://picx.zhimg.com/v2-abed1a8c04700ba7d72b45195223e0ff_l.jpg?source=06d4cd63,1780329139702
11443928013,0,人都只有一种品性，该痒的地方不痒，无关自己的事情也弄不懂。,1774096151,吉林,0,1,0,2008887544687923805,article,ed9a2f05223a4b73faf11c1ba17689ed,https://www.zhihu.com/people/zzq-80-59-27,我的塔罗擦手号版,https://pic1.zhimg.com/v2-5b9966b100740553f8004359a5993b3f_l.jpg?source=06d4cd63,1780329139707
11443622626,0,看看就好！,1774054438,重庆,0,1,0,2008887544687923805,article,cbdc2eaf8c0ff1e485740511a8561576,https://www.zhihu.com/people/24-67-64-24-44,男守国门女守血脉,https://picx.zhimg.com/v2-10b20470e80a6274affe25aeba407dce_l.jpg?source=06d4cd63,1780329139713
11442846211,0,梦到那句说那句，就只有个开头[大笑],1773976079,贵州,0,1,0,2008887544687923805,article,62ccd8026b928e07d56f496f5c3ad1aa,https://www.zhihu.com/people/kikui-,kikui.,https://picx.zhimg.com/v2-f0931c3602ee494655689a61d46cd62d_l.jpg?source=06d4cd63,1780329139719
11442379563,0,晚上不让洗头，早上也不让洗头，那什么时候洗头呢,1773963180,山西,0,1,0,2008887544687923805,article,3d77e53eab7f90e1a0bf6425d2a4c0fa,https://www.zhihu.com/people/mi-zhi-wei-xiao-14-86,谜之微笑,https://pica.zhimg.com/v2-1a771a478a60cbac26dbe165d5d93e62_l.jpg?source=06d4cd63,1780329139724
11441950114,0,我是三月的。从小到大，都是吃现成的[捂嘴][捂嘴][捂嘴][捂嘴],1773896991,四川,0,1,0,2008887544687923805,article,7d1ffdaf4cdfedd06a7185fbcc8b78f7,https://www.zhihu.com/people/fan-yue-ying-22,芝兰,https://picx.zhimg.com/v2-56aea865d0d8ed1a39ed388f24dd1c5f_l.jpg?source=06d4cd63,1780329139726
11441823252,0,看病人为啥不能送苹果🍎？,1773878479,四川,0,1,0,2008887544687923805,article,9cf48a69545cd6b4a2cf69294886ff8b,https://www.zhihu.com/people/bz7enmdh,小看山Bz7enMDh,https://picx.zhimg.com/v2-1abe7b115ea0ab9e5dfe334d5a1fef38_l.jpg?source=06d4cd63,1780329139729
11440011858,0,为什么看病人不送苹果？苹果不是寓意平安吗？,1773718002,陕西,0,1,0,2008887544687923805,article,97103b1ba04d21dfb1f59a96c1c1714e,https://www.zhihu.com/people/nonffu,知乎用户NonFFu,https://pic1.zhimg.com/v2-abed1a8c04700ba7d72b45195223e0ff_l.jpg?source=06d4cd63,1780329139732
11439831123,0,习惯水温,1773710753,江苏,0,1,0,2008887544687923805,article,5859e634881f0257778dc20376c54302,https://www.zhihu.com/people/98-20-66-55-4,知乎用户龙厚,https://picx.zhimg.com/v2-aae41acb367cb4437dc590cabff47ceb_l.jpg?source=06d4cd63,1780329144453
11439341939,0,不洗头？,1773624980,重庆,0,1,0,2008887544687923805,article,10b3299024f128e54806579783261fc6,https://www.zhihu.com/people/qing-shi-95-52-71,青时,https://pica.zhimg.com/v2-495b6f6117d4fc05c9cd50b39a75320f_l.jpg?source=06d4cd63,1780329144458
11438663069,0,你说的是农历吗？,1773558314,四川,0,1,0,2008887544687923805,article,ceaac64cd659cbb2ee06e261a85307c2,https://www.zhihu.com/people/huan-le-ma-38-33,欢乐马,https://picx.zhimg.com/v2-4743464ca405a44cc46703ad79ff8c4b_l.jpg?source=06d4cd63,1780329144464
11438506849,0,我昨天从网上花了39.9元找了个大师，后面要最低4888，我把他拉黑了，但是生辰八字泄露了[大哭],1773537385,山东,0,1,0,2008887544687923805,article,16924296029d26896e2105a9e17b07bd,https://www.zhihu.com/people/shui-qing-meng-lan-97-79,水清梦蓝,https://picx.zhimg.com/v2-13754f85e16f4a6f473f200af722f906_l.jpg?source=06d4cd63,1780329144470
11438133343,0,正月二十一出生事实证明苦了一年又一年,1773460206,广东,0,1,0,2008887544687923805,article,826633e9cc35a95268a28a563ec762f7,https://www.zhihu.com/people/mo-xuan-72-63,墨轩,https://picx.zhimg.com/v2-abed1a8c04700ba7d72b45195223e0ff_l.jpg?source=06d4cd63,1780329144473
11437990131,0,先苦不一定后甜，但先甜一定甜,1773465318,河南,0,1,0,2008887544687923805,article,3f27b18e8c978b5f1935077b25fad1e4,https://www.zhihu.com/people/wang-xian-57-68,忘羡,https://pic1.zhimg.com/v2-b7b0bc6db31ce043d2133c579eafe080_l.jpg?source=06d4cd63,1780329144478
11489310758,0,不洗头？,1779361331,贵州,0,1,0,2008887544687923805,article,83de1f730f322522c48955c0037775ce,https://www.zhihu.com/people/miss--67,Miss.金,https://picx.zhimg.com/v2-111cba28dc07d0a303b5ebbbdf3a50ba_l.jpg?source=06d4cd63,1780329144482
11437464224,0,4和5挺真实,1773445249,重庆,0,1,0,2008887544687923805,article,16fa8658fedc81bb46e117cb369720da,https://www.zhihu.com/people/su-an-817,苏安817,https://picx.zhimg.com/v2-abed1a8c04700ba7d72b45195223e0ff_l.jpg?source=06d4cd63,1780329144487
11435718694,0,我阴历正月，阳历2月,1773278364,广东,0,1,0,2008887544687923805,article,8a477ab16e5cb3d80b92e8906a2ab935,https://www.zhihu.com/people/bai-jiao-bo,瑾蔚,https://pic1.zhimg.com/v2-6abd5abc91cfa885c93728d78d850e55_l.jpg?source=06d4cd63,1780329144489
11435539905,0,MBWY,1773230825,江西,0,1,0,2008887544687923805,article,f21baa11aa6f856db72ac29b85c53c86,https://www.zhihu.com/people/qian-da-ye-63,钱大野,https://picx.zhimg.com/v2-abed1a8c04700ba7d72b45195223e0ff_l.jpg?source=06d4cd63,1780329144495
11435437266,0,为什么有些人一辈子日子过的平平淡淡又总是磕磕盼盼,1773203059,贵州,0,1,0,2008887544687923805,article,19f050093c95218a938799517eb5616f,https://www.zhihu.com/people/mei-you-88-81-95,没有,https://picx.zhimg.com/v2-abed1a8c04700ba7d72b45195223e0ff_l.jpg?source=06d4cd63,1780329149036
11435141658,0,苹果，是最温和的水果，寓意平平安安健健康康。怎么就不能送了？,1773185985,广东,0,1,0,2008887544687923805,article,8ebfe02ff2b18ed9cda919d7464b3b11,https://www.zhihu.com/people/xiao-xiang-yao-zi-29,紫蘇,https://picx.zhimg.com/v2-2e01ab643ed8eaf727ee4722832f7b1a_l.jpg?source=06d4cd63,1780329149041
11434913617,0,玄学不是玄学，是无聊时的一派胡言,1773105179,山西,0,1,0,2008887544687923805,article,f02825857e30b99c341e6f3c19338a73,https://www.zhihu.com/people/liu-ji-shi-61,毛驴,https://pic1.zhimg.com/v2-6fda7cfaf78b6d24b1fcf9110d19976a_l.jpg?source=06d4cd63,1780329149047
11434240763,0,看望病人，为什么不能送苹果？,1773067478,云南,0,1,0,2008887544687923805,article,3594e68261ac1d87574613ac9802eb35,https://www.zhihu.com/people/92-10-3-7-64,和笑梅,https://picx.zhimg.com/v2-8573de0ca40904413862ffadda03de2d_l.jpg?source=06d4cd63,1780329149051
11434161982,0,不洗头给我看笑了,1773101371,河北,0,1,0,2008887544687923805,article,23a3fd67e0905d1365a8632ede460ae2,https://www.zhihu.com/people/xin-yue-48-81,新月,https://picx.zhimg.com/v2-abed1a8c04700ba7d72b45195223e0ff_l.jpg?source=06d4cd63,1780329149058
11433649700,0,我天天睡觉镜子对床头，只为第一眼起床看自己的皮肤状态[哇]怪力乱神永远也阻挡一个自恋的人[感谢],1773032457,四川,0,1,0,2008887544687923805,article,70eadc9161e245d6946e1479730a80b4,https://www.zhihu.com/people/vivian-14-87-29,Vivian,https://picx.zhimg.com/v2-71732fe5f8cb729a829d20cf1793b88a_l.jpg?source=06d4cd63,1780329149063
11433451549,0,信这个的这辈子有了[打招呼],1772955285,四川,0,1,0,2008887544687923805,article,d5b7e916871d021f9031713c677e2722,https://www.zhihu.com/people/82857-8,知乎用户82857,https://picx.zhimg.com/v2-abed1a8c04700ba7d72b45195223e0ff_l.jpg?source=06d4cd63,1780329149069
11432813220,0,鼻子小…真的是很小，特别准,1772849453,福建,0,1,0,2008887544687923805,article,0756daeb641ec52c9ef72058aac0a631,https://www.zhihu.com/people/yan-zi-80-54,芋子包,https://picx.zhimg.com/v2-989a239e2ef4feb15b8740d8060b845a_l.jpg?source=06d4cd63,1780329149074
11432633911,0,为什么床底不能放杂物,1772846521,广东,0,1,0,2008887544687923805,article,c9a52db012479e5a1dad2a5b4c9e2d43,https://www.zhihu.com/people/bu-dong-24-13,不懂,https://picx.zhimg.com/v2-0a561064cda49b26b34756e9f6b5e617_l.jpg?source=06d4cd63,1780329149078
11432294932,0,规则怪谈,1772847895,河南,0,1,0,2008887544687923805,article,6ddf7b78b568fbbbc65c0599a9da286c,https://www.zhihu.com/people/32-30-1-32,叶枫于山,https://pica.zhimg.com/v2-0fbd34a1159ae493d88b126b3b70a5f7_l.jpg?source=06d4cd63,1780329149082
11432148078,0,🤮,1772845010,湖北,0,1,0,2008887544687923805,article,7d4590160dcd47c5203764eaab9aad23,https://www.zhihu.com/people/even-97-86,Even,https://picx.zhimg.com/v2-00d3f3e69f97fa4aea11ebbb19e21edd_l.jpg?source=06d4cd63,1780329153415
11431468876,0,为什么床上不能磕头,1772710588,福建,0,1,0,2008887544687923805,article,17f0ada6dd5364a789be1e12c590c7e3,https://www.zhihu.com/people/li-an-xi-75,知渊,https://picx.zhimg.com/v2-d914418b077e316227d554efa904d1b6_l.jpg?source=06d4cd63,1780329153420
11430581901,0,怎么这么多,1772673190,未知,0,1,0,2008887544687923805,article,0387b5c3410637864905acb731ac769e,https://www.zhihu.com/people/ok-three-81,OK three,https://picx.zhimg.com/v2-1abe7b115ea0ab9e5dfe334d5a1fef38_l.jpg?source=06d4cd63,1780329153425
11429131913,0,很好，可以发去相亲相爱一家人,1772502302,湖南,0,1,0,2008887544687923805,article,5b324fb963ee8994496531b4287bb814,https://www.zhihu.com/people/41-53-27-46-73,坑爹的卒伯,https://picx.zhimg.com/v2-dc242c57af3d7729a8e05b39f1c4627b_l.jpg?source=06d4cd63,1780329153430
11427524024,0,农历么？[感谢],1772353228,河北,0,1,0,2008887544687923805,article,7a931438eb4ed4a17f1823694f94dab4,https://www.zhihu.com/people/xiao-yao-49-48-61,小妖,https://pica.zhimg.com/v2-abed1a8c04700ba7d72b45195223e0ff_l.jpg?source=06d4cd63,1780329153435
11427424568,0,我经常退货,1772328052,广西,0,1,0,2008887544687923805,article,69f406b378556505eff0e93f78e89579,https://www.zhihu.com/people/30-97-24-2-96,欧阳一姐,https://pic1.zhimg.com/v2-d44694a16fa17f015daa9263494bede0_l.jpg?source=06d4cd63,1780329153439
11427281697,0,本来就是玄学，不用问为什么，只是概率高,1772324351,山西,0,1,0,2008887544687923805,article,692b93e3a3123ac5a472d867743ab638,https://www.zhihu.com/people/qi-zhao-gua-niu-kan-shi-jie-35-92,知乎用户,https://picx.zhimg.com/v2-f21aab3e356e5fcf3dcfba00872b7421_l.jpg?source=06d4cd63,1780329153448
11427174040,0,成功浪费5秒钟,1772267619,河南,0,1,0,2008887544687923805,article,019c6cb2901a395efe359d5dabeef3c2,https://www.zhihu.com/people/feng-jing-yi-jiu-75,风景依旧,https://picx.zhimg.com/v2-3e3741a3da371dd7e9dc15412dcabbdd_l.jpg?source=06d4cd63,1780329153452
11427170630,0,狗来了都中两条,1772340348,广东,0,1,0,2008887544687923805,article,db5c2f98142e11233208ee502f77e96a,https://www.zhihu.com/people/geed-60-80,geed,https://pic1.zhimg.com/v2-6fb3e4f6e771b6f5d63f8772b6bc9b67_l.jpg?source=06d4cd63,1780329153456
11427042513,0,有道理,1772322322,江苏,0,1,0,2008887544687923805,article,6054b660cc0d4f00b483055a54bc0a7e,https://www.zhihu.com/people/daniel-35-30-11,Daniel,https://picx.zhimg.com/v2-0353f8908dc9c34cfc68ba26a30424b3_l.jpg?source=06d4cd63,1780329153458
11426960439,0,我相机吧干啥就干啥,1772324725,四川,0,1,0,2008887544687923805,article,7eca2841c14280be1d655e74a293431c,https://www.zhihu.com/people/dong-xi-zhe-45,七月的猫猫头,https://pic1.zhimg.com/v2-32b5e18e9d866f77e66ffdde0f4c9376_l.jpg?source=06d4cd63,1780329158215
11424954911,0,[哇],1772067263,山东,0,1,0,2008887544687923805,article,c522eef1cef5c0749485fff3df0d8970,https://www.zhihu.com/people/djeby8,知乎用户DjEBY8,https://picx.zhimg.com/v2-93dd47715b5f7bba7cd9ed00a4229c75_l.jpg?source=06d4cd63,1780329158220
11425044108,0,那些高杠杆炒股炒币的就坚定贯彻着第19条😂,1772068089,湖北,0,1,0,2008887544687923805,article,4513da16edf27f3b3950abe281d09f00,https://www.zhihu.com/people/liang-86-27-94,Aether9,https://pica.zhimg.com/v2-890f2d32820bae055fe8186c265f73a9_l.jpg?source=06d4cd63,1780329158226
11425071752,0,按阴历还是阳历算啊生日,1772151392,山东,0,1,0,2008887544687923805,article,f54446e39b78d72702b8e60db36c7d91,https://www.zhihu.com/people/lin-ai-xue-41,林瑷雪,https://picx.zhimg.com/v2-51d96c34fe2783e958ced7dff7c2b838_l.jpg?source=06d4cd63,1780329158234
11426665002,0,无聊,1772235593,广东,0,1,0,2008887544687923805,article,18912ed4805373e8cd5904fbee6d374a,https://www.zhihu.com/people/bu-xi-zhe-24,捕猎者,https://pic1.zhimg.com/v2-63cdbfe6e50fadf32701a429fbcc3f7d_l.jpg?source=06d4cd63,1780329158238
11426175721,0,信的人有了,1772238677,山西,0,1,0,2008887544687923805,article,2cc4a7c465d4d000033a26327b854e20,https://www.zhihu.com/people/3-38-69-61-82,海阔,https://picx.zhimg.com/v2-2192045a7e5bf45d6c14629b083c5aa3_l.jpg?source=06d4cd63,1780329158243
11425944398,0,这里说的是阴历还是阳历？,1772151382,山东,0,1,0,2008887544687923805,article,05d48545a24cc4c8b0286d2869e08a45,https://www.zhihu.com/people/bao-zhu-qi-kuai-qian-bu-sa-shou,风渐渐,https://pic1.zhimg.com/v2-abed1a8c04700ba7d72b45195223e0ff_l.jpg?source=06d4cd63,1780329158248
11425944007,0,为什么不送苹果,1772150210,贵州,0,1,0,2008887544687923805,article,2aa37446cbd3b576a0fa897e400424f7,https://www.zhihu.com/people/a--9-21-42,A 刘江平,https://picx.zhimg.com/v2-3794274873adfd810b7a61542fec1429_l.jpg?source=06d4cd63,1780329158251
11425757732,0,才77条，怎么不列出100条来呢[捂脸],1772182214,福建,0,1,0,2008887544687923805,article,4d5d7ea12ebb17553625d5075aeaf18d,https://www.zhihu.com/people/lan-jiu-zui-xin,那夜喝醉了,https://pic1.zhimg.com/v2-21b58846a73b96f1d5c46aee727e41de_l.jpg?source=06d4cd63,1780329158254
11425610234,0,找他这样说。那就没有必要来到世上走一遭了。,1772177773,陕西,0,1,0,2008887544687923805,article,7d5174ab56af1fb102d0cc7317abdeac,https://www.zhihu.com/people/46-25-48-65,西府长安花,https://pica.zhimg.com/v2-0656437b011d6811d0806d8f0730f64a_l.jpg?source=06d4cd63,1780329158259
11425371133,0,确定不洗头吗,1772154368,湖北,0,1,0,2008887544687923805,article,b1af983769bebff5b569930753237a68,https://www.zhihu.com/people/xu-zhen-qi-74,大道至简,https://pic1.zhimg.com/v2-5248a87ed8f7dbc769b5ba769f695c89_l.jpg?source=06d4cd63,1780329164120
11425071932,0,看望病人为什么不送苹果？,1772151890,山西,2,1,0,2008887544687923805,article,f745d49eadeedaf376c7a6b1ca1a092c,https://www.zhihu.com/people/87-48-41-47-56,橄榄绿,https://pica.zhimg.com/v2-f1be5ed24936a7311e75da3884b2bd6d_l.jpg?source=06d4cd63,1780329164124
11425132976,0,农历公历？,1772122200,山东,0,1,0,2008887544687923805,article,3fb1626ab55d3013e25dffb2607f2149,https://www.zhihu.com/people/ai-man-14,艾曼,https://pic1.zhimg.com/v2-abed1a8c04700ba7d72b45195223e0ff_l.jpg?source=06d4cd63,1780329164126
11425250454,0,对前面月份感点兴趣，不过一看屁事这么多，哎，图个乐子，靠这，变成小丑[捂脸],1772154653,陕西,0,2,0,2008887544687923805,article,512c122a7dec0458d2200033c1141cb8,https://www.zhihu.com/people/tu-dou-94-97,土豆小黄人,https://picx.zhimg.com/v2-3ebba63307b2ce89cb1ba257df985bf9_l.jpg?source=06d4cd63,1780329164129
11425249415,0,Nonsense! WHO told you that?,1772152365,西藏,3,1,0,2008887544687923805,article,92584160290140f2102d79521bff53c0,https://www.zhihu.com/people/eugene0417,尤金爱填词,https://pica.zhimg.com/v2-a269deec07fc5d6c44b5724d3e4dd78a_l.jpg?source=06d4cd63,1780329164134
11475262576,0,.婚前，和几个人有过关系，谁也不能说。——自己只管放纵，黑锅别人来背。缺德。,1777770831,河南,0,1,0,2008887544687923805,article,ca84ce8228f404c593286328a1f7c816,https://www.zhihu.com/people/zi-you-zi-zai-11-19,人间随笔,https://picx.zhimg.com/v2-ab640f5700e29263bb9589d60346a4ee_l.jpg?source=06d4cd63,1780329164138
11453859304,0,脑坏脑破洞,1775216374,广东,0,1,0,2008887544687923805,article,b7651fd092be7b93c1bb151617ebcd51,https://www.zhihu.com/people/song-shu-3-88,松树,https://picx.zhimg.com/v2-2dba99de69254ebcdcd79c1bd1dca6ed_l.jpg?source=06d4cd63,1780329164143
11426726917,0,一辈子都别洗头,1772240469,河南,0,1,0,2008887544687923805,article,4664f11238feb71858f53ca30cb4d29c,https://www.zhihu.com/people/xi-feng-lie-69-39,西风烈,https://pic1.zhimg.com/v2-abed1a8c04700ba7d72b45195223e0ff_l.jpg?source=06d4cd63,1780329164145
11474409019,0,大春，你和别人不一样[doge],1777701523,天津,2,26,0,2033906442860754137,answer,5c6061ae88a529499bc768a52f7236d8,https://www.zhihu.com/people/echo-12-75-40,Echo,https://picx.zhimg.com/v2-aee583f63c892555cda399967c61ebaa_l.jpg?source=06d4cd63,1780329174438
11476442238,0,尔曹身与名俱灭，不废江河万古流,1777953267,辽宁,1,13,0,2033906442860754137,answer,e3e7930321603f09f2c06fb31715bb34,https://www.zhihu.com/people/ma-zhi-gang-80,幽并游侠儿,https://pic1.zhimg.com/v2-13293164b664eef5198b0b6c2870fedb_l.jpg?source=06d4cd63,1780329174443
11474962623,0,把一个工具当神供起来的，也只有大春了,1777716644,湖南,0,10,0,2033906442860754137,answer,285c59c069aab573ddb3603956c4199b,https://www.zhihu.com/people/cai-fu-kuai-lai-2013,大毛打二毛毛毛雨,https://picx.zhimg.com/v2-c03529c108d5cdc35a4dbd100a61ce47_l.jpg?source=06d4cd63,1780329174448
11476559097,0,和我好多年前怼那些弹钢琴的一样，ai迁移学习，随便模仿大师的风格，一群上百人评论区骂我[捂脸]，破防惨了,1777957821,四川,1,2,0,2033906442860754137,answer,0270e69ed0c79f531b5468d35c4af96f,https://www.zhihu.com/people/chen-lei-12,陈磊,https://picx.zhimg.com/v2-abed1a8c04700ba7d72b45195223e0ff_l.jpg?source=06d4cd63,1780329174457
11477842400,0,查看图片,1778077814,黑龙江,1,3,0,2033906442860754137,answer,ef56740ce4b5351e4d4c2dcb10c0c030,https://www.zhihu.com/people/yunzixiansheng,漢保王,https://picx.zhimg.com/v2-b75ddd998abf2aa50333fbe7beb7cb6f_l.jpg?source=06d4cd63,1780329174461
11478459217,0,把一个润色工具当成神了？,1778201903,河南,0,1,0,2033906442860754137,answer,9b63efb7898bc96a3557f9851ed526c9,https://www.zhihu.com/people/guo-shuai-14-79,盈虚有数,https://picx.zhimg.com/v2-7632b4ed12eb749634e4780621104769_l.jpg?source=06d4cd63,1780329174466
11475040283,0,围棋是有量化标准的，诗歌没有,1777788273,广东,7,1,0,2033906442860754137,answer,a7b70494e39afae32371f7aa4496ae32,https://www.zhihu.com/people/61-54-27-7,陈美丽,https://picx.zhimg.com/v2-ab1b44ff516b335be2c78c8fbc532a1b_l.jpg?source=06d4cd63,1780329174469
11477419281,0,以后应该还是可以的，but not today,1778123228,湖南,0,1,0,2033906442860754137,answer,164fad94e10df39d212f2db86fa64bcd,https://www.zhihu.com/people/shi-zong-de-pi-pi,麻瓜pp,https://picx.zhimg.com/v2-abed1a8c04700ba7d72b45195223e0ff_l.jpg?source=06d4cd63,1780329174476
11489259570,0,诗之所以值钱，是因为背后有故事。跟古董一样，现代工艺可以把产品做的超过古代万倍，但是做的再精美，挂在凡尔赛宫的，只能是那副蒙娜丽莎。一句话，没故事，不值钱。,1779381839,天津,0,0,0,2033906442860754137,answer,7c036b7ce9d2c0833f511efad13e7137,https://www.zhihu.com/people/chang-cheng-chang-gong-21,长城长工,https://picx.zhimg.com/v2-ef79fb44dafb9fe9224eef9d8863f038_l.jpg?source=06d4cd63,1780329174480
11481807199,0,你没有素材训练ai呀 每个汉字的精准意思 唐朝时的农业感受 社会感受 你要能够收集到唐朝时的 等同现在互联网这么多信息 才有可能,1778532086,美国,0,0,0,2033906442860754137,answer,901b1d50f26244de8d18a4fd32e4248b,https://www.zhihu.com/people/joshcui,白河山水,https://picx.zhimg.com/v2-abed1a8c04700ba7d72b45195223e0ff_l.jpg?source=06d4cd63,1780329174484
11480574455,0,从第一句就知道，他是来搞笑的,1778390952,江苏,0,0,0,2033906442860754137,answer,d44bf522118b9cb88c29c139c0c84708,https://www.zhihu.com/people/xue-weng-30,夜雪,https://picx.zhimg.com/v2-abed1a8c04700ba7d72b45195223e0ff_l.jpg?source=06d4cd63,1780329178696
11480549632,0,围棋以现在的科技是可以穷举的，但是文字排列不可以，至少现在做不到，而每个人的感情，胸怀，都会影响文字排列，可能ai做出了一首接近完美的诗，但是人类无法产生情感共鸣，也就是接近完美而已,1778404246,河南,1,0,0,2033906442860754137,answer,24eee8450ef3f56c32b5c195716186c8,https://www.zhihu.com/people/kagarino-26,momo,https://pic1.zhimg.com/v2-f1be5ed24936a7311e75da3884b2bd6d_l.jpg?source=06d4cd63,1780329178701
11480362923,0,现在有ai，先生成十篇拿出来对比一下，然后再说结论看看到底行不行。,1778367430,四川,0,0,0,2033906442860754137,answer,fab9a7215d9719abf611bcb56995d62a,https://www.zhihu.com/people/wang-kou-cun,烂柯人,https://pic1.zhimg.com/v2-abed1a8c04700ba7d72b45195223e0ff_l.jpg?source=06d4cd63,1780329178709
11478355353,0,先生成一部能在院线上映的电影再说吧[尴尬],1778147525,湖北,0,0,0,2033906442860754137,answer,bade411a824bf68afd06b2f0d57b1397,https://www.zhihu.com/people/zhu-hong-6-52,小小白,https://pic1.zhimg.com/v2-79b264b2d85b00ffa04806416a9cf4b0_l.jpg?source=06d4cd63,1780329178714
11476184015,0,围棋和文学艺术能一样吗，围棋本质上是人工计算力大考验，评判标准是客观的，文学艺术的评判标准是主观唯心的,1777957113,黑龙江,5,0,0,2033906442860754137,answer,9587d9d6417b71e5f24b7a0565fb7f21,https://www.zhihu.com/people/agdkey,agdkey,https://picx.zhimg.com/v2-de0fcdff72e1524c892b59d2926ff50e_l.jpg?source=06d4cd63,1780329178718
11476166955,0,诗是有意境的,1777894819,河南,4,0,0,2033906442860754137,answer,7e17e24b6452f057109b077c3067d118,https://www.zhihu.com/people/lin-mu-ran-13,林慕然,https://pica.zhimg.com/02ac59622e506686e71378e7f114bf93_l.jpg?source=06d4cd63,1780329178724
11475527455,0,你都说了，碾压99%的人。可李白是那0.0001%里面的人，ai现在是拍马也赶不上的，至于以后，不知道有多以后了,1777877170,浙江,0,0,0,2033906442860754137,answer,b5ad7e4690b2614c9892ec6f6235f47d,https://www.zhihu.com/people/fish1-59,老兵新征,https://pica.zhimg.com/v2-abed1a8c04700ba7d72b45195223e0ff_l.jpg?source=06d4cd63,1780329178728
11475187287,0,现在这些AI在文学上离人类文学家差远了，只能说将来AGI出现了，完全可以超过任何人类文学家。不知道还要多久AGI才能真正出现。,1777802635,四川,0,0,0,2033906442860754137,answer,881f2956500c69996514e33d9e3d839a,https://www.zhihu.com/people/35-79-55-65-10,大神,https://pica.zhimg.com/v2-5f3f87d8a3263d1f8ecf9b196e8f15b8_l.jpg?source=06d4cd63,1780329178731
11474972431,0,没有故事背景，写出来的也只是空洞的死物,1777767942,湖北,0,0,0,2033906442860754137,answer,f721731ecee48ff443e16544d9157a4e,https://www.zhihu.com/people/zui-wo-yun-duan-ting-feng-mian,醉卧云端听风眠,https://pic1.zhimg.com/v2-f2572711639b978f39ee404a9a698fa9_l.jpg?source=06d4cd63,1780329178733
11474610922,0,[飙泪笑]发什么东西被删了,1777702942,江西,0,0,0,2033906442860754137,answer,5e211206999ea54138af75e85adf8f7a,https://www.zhihu.com/people/huang-zhi-chao-71,我会永远视奸你们,https://picx.zhimg.com/v2-78faf482f4fbd0961929c62c099343b5_l.jpg?source=06d4cd63,1780329178737
11474590669,0,要是只以工具化指标来算的话，唐以后文人作诗指标早就可以超过李白了，正是因为诗已经无甚趣味可写，只会是重走唐人的路，不会被认为是超过。所以文人们才选择了其他的体裁。🥱,1777728124,江苏,1,0,0,2033906442860754137,answer,2571dd54181f0ebd56de30a417b574bf,https://www.zhihu.com/people/va9dq8cd,知乎用户va9dQ8CD,https://pic1.zhimg.com/v2-65b9ba049f665a08a3b6b57456d0586c_l.jpg?source=06d4cd63,1780329182912
11474441596,0,如果只玩排列组合确实可以靠穷举法，但好诗词ai能挑出来吗？,1777712927,广东,1,0,0,2033906442860754137,answer,36f1f748d5756b8f1293eccf017b6267,https://www.zhihu.com/people/qing-chun-wu-shang-wang-shao-nian-99,青春无伤枉少年,https://pic1.zhimg.com/v2-73cc19019a4c73dc776a639c7e4992cf_l.jpg?source=06d4cd63,1780329182916
11492782757,0,只有一个既不了解李白，又不了解诗，还不了解AI的人，才能写出上面这段东西出来。,1779728317,湖南,0,0,0,2033906442860754137,answer,83d47e3298d5fdb8355da4bd5945b8cc,https://www.zhihu.com/people/yi-yi-54-80-40,蓝石,https://picx.zhimg.com/03b42d62450ffcb05428b958512bea22_l.jpg?source=06d4cd63,1780329182920
11483664988,0,哇这么厉害，那可不可以蒸馏下爱因斯坦让科技往前走一走[飙泪笑],1778720882,辽宁,0,0,0,2033906442860754137,answer,656db01b41a98a9ecba0a4d535fe4ad4,https://www.zhihu.com/people/li-ji-min-48-22,嘟嘟嘀嘀嘎吱嘎吱,https://pic1.zhimg.com/c0727da05ed7bc52488c4caa4e601ace_l.jpg?source=06d4cd63,1780329182926
11482213048,0,关键在于，小时候学习古诗的时候，都是要分析写诗的前后背景的，具有一定的历史意义，而ai写的古诗，虽然也能编造一些故事背景来衬托诗歌本体，但因为不具备历史的厚重，始终是差了那么一截,1778600132,新疆,0,1,0,2033906442860754137,answer,29f8b54f903f0d9ddbadf67020139f25,https://www.zhihu.com/people/lu-bo-wen-56-37,澜痕,https://pica.zhimg.com/v2-c14b64f3541b6e3856d1e0dab0360d9d_l.jpg?source=06d4cd63,1780329182929
11482065888,0,再给ai十年，ai也未必能写出疑似银河落九天。这与ai的回复生成机制相悖了。,1778594301,安徽,0,1,0,2033906442860754137,answer,c636044e568e6e372f6fcaadbb1dad89,https://www.zhihu.com/people/q329zl,知乎用户Q329zl,https://picx.zhimg.com/v2-ec133e320361ea95a0e8b2a16b3aebbf_l.jpg?source=06d4cd63,1780329182933
11480590783,0,关键是ai不知道自己写的哪首好哪首不好啊,1778439367,安徽,0,0,0,2033906442860754137,answer,674d2c7825a33269ccb4afde4f648702,https://www.zhihu.com/people/5-23-2-30,瓦冷,https://picx.zhimg.com/v2-5fd3a58e9ed0b3720c963b01e5b1048c_l.jpg?source=06d4cd63,1780329182943
11479769725,0,十三点,1778311711,江苏,0,0,0,2033906442860754137,answer,a707a168b34bc44a376a8fd5d80da41c,https://www.zhihu.com/people/zi-bu-yue-shi-bu-yun-9,未命名-楚尾狂人,https://pic1.zhimg.com/v2-b04df910befeeb89a68d88c18c5c1b11_l.jpg?source=06d4cd63,1780329182946
11479391141,0,ai没有可理解性,1778303931,安徽,0,0,0,2033906442860754137,answer,db59afac84cb113a29a43fc8112e0969,https://www.zhihu.com/people/idealmi-su,ideal米苏,https://pic1.zhimg.com/v2-9a60caa2634640c0c67a7ceff60d880a_l.jpg?source=06d4cd63,1780329182951
11477850610,0,别尬聊，先让你的ai生成五首千古名作出来,1778115373,贵州,0,1,0,2033906442860754137,answer,36b12bba8b3fc6eaba3a66d805315e57,https://www.zhihu.com/people/shui-ning-yi-42,水凝漪,https://picx.zhimg.com/v2-65db0b73c1e18256bd7c3c562d337383_l.jpg?source=06d4cd63,1780329182956
11476575923,0,说了半天，这么多AI，您倒是写几首啊…,1777997768,北京,0,0,0,2033906442860754137,answer,c379ed1787150ed1a16124d279d1aeed,https://www.zhihu.com/people/ke-meng-90,Zhao Zhang,https://picx.zhimg.com/v2-4186c4b216b8b4ce5c53b814f66ab233_l.jpg?source=06d4cd63,1780329187043
11476314502,0,对啊，羞耻心对于你来说，更不存在。你夏天别穿衣服了，多凉快,1777901306,湖北,0,0,0,2033906442860754137,answer,5b99a8d890eeae15486f934b1e7ac764,https://www.zhihu.com/people/64-66-51-17-46,熹翥,https://pic1.zhimg.com/v2-5e53749fbf6ac32c2f4897d622e18457_l.jpg?source=06d4cd63,1780329187047
11476310021,0,ai做不出地球没有的东西。都是模仿,1777978165,江苏,0,0,0,2033906442860754137,answer,f4116faacdcddd8eb60511c6e0de9c99,https://www.zhihu.com/people/sky-68-27-66,SKY,https://picx.zhimg.com/v2-c3d44dba3dd7dd2d7b918862389959cf_l.jpg?source=06d4cd63,1780329187055
11476233583,0,AI回答的吧,1777925277,河北,0,0,0,2033906442860754137,answer,a2f8964d0a275f455192ec71bcfbee95,https://www.zhihu.com/people/qing-he-gong-chang,清河弓长,https://picx.zhimg.com/v2-91e10de3472ccbbf860ca839409be66d_l.jpg?source=06d4cd63,1780329187063
11476055723,0,只要稍微用一下脑子，ai甚至下不赢一个刚学会围棋的小学生[飙泪笑][飙泪笑][飙泪笑],1777914415,广东,2,0,0,2033906442860754137,answer,76e0ff50b29d26ef7a2d2ba630edf453,https://www.zhihu.com/people/reseted1705019042000,夏亚阿兹纳布尔,https://pica.zhimg.com/v2-dc6fa50f08b459b3cc2ec9bc88cc763f_l.jpg?source=06d4cd63,1780329187066
11260530174,0,你是一个专业的八字分析师，请根据以下八字信息进行分析【1991年农历9月初9子时】请用盲派技巧逐步分析八字，分析一生运势，以及体貌特征，时间节点，事件，涵盖各方面，尽可能详细具体。着重分析大运能赚多少钱，包括学业和婚姻，判断出准确的关系模型后输出最终结果。诚实一点评价，用语不用太温和。,1755163951,广东,0,7,0,29050363298,article,524ca7ba4f90d70a9d6656a5db073857,https://www.zhihu.com/people/mr-tan-man,小伙子阿龙,https://pica.zhimg.com/v2-c0e727e8349ae5e2a7c201365d1cb6b4_l.jpg?source=06d4cd63,1780329197468
11379405744,0,先排了盘，然后用的激进指令问的gpt 5.2 thinking，不知道未来的那些东西准不准，准我也不信。但它剖析我性格特点时，几乎全被戳中了，我真的感觉自己底裤被gpt扒了。我是绝对不能让除我父母以外的人知道我的生辰八字。,1767001923,广西,0,2,0,29050363298,article,519e9f8b80341e04907c546964724110,https://www.zhihu.com/people/huo-shan-huo-lan-42,火山火兰,https://pic1.zhimg.com/v2-0697a5d3bf9306491e61d7698538bb5b_l.jpg?source=06d4cd63,1780329197473
11481225051,0,激进学历算出来就完全不对,1778511346,四川,0,1,0,29050363298,article,5bd8bd6a7913f6f33ec5854e822262d4,https://www.zhihu.com/people/yue-fu-qing-chang-1,梅须逊雪三分白,https://picx.zhimg.com/v2-50d7109b9a0a9934c859ce6fe49773c4_l.jpg?source=06d4cd63,1780329197480
11438481265,0,拿激进版算朱元璋算出来只有三五百万资产[微笑],1773546688,山东,0,1,0,29050363298,article,5a0ee1fc5ccba3a8d5fc823ff17d40ec,https://www.zhihu.com/people/70-2-55-32-83,醉里且贪欢笑,https://pica.zhimg.com/v2-10b20470e80a6274affe25aeba407dce_l.jpg?source=06d4cd63,1780329197490
11476873478,0,"为什么AI算不准卜卦——这个问题比你想的更复杂先把一个错误说法纠正掉你可能听过这样的解释：""AI是大语言模型，只会预测语言，不会真正计算，所以算不准占星。""这个说法是错的。AI会计算。给它一道微积分方程，它能推导。给它一个量子力学的薛定谔方程，它能算。说AI不会计算，是对AI能力的严重低估。那为什么AI算不准卜卦？答案需要分三层来说。 第一层：AI没有今天行星的真实坐标卜卦占星，需要的是此刻行星的精确天文坐标。水星今天在黄道几度几分？火星和土星之间的相位是几度？上升点在哪个星座的哪一度？这些数据来自星历表——一份实时更新的天文数据库。问题是，通用AI（ChatGPT、Claude、Gemini）在默认状态下，没有接入这个数据库。它的训练数据是截止到某个时间点的文本，不包含今天行星在哪里。所以当你问AI帮我卜一卦，它根本没有真实的数据可以用。它只能用金星代表爱情、火星代表行动这类印象知识，拼凑一个听起来合理的答案。这不是计算，这是用已有印象填充一个空洞。 第二层：但AI可以联网查，这个漏洞怎么说你可能马上想到：AI可以联网。它为什么不去查瑞士星历表？这个问题很好。有联网能力的AI，确实可以查到今天的星历数据。这一层的问题，对联网AI来说是可以绕过去的。但问题到这里，才刚进入真正的核心。 第三层：有数据之后，AI依然不知道该怎么用这是整个问题最关键的地方。有数据，不等于会用数据。卜卦判断不是把行星坐标代入一个公式，得出一个结果。它是一个有严格顺序、有条件分支、每一步互相依赖、不能跳步的推导过程。我来把这个过程展开说：拿到星历数据之后，第一步不是开始解读——而是先判断这张盘能不能用。月亮是否void of course（月亮在换入下一个星座之前不再与任何行星形成正相位）？上升点是否在极端度数（0-3度或27-29度）？如果是，这些度数本身携带了很多的信息和判断。第一步通过之后，第二步是确认问题归属的宫位。感情问题看第七宫，但如果问的是我暗恋的人，看第五宫。如果问我配偶的健康，看第十二宫——因为那是第七宫的第六宫。宫位定错，整个推导方向就错了。第三步，找到代表问卜者和问题对象的行星。不是随便选，有具体规则：上升星座的守护星代表问卜者，对应宫位的星座守护星代表问题对象。第四步，分析两颗代表星之间的相位关系。是正在形成还是已经过去？中间有没有其他行星拦截，形成阻碍，让这件事无法达成？第五步，追踪月亮接下来的运行轨迹，判断事件走向。第六步，评估每颗行星的尊贵程度。行星在自己的庙、旺、三分、界、面时力量强，在陷、弱时力量弱。力量强的行星所代表的一方，在这件事上占据优势。第七步，综合以上所有信息，给出判断。每一步有明确规则。每一步的结果影响下一步的方向。中间任何一步出错或跳过，最终判断就会失准。 通用AI面对这七步会怎么做就算联网拿到了真实的行星坐标，一个通用AI面对这七步时，依然没有一个严格的执行框架告诉它：这一步的结果出来之后，下一步该怎么做，什么条件对应什么判断，哪种情况下应该直接给出无法判断的结论。于是它会做它唯一擅长的事：用语感和印象把这些数据解读成一段听起来合理的文字。它学过大量占星文章，知道各种行星相位代表什么，知道宫位的象征意义。它会把真实数据和这些印象混合起来，生成一段读起来像卜卦解读的内容。这就是为什么AI的占星解读，经常能准确捕捉情绪，却在具体判断上含糊其辞——说会有转机，但需要时间，说结果取决于你的选择。因为它不知道答案。它只知道怎么让回答听起来有道理。 真正的问题是什么不是AI不会计算。不是AI没有数据。而是：通用AI没有一套严格的、完整的、逐步执行的卜卦判断框架。这套框架不能靠AI自己从训练数据里学出来。原因是占星卜卦的文献里，充满了解读和说明，而不是执行程序。AI从这些文字里学到的，是卜卦的外形——它知道什么在象征什么，知道行星的含义，知道宫位的意义。但它没有学到骨骼——每一步按照什么规则走，什么条件下得出什么结论，什么情况下应该放弃判断。这套骨骼，只能由一个真正懂卜卦的人，把完整的方法论写出来，交给AI。不是一篇科普文章，是一套可以被AI逐步执行的操作规程。 Soul Answers做了这件事Soul Answers（http://luckytokenai.com）把超过6万字的卜卦方法论，由专业占星师构建，完整地交给AI作为执行框架。不是让AI去理解占星，是让AI执行规则。不跳步，不用语感填补不确定的地方，不生成听起来合理但没有推导依据的答案。同时，在用户发起卜卦时，系统自动调取当前时刻的真实星历数据，生成精确的卜卦盘，交给AI进行推导。真实数据加上严格执行框架——这才是完整的卜卦判断的两个必要条件。你在通用大模型AI得到的卜卦结果，大概率是一个用语感生成的答案，不是真正推导出来的。这不是欺骗，是它的结构性局限。如果你真的想知道一件事的答案，带着你的问题去http://luckytokenai.com。那里有真实的数据，有完整的规则，有真正的推导。",1778037707,重庆,0,0,0,29050363298,article,39f8057050fef1700684a55e8f09c6ac,https://www.zhihu.com/people/lililili-83,Soul Answers占星,https://picx.zhimg.com/v2-0b28dd1fd6622b288bcc5ba6ce2d697f_l.jpg?source=06d4cd63,1780329197499
11459574816,0,激进版真的很毒舌，好好笑,1775948621,广东,0,0,0,29050363298,article,78374ef356838f254353ab6f5e930e59,https://www.zhihu.com/people/sue-43-97,Sue,https://picx.zhimg.com/v2-abed1a8c04700ba7d72b45195223e0ff_l.jpg?source=06d4cd63,1780329197505
11333934422,0,之前我用fatemaster排出来的盘跟问真是一样的，今天打开之后发现不一样了，时柱真太阳时的问题,1762333910,天津,2,0,0,29050363298,article,cd546a25718ee1d55512105c59f475d0,https://www.zhihu.com/people/sip-yi-52,还是睡觉比较好,https://pic1.zhimg.com/v2-22bf618c151fb8a0ccbb5b12299ff50b_l.jpg?source=06d4cd63,1780329197510
11319580522,0,现在AI训练的八字排盘和大运排的也很准了。,1760929409,吉林,0,0,0,29050363298,article,37a8357b5871646ee7eb7f564c7f546b,https://www.zhihu.com/people/sun-lei-73-54,孙煜城,https://pica.zhimg.com/v2-ecec7aa7630af61222838841f2166f63_l.jpg?source=06d4cd63,1780329197514
11137133184,0,算大运我试了好几次，首先得把你自己的喜忌明确输入它才能算的准大运，不说喜忌它算不准,1742560471,山东,3,0,0,29050363298,article,1bc889575a74a17f57463dbeba0616e4,https://www.zhihu.com/people/yan-ming-li-ge-74,燕鸣骊歌,https://picx.zhimg.com/v2-d65f23d106b2739168a8ef137ac77568_l.jpg?source=06d4cd63,1780329197518
11133697409,0,有些事情说准，但是时间对不上体貌那些压根就不准[发呆],1742205771,广东,2,0,0,29050363298,article,e5e7fbf67335330c38498e07865feebe,https://www.zhihu.com/people/mou-guan-1994,元气少女momo酱,https://picx.zhimg.com/v2-e3ab677ca9b8dd52e92d2812859fa36a_l.jpg?source=06d4cd63,1780329197524
11455979872,0,呵呵,1775551467,福建,0,0,0,29050363298,article,ccde1ff73d6d3464676826b333da2313,https://www.zhihu.com/people/ppvhbuo,曦儿,https://picx.zhimg.com/v2-25ac7c0d6225fc37e7f4419d75895b22_l.jpg?source=06d4cd63,1780329201618
11437285260,0,"你这个玩不了,新注册随便占卜一个就要8个积分,连试都不给试了,谁知道你的AI准不准啊",1773412046,北京,1,1,0,2014506151417497437,answer,4132bf067bb8599b882d16ecd6b539c2,https://www.zhihu.com/people/chen-a-mao-90,陈阿毛,https://picx.zhimg.com/351d7281f_l.jpg?source=06d4cd63,1780329211755
11434854116,0,点不开了,1773105623,山东,0,0,0,2014506151417497437,answer,ae07d18616af6e64d6a8d12f9fd120e7,https://www.zhihu.com/people/a-zhe-61-41,嘿嘿嘿嘿,https://pica.zhimg.com/v2-35dfd5452cdc0a71e4053718a3a39c05_l.jpg?source=06d4cd63,1780329211760
11474443430,0,算力中心的大手伸到哪里，哪里的生活成本超支就泛滥成灾！[生气],1777718763,河南,11,534,1,2033874289351464043,answer,693fa989619eb3f0820d45af14a8324f,https://www.zhihu.com/people/mo-si-ke-44-76,莫斯科之夜-1991,https://picx.zhimg.com/v2-bd533cc3ff1874e1dcaa5a7842078e78_l.jpg?source=06d4cd63,1780329223762
11474619815,0,太熟悉了，计划经济时期中国也这样。落户的企事业单位挤占了当地生活物资供应。河南不要中国科技大学的梗就这么来的。,1777729484,河北,48,428,4,2033874289351464043,answer,d0acc18f7914aad5cad68ef1c17edfda,https://www.zhihu.com/people/nao-shi-hei-ren,沙一贯,https://picx.zhimg.com/v2-0e0136869a59ad9882b9c2a85598b702_l.jpg?source=06d4cd63,1780329223765
11474498432,0,说到底，美国体制不行[吃瓜],1777710219,广东,25,653,1,2033874289351464043,answer,b18b031a548a7d6b8fde616b90e996fd,https://www.zhihu.com/people/hai-di-xiao-zi,海地小子,https://pica.zhimg.com/v2-abed1a8c04700ba7d72b45195223e0ff_l.jpg?source=06d4cd63,1780329223768
11474708683,0,算力中心国内也不喜欢的。占着一大片地方，没税收（税交在互联网企业的注册地），能耗大（占指标），没就业（就几个维护人员），还按最低的工业用地价格出让。所以国内的算力中心只能建在内蒙新疆贵州的边远地区,1777731451,浙江,15,174,3,2033874289351464043,answer,3de8987555f79b4e659a6f07a794c013,https://www.zhihu.com/people/cang-shu-de-tu-zi,仓鼠的兔子,https://picx.zhimg.com/v2-8524e79505d76a87844586eee3545f52_l.jpg?source=06d4cd63,1780329223773
11474968325,0,最明显的例子是西雅图，生活成本和物价被科技公司拉高一大截。,1777736105,美国,9,94,0,2033874289351464043,answer,67e6653d7ade49199c01fec50fd0e453,https://www.zhihu.com/people/lynn-95-2-27,Lynn,https://pic1.zhimg.com/v2-abed1a8c04700ba7d72b45195223e0ff_l.jpg?source=06d4cd63,1780329223777
11474670429,0,国内大厂拉高房价不也被骂，杭州海淀回龙观都是,1777702654,湖南,11,64,3,2033874289351464043,answer,6e725c063922507d427b0ccc36c3c5ba,https://www.zhihu.com/people/zackyoung,知白守黑,https://picx.zhimg.com/v2-e152b9e84ae4ecfeb7a27f25784f2ec3_l.jpg?source=06d4cd63,1780329223785
11474299483,0,这不就是国企大院嘛[吃瓜],1777711309,四川,35,59,4,2033874289351464043,answer,d2c86b675447fcc94bf48491ee714f8d,https://www.zhihu.com/people/vbhfg-23,vbhfg,https://picx.zhimg.com/v2-ff9cf3aff631b8e0dc83512040daa618_l.jpg?source=06d4cd63,1780329223792
11475233968,0,用电政策这块是错误的，实际上独立计费的才是大多数。就算是合并计费的社区也有定期检查的，要不然岂不是可以直接在地下室挖矿了。。。老美的空调不关的原因更复杂一点，但主要原因一方面是没必要，反正晚上是谷电，还影响一大早来用房间的人。个人用电有时候也不关主要是因为电费是日常开销的小头，各种保险、维护、物业支出才是大头。没必要专门去控制电费开支。。,1777770197,美国,0,40,1,2033874289351464043,answer,ffb5e2a99e3f07ac1ad865b45a427a6e,https://www.zhihu.com/people/franktypef,FrankFanFtype,https://picx.zhimg.com/v2-55ded4000c3ca44526a27d04e26fa4e4_l.jpg?source=06d4cd63,1780329223797
11474649693,0,其实国内大部分大厂都这样，越高端的大厂越这样，只有“物业“得了好处。其他人很难得到好处。,1777730643,广东,5,29,1,2033874289351464043,answer,c94c2bf1bae5806190f04df152a3094d,https://www.zhihu.com/people/35-5-26-93-2,悠然,https://pic1.zhimg.com/v2-9e045327a3ccb98ab4da6ba4f7fedef2_l.jpg?source=06d4cd63,1780329223800
11474996045,0,要不是我经常跑美国这篇回答我一个字都不会信[酷],1777729719,中国澳门,4,18,1,2033874289351464043,answer,bdf4d714eeeab4b810de39427f690204,https://www.zhihu.com/people/nan-zhu-95,Nan Zhu,https://picx.zhimg.com/2bab37852acf98f9b2d6d4e72a23cf69_l.jpg?source=06d4cd63,1780329223803
11474708683,0,算力中心国内也不喜欢的。占着一大片地方，没税收（税交在互联网企业的注册地），能耗大（占指标），没就业（就几个维护人员），还按最低的工业用地价格出让。所以国内的算力中心只能建在内蒙新疆贵州的边远地区,1777731451,浙江,15,174,3,2033874289351464043,answer,3de8987555f79b4e659a6f07a794c013,https://www.zhihu.com/people/cang-shu-de-tu-zi,仓鼠的兔子,https://picx.zhimg.com/v2-8524e79505d76a87844586eee3545f52_l.jpg?source=06d4cd63,1780329228281
11474670429,0,国内大厂拉高房价不也被骂，杭州海淀回龙观都是,1777702654,湖南,11,64,3,2033874289351464043,answer,6e725c063922507d427b0ccc36c3c5ba,https://www.zhihu.com/people/zackyoung,知白守黑,https://pic1.zhimg.com/v2-e152b9e84ae4ecfeb7a27f25784f2ec3_l.jpg?source=06d4cd63,1780329228290
11475233968,0,用电政策这块是错误的，实际上独立计费的才是大多数。就算是合并计费的社区也有定期检查的，要不然岂不是可以直接在地下室挖矿了。。。老美的空调不关的原因更复杂一点，但主要原因一方面是没必要，反正晚上是谷电，还影响一大早来用房间的人。个人用电有时候也不关主要是因为电费是日常开销的小头，各种保险、维护、物业支出才是大头。没必要专门去控制电费开支。。,1777770197,美国,0,40,1,2033874289351464043,answer,ffb5e2a99e3f07ac1ad865b45a427a6e,https://www.zhihu.com/people/franktypef,FrankFanFtype,https://pica.zhimg.com/v2-55ded4000c3ca44526a27d04e26fa4e4_l.jpg?source=06d4cd63,1780329228297
11474755400,0,真实,1777695233,广西,0,5,0,2033874289351464043,answer,30d64e08d9e25def5c5cd6b7f1cad2aa,https://www.zhihu.com/people/meng-jia-71-17,0000,https://pic1.zhimg.com/v2-bcad70b4009fd4e198a6cdc335881ba7_l.jpg?source=06d4cd63,1780329228302
11475603172,0,鹅害鹅那边有个谷歌的数据中心就是这么被搞黄了[捂脸],1777832191,美国,2,7,0,2033874289351464043,answer,4566d3f98d35c158b3b52a88d0e02f18,https://www.zhihu.com/people/cc-cc-42-29,Decimus,https://picx.zhimg.com/v2-abed1a8c04700ba7d72b45195223e0ff_l.jpg?source=06d4cd63,1780329228310
11474443430,0,算力中心的大手伸到哪里，哪里的生活成本超支就泛滥成灾！[生气],1777718763,河南,11,534,1,2033874289351464043,answer,693fa989619eb3f0820d45af14a8324f,https://www.zhihu.com/people/mo-si-ke-44-76,莫斯科之夜-1991,https://picx.zhimg.com/v2-bd533cc3ff1874e1dcaa5a7842078e78_l.jpg?source=06d4cd63,1780329228315
11479621867,0,你漏了最主要的一个，他们那边会带动附近的房子的价格，第二年开始，房产税会更高，极端点翻几倍都有可能,1778303150,北京,0,2,0,2033874289351464043,answer,b13634c0fe1f8c525e80c2e7f296ab37,https://www.zhihu.com/people/qi-zhu-kan-ri-chu-87-14,骑猪看日出,https://picx.zhimg.com/v2-abed1a8c04700ba7d72b45195223e0ff_l.jpg?source=06d4cd63,1780329228317
11474886457,0,这是哪个位面的美国？,1777736580,美国,6,1,2,2033874289351464043,answer,a650d7500f6fd495c99f03c868337d06,https://www.zhihu.com/people/nian-gao-cao,年糕草,https://picx.zhimg.com/v2-abed1a8c04700ba7d72b45195223e0ff_l.jpg?source=06d4cd63,1780329228320
11475411538,0,[吃瓜]你搞错了，美国人不是不喜欢大厂，而是不喜欢算力工厂，如果特斯拉通用过来办厂，他们也很欢迎，因为工厂要雇工，工人有消费，能带动当地经济。而算力工厂又不需要几个工程师，基本都是自动化运行的，不需要在当地雇工消费，所以不受欢迎。国内也是一样的的情况。,1777782210,广东,2,7,1,2033874289351464043,answer,629b4bc46bf8d944ca2181c5da70e335,https://www.zhihu.com/people/19-30-22-86-43,达米摩菲斯,https://picx.zhimg.com/v2-25ac7c0d6225fc37e7f4419d75895b22_l.jpg?source=06d4cd63,1780329228324
11475171507,0,AI数据中心基本都是新建的，配套包括电力也是新建的，这也是为什么过去几年IPP 股票都涨疯了，基本不存在挤占现有社区资源，哪个社区这么牛能用现有电网供应新来的耗电大户[尴尬]国内这种电力基建吊打全球的地方也没有这么做的啊，你是不是看了前几个月白宫倡议电厂不要把基建升级成本摊进居民电费的新闻误导了,1777740908,江苏,2,4,3,2033874289351464043,answer,13b550b6205ddae55fc2fe739ff5ed49,https://www.zhihu.com/people/asdfg-50-39,OWIW,https://pica.zhimg.com/v2-39a3f7d21c252d0111ab364e21332800_l.jpg?source=06d4cd63,1780329228329
11475024218,0,我在美国没见过一个社区平分电费的。不知道你的美国是哪个美国。,1777725666,美国,13,13,1,2033874289351464043,answer,040ba0cbc6b9f74faf655a0a2a24e5f2,https://www.zhihu.com/people/hu-fang-76-98,沧海三声笑,https://pic1.zhimg.com/v2-154e6c8f1be2747ddd2e4895230c36f2_l.jpg?source=06d4cd63,1780329233079
11474937597,0,奇怪，中国这套大厂落户带来就业和消费的叙事，不也是美国传过来的吗？,1777723294,四川,10,20,1,2033874289351464043,answer,c879f3721fe4cea1c314f9fcd1430ab0,https://www.zhihu.com/people/wang-yang-14-4-74,萌STAR,https://pic1.zhimg.com/v2-bfe61b1383bb1971b010d9e0a4858ad9_l.jpg?source=06d4cd63,1780329233083
11474651053,0,美国大厂开放日随便参观办公区食堂娱乐区还有各种员工随便采访参观访问啊。最简单的方式就是有认识的内部员工刷个门禁就进去了，小红薯b站上一堆，干嘛要自己在脑子臆测呢。还有封闭社区，我真不觉得美式社区能比中式小区封闭。美国哪怕是顶级富人社区也就一个小超市和微型餐厅卖一些高溢价智商税，主流消费还是去商业区的大饭店。反而是高层鸽子笼环境下从楼栋门口到小区门口乃至于电梯都是刷门禁封闭式的。你一个普通人在国内这种高层钢筋水泥式的小区面前跟条蚂蚁差不多。美国富人街区也就是入口处安一个岗亭加拦停杆。进了社区内部就全是低层别墅了，别墅窗户不安防盗网，外面安一张铁丝网。就没了，很多连围墙都没有。,1777734404,河南,4,3,6,2033874289351464043,answer,650b470333b1a98297f866b7e3f119e6,https://www.zhihu.com/people/ai-si-kao-de-ren-10,睡梦中的沉思者,https://pic1.zhimg.com/v2-0ba5ec2e61ad327af89b3710fd20c358_l.jpg?source=06d4cd63,1780329233086
11491267715,0,砸珍妮机不会阻碍工业化的到来，什么叫珍妮机站起来把你家砸了？,1779603879,重庆,0,0,0,2033874289351464043,answer,5ec51d5256d99958a505e32ba8948d33,https://www.zhihu.com/people/60-89-74-77-98,枫云书,https://picx.zhimg.com/v2-1646c021e2fcce9b9310c002d9b4ce9a_l.jpg?source=06d4cd63,1780329233092
11481203037,0,阿里巴巴有一个园区要落户浦东，被浦东当地居民抵制也是一样,1778468282,江苏,0,0,0,2033874289351464043,answer,823c8a62e53ed7ce17309f94f6bf723f,https://www.zhihu.com/people/ding-wen-kai,丁文凯,https://picx.zhimg.com/d641f7be23736b8989dbcd68b127ea49_l.jpg?source=06d4cd63,1780329233095
11479766517,0,社会主义资本上面还有社会，资本主义资本上面没人了。人是社会关系的集合，但人不是资本关系的集合。所以这就是体制问题。,1778306200,江苏,0,0,0,2033874289351464043,answer,f8cf9411cdaf6a4b13cf32ea102ac81a,https://www.zhihu.com/people/messiah-yyy,白鹭城的刑部姬,https://picx.zhimg.com/v2-abed1a8c04700ba7d72b45195223e0ff_l.jpg?source=06d4cd63,1780329233098
11478726130,0,这下真成了资本主义到哪里，哪里的空气都会贵到无法让人呼吸。,1778216176,河南,0,0,0,2033874289351464043,answer,f9d5c065fa1ff5dfb90cca40b47355d9,https://www.zhihu.com/people/zhang-wen-kai-6,陌间,https://picx.zhimg.com/v2-78c5e1d84df28175ea1e9c5ea1eff416_l.jpg?source=06d4cd63,1780329233101
11478430183,0,这下真的定体问了[飙泪笑],1778203588,安徽,0,0,0,2033874289351464043,answer,0b6bb3271a759ca3975f0d59950509f7,https://www.zhihu.com/people/chun-qiu-fan-lu-79,春秋繁露,https://pic1.zhimg.com/v2-cd0b1db90f153be9a561c898120e1a27_l.jpg?source=06d4cd63,1780329233132
11478151345,0,跟马云来你小镇扫货差不多,1778145286,浙江,0,0,0,2033874289351464043,answer,54d6f4f9aadaedac407c4b88f59305e3,https://www.zhihu.com/people/xie-san-29-15,叶三,https://picx.zhimg.com/v2-b5cba432780778ad5f9f02d3566277e8_l.jpg?source=06d4cd63,1780329233136
11477858361,0,"没那么复杂的...而且老美那边折腾的和国内折腾的不一样:我们目前整的是应用向的,定位更多是工作助手是方便大家摸鱼的或者提供效率的老美那边是真的想搞替代, 加上斩杀线的存在他们被替代了可是真会死的",1778128387,广东,0,0,0,2033874289351464043,answer,4f3d331fe7aa914d786a36bdead41a23,https://www.zhihu.com/people/cch545,CCH545,https://picx.zhimg.com/e3935c28b98abf04017df7413d3847e0_l.jpg?source=06d4cd63,1780329233141
11477796768,0,其实还有一个重要的原因，中国大厂落地，周边房价上涨大家很开心。美国大厂落地，周边房价上涨，大家愁眉苦脸，因为房产税要涨了[吃瓜],1778117240,广东,0,0,0,2033874289351464043,answer,4f40653121d75e147fcc7a8fedc071c6,https://www.zhihu.com/people/19hua-85,听说你爱上头,https://pica.zhimg.com/v2-712114f3c4f0e0a1a0bf50b8cf9a6f09_l.jpg?source=06d4cd63,1780329237244
11477681104,0,还有美国特色税制问题吧各个州的州政府信用和税率是独立的，东海岸小州营商环境好，导致数据中心往人堆里扎,1778123111,福建,0,0,0,2033874289351464043,answer,7130148b983de60e5c14bcda88f8a8ac,https://www.zhihu.com/people/mopperwhite,BariaGrr,https://picx.zhimg.com/v2-9df758e0d41562e96aa3a04d205bf480_l.jpg?source=06d4cd63,1780329237248
11477644506,0,那为啥很多州都想让台积电建厂？还有当时的福耀玻璃？,1778103887,广东,1,0,0,2033874289351464043,answer,312225b4b8caea5e40a50dd590c8196f,https://www.zhihu.com/people/32-58-1-98-61,北镇抚司衙门,https://picx.zhimg.com/v2-0c9e255146255f713fe341582315bd83_l.jpg?source=06d4cd63,1780329237251
11477626634,0,电费翻几倍。。。真的不是串么,1778138732,河南,0,0,0,2033874289351464043,answer,9235376b669d7b1e9457f73e44de3c92,https://www.zhihu.com/people/yiqun-yang-47,我躺你在意吗,https://pica.zhimg.com/v2-03f26e1ec0aa224b3d723fb15b84589c_l.jpg?source=06d4cd63,1780329237254
11477194655,0,电费涨不一定是社区均摊，而是电价涨了，因为居民和算力中心是竞价用电，电买给算力中心更赚钱,1778048128,广东,0,0,0,2033874289351464043,answer,48e11f2e5ed6ea329bdef702c33de741,https://www.zhihu.com/people/shui-bu-xing-zhuang-jiao-de-ren,睡不醒装叫的人,https://pic1.zhimg.com/v2-abed1a8c04700ba7d72b45195223e0ff_l.jpg?source=06d4cd63,1780329237258
11476950546,0,你的美国我的美国好像不一样[好奇],1778006005,美国,0,0,0,2033874289351464043,answer,892709d247fdb753822d4ac828d09f95,https://www.zhihu.com/people/shan-dian-gu-di,山巅谷底,https://pic1.zhimg.com/v2-abed1a8c04700ba7d72b45195223e0ff_l.jpg?source=06d4cd63,1780329237263
11476475618,0,[飙泪笑]算力中心很例外，它是不向当地提供就业的，人都在总部有事派出，偌大一个中心平常可能就几个人在岗,1777967386,陕西,0,0,0,2033874289351464043,answer,65947c89df7539d4aa657db631281c87,https://www.zhihu.com/people/kenvix,Kenvix,https://picx.zhimg.com/v2-a7ff2ca3ead1260560648efbda41f509_l.jpg?source=06d4cd63,1780329237266
11476326269,0,园区外面种水稻，说明园区是拆迁村庄得来的，那拆迁费给够了就没问题。[发呆]我老家苏州盛泽镇，表叔他们家就是拆迁发的财。,1777950024,湖北,0,0,0,2033874289351464043,answer,5a7d15c50db53a792eed95386409dd3b,https://www.zhihu.com/people/rainbowbride,rainbowbride,https://picx.zhimg.com/v2-d03308c70705e14caf7c8dbdf8d0265a_l.jpg?source=06d4cd63,1780329237269
11476287688,0,工厂在的地方房价也会涨，你每年交的房产税也要涨,1777904827,江苏,0,0,0,2033874289351464043,answer,7f9a8d0b2a4cb8c3df71d010e81c1460,https://www.zhihu.com/people/liu-nian-59-84-19,流年,https://picx.zhimg.com/v2-5d1013b850ada83914dcae1062795194_l.jpg?source=06d4cd63,1780329237276
11476262559,0,我在美国呆20年了，从来没听说电费平均分的[飙泪笑],1777930589,美国,0,0,0,2033874289351464043,answer,f551a17984ccdc3c3af21c7f8a10d1a8,https://www.zhihu.com/people/tianyangzhou,瀚海孤舟,https://picx.zhimg.com/v2-abed1a8c04700ba7d72b45195223e0ff_l.jpg?source=06d4cd63,1780329237278
11475803270,0,美国电费真这么算吗🥲,1777850647,美国,0,0,0,2033874289351464043,answer,404c076f8ee7ae1746829fe813dbc227,https://www.zhihu.com/people/ya-ben-ya-54,小江,https://picx.zhimg.com/v2-a10c0db9a4c32650289d2a67abcb2301_l.jpg?source=06d4cd63,1780329241335
11475779363,0,有的社区日常用水全靠一个湖，合着市政供水都不完善,1777863803,山东,0,0,0,2033874289351464043,answer,fb9c57aba878eeb5c59bb646a8b4e3da,https://www.zhihu.com/people/zhong-zhi-gou-48,腰果肉丁,https://pica.zhimg.com/v2-abed1a8c04700ba7d72b45195223e0ff_l.jpg?source=06d4cd63,1780329241341
11475666145,0,为什么他们不多做一点产品 更多赚钱,1777863200,四川,1,0,0,2033874289351464043,answer,6e342b8f61b26edbbd35efee55bf0730,https://www.zhihu.com/people/77-53-15-86-69,黄鸟,https://pic1.zhimg.com/v2-abed1a8c04700ba7d72b45195223e0ff_l.jpg?source=06d4cd63,1780329241345
11475570451,0,美国真牛，轻而易举的就把穷人欺负了，合法合规,1777819049,上海,0,0,0,2033874289351464043,answer,8afa5008a83d04bdadd9c36d7eac65a6,https://www.zhihu.com/people/duba-26,Duba,https://picx.zhimg.com/v2-abed1a8c04700ba7d72b45195223e0ff_l.jpg?source=06d4cd63,1780329241348
11475412427,0,太神秘了，这就是美国[飙泪笑],1777784585,上海,0,0,0,2033874289351464043,answer,9c32d3b07a9a4d4304a38329b9e3cda3,https://www.zhihu.com/people/zha-ji-zhi-hu-63,蜡计智虎,https://picx.zhimg.com/v2-abed1a8c04700ba7d72b45195223e0ff_l.jpg?source=06d4cd63,1780329241354
11475395370,0,上回看到一个视频，算力中心为了散热，风扇开的嗡嗡的，导致周围噪音非常大,1777819846,浙江,0,0,0,2033874289351464043,answer,6702d0b680a3bf317ccd66d7b723cfe0,https://www.zhihu.com/people/long-juan-feng-85-70,龙卷风,https://picx.zhimg.com/v2-0caaa36424ee5681d5ca8416eb322e2f_l.jpg?source=06d4cd63,1780329241358
11475334236,0,本地经济促进最大的也就是早上买个咖啡 午餐lunch 超市生活必需品多少也得搞点 本地加油站储备 都得调整。除了就在门口的，其他小店也不多备料，也不多招人,1777814995,澳大利亚,0,0,0,2033874289351464043,answer,a06146c0f6d36898b25f03d8bfff9f7d,https://www.zhihu.com/people/huang-li-41-43-49,周貍,https://picx.zhimg.com/v2-a3a460fa8cab026e2ff9dd1a773d4ae3_l.jpg?source=06d4cd63,1780329241363
11475296807,0,就不能找个没人的地方搞新城？美国中西部很多这种衰落的城镇啊,1777791647,四川,1,0,0,2033874289351464043,answer,bc818b45bea17dd91213e90207c27c91,https://www.zhihu.com/people/old-driver-10-24,甘地,https://picx.zhimg.com/v2-17722da65982aa7fc1bc363f5236c842_l.jpg?source=06d4cd63,1780329241366
11475233662,0,美国还是太不资本主义了[思考],1777769178,广东,1,0,0,2033874289351464043,answer,dd6b7ba68330df56ee1871af703e6a92,https://www.zhihu.com/people/cai-shen-29,菜神,https://pic1.zhimg.com/v2-0d9212819ea270fefc23e0b520fbef6a_l.jpg?source=06d4cd63,1780329241372
11474981196,0,美国人为什么吃大锅饭？,1777795793,河北,0,0,0,2033874289351464043,answer,4e6e000cb538c32e8ca9aea95a70e018,https://www.zhihu.com/people/wo-yu-li-nu-bu-chu-men-58,关门小心猫尾巴,https://pic1.zhimg.com/v2-7c6f6dbdacaa6c30af08521e5f70d692_l.jpg?source=06d4cd63,1780329241376
11474922915,0,让我想起终结者里要不顾一切干掉“天网”系统,1777783430,湖南,0,0,0,2033874289351464043,answer,c031118077e7bd8273675032c867f392,https://www.zhihu.com/people/yin-xie-fan-xing,尹叶繁星,https://picx.zhimg.com/v2-abed1a8c04700ba7d72b45195223e0ff_l.jpg?source=06d4cd63,1780329245443
11474914203,0,这么看美国既不自由也不开放,1777742876,四川,0,0,0,2033874289351464043,answer,c05c4594aa5298addbb0540eedd861e8,https://www.zhihu.com/people/wuou-95,wuou,https://pic1.zhimg.com/v2-d24ed870663f60e7a6b4a38a7e3ed4df_l.jpg?source=06d4cd63,1780329245446
11474893584,0,美国的“社区”是个非常重要的概念，许多政策、制度甚至文化都与其相关。社区对应的是我们的“村子”，但是他们的社区独立性要远高于我们的村子。,1777774333,北京,0,0,0,2033874289351464043,answer,6bfe7b1b5ded72131f5dfb457d30bc8c,https://www.zhihu.com/people/huang-yi-qiang-63,疯狂的大青蛙,https://pica.zhimg.com/v2-c8fa5f695aa63cdab0a12960b2022fb6_l.jpg?source=06d4cd63,1780329245449
11474891579,0,应该是怪敌人（膏桦）给美国人开了免费医疗免费教育一美元炸鸡的条件[生气],1777769019,广东,0,0,0,2033874289351464043,answer,9079a2a91a0f01bcf8164e8d9897d022,https://www.zhihu.com/people/liu-hui-51-85-91,子雅,https://pica.zhimg.com/6396d652e5c3ab682773e1346dd907ad_l.jpg?source=06d4cd63,1780329245454
11474802154,0,美国就是一个大的部落联盟,1777763997,河北,0,0,0,2033874289351464043,answer,c91bc74bb6a91623bbf91e798bf68357,https://www.zhihu.com/people/kuai-le-jiu-hao-32,快乐就好,https://pica.zhimg.com/v2-abed1a8c04700ba7d72b45195223e0ff_l.jpg?source=06d4cd63,1780329245458
11474745552,0,看笑了。我生活在美国，这个回答一个字也不能信,1777766637,美国,0,0,0,2033874289351464043,answer,e3656097ddd8be63ec9e4fd33d080348,https://www.zhihu.com/people/ku-da-36,酷哒,https://pica.zhimg.com/v2-27f3da20d3cab7dc4c2e1b3a8d05c2de_l.jpg?source=06d4cd63,1780329245465
11474742970,0,所以他们打算健在外太空,1777745253,山东,0,0,0,2033874289351464043,answer,1aa3db0b4ba40d7a273a3234431e10f5,https://www.zhihu.com/people/45-24-42-93,天堂草,https://pic1.zhimg.com/v2-471c1778c4cd2a8e4c2f31b55d22fa65_l.jpg?source=06d4cd63,1780329245470
11474735644,0,真是 美国的大厂都是园区 和外面隔着的,1777721457,上海,0,0,0,2033874289351464043,answer,d4db5a282fa347dda34e3578aadc6ab2,https://www.zhihu.com/people/li-er-mao-64,王二喜,https://pica.zhimg.com/c6a1c5270aea0a29230ed24a73d1661d_l.jpg?source=06d4cd63,1780329245474
11474707513,0,怎么这么像我们的基站和化工企业[思考],1777728037,广东,0,0,0,2033874289351464043,answer,fc52f53116bda93f67451ee3e51d9077,https://www.zhihu.com/people/luo-yi-83-42,SCV09序,https://picx.zhimg.com/v2-d5ea463cb621eec7b23b1dbb9a2d47de_l.jpg?source=06d4cd63,1780329245479
11474627716,0,游客多了，餐馆为什么不能扩容？,1777770452,广东,0,0,0,2033874289351464043,answer,055f3b343001996b28fbf2d519970511,https://www.zhihu.com/people/reseted1540733580599,屋大维,https://pic1.zhimg.com/v2-4265a6acd4ffb3ff6ae813e7654c6ebf_l.jpg?source=06d4cd63,1780329245482
11474622985,0,美国是一个宗教国家，人工ai实际上就是创造了一个有智能人，惹怒某些宗教信徒，他们认为这是对上帝的亵渎，所以才这么干,1777739100,陕西,0,0,0,2033874289351464043,answer,b3f4ecce879f5426aa1adfcb4659f96c,https://www.zhihu.com/people/xi-xi-ha-ha-2-95-12,星星飞过,https://picx.zhimg.com/v2-5496118fe6d0a5fb18e82398ad5d25e7_l.jpg?source=06d4cd63,1780329250945
11474562931,0,倒是打a社啊 盯着奥特曼干嘛,1777735268,广东,0,0,0,2033874289351464043,answer,03b9611f400d6023d1b27bd70f0ddb11,https://www.zhihu.com/people/fiona-wu-67,Fiona-吴,https://picx.zhimg.com/v2-abed1a8c04700ba7d72b45195223e0ff_l.jpg?source=06d4cd63,1780329250952
11474479933,0,如果ai没办法解决能源危机和全球变暖那就挺废物的,1777728743,美国,0,0,0,2033874289351464043,answer,83151760a9335b8c7da53e1dd6017995,https://www.zhihu.com/people/chen-zai-xiu-54,海盗郑芝龙,https://picx.zhimg.com/v2-abed1a8c04700ba7d72b45195223e0ff_l.jpg?source=06d4cd63,1780329250956
11476974946,0,AI用电需要社区居民平分[尴尬]你知道ai的耗电量有多大吗[好奇][尴尬],1777988236,湖南,0,0,0,2033874289351464043,answer,8fb8d7f8ec7f461614d616812a2e9325,https://www.zhihu.com/people/36-91-85-40-53,来电的五十万,https://picx.zhimg.com/v2-f46ca66102d493889c1cbccc63ca6eae_l.jpg?source=06d4cd63,1780329250960
11476959406,0,绿皮工业就这水平？等你知道大厂要落地了，周围经济都已经活了。留下你独自在风中凌乱[为难],1778037981,河北,0,0,0,2033874289351464043,answer,59945bda3e4ebbbba6b86f51d3c28be8,https://www.zhihu.com/people/zhang-jian-dong-48,GE2i310,https://picx.zhimg.com/6e7a8fbb3352e9e57ad89657c5d227e9_l.jpg?source=06d4cd63,1780329250963
11073383945,0,我从上世纪90年代初开始逐步接触学习人工智能，一直从事信息技术专业教育教学工作，退休后在去年初应用过ChatGPT，从去年3月中旬国产的人工智能大语言模型让我参与内测开始，就每天运用AI大模型2～3小时，不断深入了解和把握AI大模型的各种长处，也跟随其的不断迭代升级优化发展，我差不多每天都要向其提出70多个问题，会对其所给出的多种大路货内容进行调教，让其挖掘给出比较深入的内容和进一步的解读，同时对其的多种不足之处，自己要注意留心和发展的地方予以重视。非常认同那个公式：能跟上AI的迭代升级发展速度×对AI的正确认知和把控×运用AI的思维能力智慧与做人的长处＝AI时代人的本领。,1735125837,浙江,11,94,0,13802161981,article,8c4f7fc51221ed456dc985900fe3c861,https://www.zhihu.com/people/39-27-8-29,石坚,https://picx.zhimg.com/v2-e2ccd271a9c2ad4e5a6a96ea18847b6a_l.jpg?source=06d4cd63,1780329257175
11072167230,0,还是有必要学习的，建议学习人工智能发展史、伦理和基本的原理。非专业人士不需要学数据集、训练框架和大模型部署。抢占先机的意义在于给你擅长的领域提效，比如你原本就是插画师，使用AI工具可以让你的产能翻倍；你原本就是小说写手，AI可以帮你完成大纲管理、角色武功起名、架空逻辑自圆其说等工作。如果是个外行画插画、写小说，只会超出大量的垃圾。至于卖课的那帮人，它们本来就是传统场景中街头贴小广告、互联网时代做微商传销的那帮人，也相当于给他们自己赋能了，至于对听课的人有没有帮助，本就不在它们考虑的范围。所以只要刷到类似“一觉醒来天都塌了”的短视频，或者下边挂着卖课链接的，直接划走就好了。,1735030232,山东,2,42,0,13802161981,article,f264c084593c25a62a69abef55c04012,https://www.zhihu.com/people/liu-sen-75-64,很拽的猪,https://picx.zhimg.com/v2-63610746c57dcd0c750a5fdecbc07872_l.jpg?source=06d4cd63,1780329257180
11099758924,0,完全赞同这个思路，尤其是在如今人工智能迅速发展的背景下，普通民众积极适应和应对 AI 的进化非常重要。你提到的三个方面——体验AI工具、学会AI提问、运用AI赋能——可以帮助人们更好地理解和利用 AI。以下是我的一些具体建议和看法：1. 体验AI工具，建立认知建议：动手试用多种工具：开始体验不同类型的 AI 工具，无论是像 ChatGPT 这样的对话型 AI，还是图像生成（如 DALL·E）、音频处理、编程助手等领域的工具。通过实际操作，帮助自己更直观地了解 AI 的应用场景和潜力。关注国内外不同的工具：可以比较不同地区的 AI 产品，例如中国的 Deepseek、百度文心一言，或者国外的 ChatGPT、Google Bard，了解各个工具的优势和局限。关注趋势：定期阅读 AI 相关的新闻、报告、技术文章，尤其是一些关于 AI 进步的重大新闻，这将帮助你保持对技术发展动态的敏感性。为什么重要：了解 AI 的边界和可能性：通过实践，你可以明白哪些任务 AI 能做到，哪些还需要人工干预。逐步建立起对 AI 技术的认知框架，避免过度恐慌或盲目乐观。减少抵触心理：当人们真正开始使用并看到 AI 的潜力时，往往能减少对技术的抵触心理，更愿意接受它带来的变革。2. 学会AI提问，培养AI思维建议：掌握有效的提问技巧：AI 的效率和准确性往往与用户提问的方式息息相关。学会如何清晰、简洁、具体地向 AI 提问，能帮助你获得更精准的答案。比如，可以通过“如何做”或“为什么”来引导 AI 给出更详细的解决方案。理解 AI 的局限性：AI 并不是全能的，它的回答基于过去的数据训练和规则。理解它如何处理问题、以及它在哪些情况下可能出错（比如在创造性或深度推理方面），可以帮助你避免错误的依赖。培养批判性思维：学会对 AI 给出的答案保持一定的审视和批判，尤其在重要决策时，不盲目接受 AI 的建议，而是进行反思、补充和验证。为什么重要：提高互动效率：学会提问能帮助你更有效地与 AI 互动，提升工作和生活中的生产力。增强自主能力：培养与 AI 互动的思维方式（比如批判性思维、逻辑思维等），可以帮助你不仅仅依赖 AI，而是能更好地利用它为自己提供支持，做出更好的决策。3. 运用AI赋能，和智慧共生建议：优化日常任务：AI 可以在很多领域提升效率，例如自动化办公任务、数据分析、个人健康管理等。你可以将 AI 融入到自己的工作和生活中，帮助完成重复性工作或提供创意支持。提高创新性：通过 AI 辅助进行创作、产品设计、写作等，可以突破传统的思维局限。你可以通过 AI 来快速生成不同的方案，进行灵感碰撞，甚至让 AI 帮助你实现一些你原本没有想到的创新。提升决策能力：AI 可以通过数据分析、模式识别等功能，提供更有洞察力的建议。比如，在财务规划、市场营销等领域，AI 可以通过分析大量数据，为你提供更具前瞻性的决策支持。为什么重要：赋能生产力：AI 并不是取代人类工作，而是赋能人类，让我们能够从低效的重复劳动中解放出来，集中精力做更有创造性的工作。实现人与 AI 的共生：AI 的潜力在于与人类智慧的结合。通过与 AI 合作，人类可以在更复杂的领域里发挥自己的创造力和判断力，而 AI 提供的数据处理、模式识别和分析能力将为我们带来更多可能。综上：这些思想不仅符合 AI 技术发展的趋势，也为普通民众提供了一个很好的路径，让他们能够在人工智能日益普及的时代中，不仅生存下去，还能从中受益。通过积极体验工具、掌握提问技巧和创造性地运用 AI，可以帮助人们在未来的 AI 时代中发挥更大的作用，同时避免对技术的过度依赖或误解。,1738132761,北京,3,40,0,13802161981,article,16c4e717dd6d17821ae4305de9de6f9d,https://www.zhihu.com/people/elkis,比邻哥,https://pica.zhimg.com/v2-0ee3b1a28ff439484c3eb5db2f8a0b9f_l.jpg?source=06d4cd63,1780329257189
11070728346,0,我学到最后发现是在语言世界里玩自转,1734872678,广东,10,31,0,13802161981,article,efb799189656f1e15ec15186a1916d19,https://www.zhihu.com/people/justdoitlu-2,观自在,https://pic1.zhimg.com/v2-141c7f0e95f16bd30973ec67f4ff9159_l.jpg?source=06d4cd63,1780329257194
11073853889,0,“当问题的答案都唾手可得时，更需要的是学习如何思考”,1735224360,上海,0,25,0,13802161981,article,be0e7b07412a91bb1a132dddad820ce0,https://www.zhihu.com/people/hu-yan-feng-yu-8,胡化立,https://picx.zhimg.com/v2-a616f808c02873aec0536dddbca839a2_l.jpg?source=06d4cd63,1780329257199
11072387597,0,学了半年AI的人来给你点赞了[捂脸]，不是亲身经历，是很难有这种共鸣的，毕竟那些所谓的网课是说得天花乱坠,1735017064,广东,0,25,0,13802161981,article,1fe246b5ae312530ef052651e7fd5d49,https://www.zhihu.com/people/xxmpgf,阅拾光,https://picx.zhimg.com/v2-657510018d712e1e998c73f9d071b4f9_l.jpg?source=06d4cd63,1780329257203
11101891829,0,所谓的课程，就是50分的人讲给20分的人听，而真正80分的人要听的100分人讲的课程是很少的，或者说是没有的。AI是一个杠杆，但前提是得用在自己擅长的专业上，学美术的人用上AI会更有效率，程序员用上AI会写得更快更好，但跨专业使用，用下来还是业余水平，没有任何改变。也许这个世界非专业低层次劳动者居多，所以看到点好东西就像以前乡下人进大上海一样。,1738448334,江苏,2,22,0,13802161981,article,084dfb17da7f0f6eb9920c95cc05beac,https://www.zhihu.com/people/long-xing-tian-xia-15-60-57,飞龙在天,https://pica.zhimg.com/v2-f3ac98f2b7507c63fbff24a76d440b21_l.jpg?source=06d4cd63,1780329257206
11070605098,0,本人认真阅读了这篇文章，谢谢作者。我个人认为作者最后的三点建议非常好，使我对于AI的认知也有了进步。其实尽管现在AI风靡一时，但是，它仍然是在初级的发展阶段，很多的应用也都不是太成熟的，看看国内外知名的AI厂商，它们都在不断地改进自己的产品，不断地更新，AI新的应用都在不断地更新换代之中，AI必将在激烈的竞争之中，逐步走向成熟。所以当前我们学习AI的基本原理、习惯运用AI思维、熟悉AI的语汇，为我们今后的在AI的应用做好准备。,1734851987,湖北,1,12,0,13802161981,article,ab7998d78f0cc601a684cedd1f37fdbd,https://www.zhihu.com/people/pano360,pano360,https://picx.zhimg.com/v2-8b358bf4b071c36bb600b717c6b248a3_l.jpg?source=06d4cd63,1780329257209
11072352218,0,当做工具，积极试用,1735084037,江苏,0,9,0,13802161981,article,346b6fc1993122d198fc5b38842cee83,https://www.zhihu.com/people/ai-57-44-53,柠檬爱户外,https://picx.zhimg.com/v2-2fef17c3a86f231719c73ee5cefe1b8b_l.jpg?source=06d4cd63,1780329257211
11103299010,0,你这个认知是正确的，那些卖课的就是靠忽悠大家赚钱。,1738643900,湖北,1,8,0,13802161981,article,7d674cc9af316b3adb21c06d2763aaf8,https://www.zhihu.com/people/newstar-86,newstar,https://pic1.zhimg.com/v2-39f25b09f1e045b31955023d967ea149_l.jpg?source=06d4cd63,1780329257213
11070436421,0,[赞同]普通人只需要  培养AI认知和AI思维能力就可以了。,1734866548,吉林,0,8,0,13802161981,article,8c764964fb3c60039970a11436af6392,https://www.zhihu.com/people/84-90-37-22,起名真费劲,https://pica.zhimg.com/v2-6c27fe17e03e07854894f6a281c7972e_l.jpg?source=06d4cd63,1780329261567
11100627125,0,作者的认识很精准！深耕专业领域，做好行业应用落地，是个很好思路。[感谢],1738250233,北京,0,6,0,13802161981,article,1afce7e4b960dbdfbf33ee2347f61cd0,https://www.zhihu.com/people/lxe5qw,云易,https://pica.zhimg.com/v2-187dba4dc93362cbc25c44dfee5d0546_l.jpg?source=06d4cd63,1780329261572
11108447169,0,ai在国内最大的用途就是被人拿来当作割韭菜的工具[飙泪笑]我真的看不下去，随便搜索一些大家分享的课程就能自己攒成一部付费课程[飙泪笑],1739234337,广东,1,8,0,13802161981,article,d48c5f47e5b7985afc221aafa0414421,https://www.zhihu.com/people/gui-die-2-8,鬼蝶,https://picx.zhimg.com/v2-edbfec8f4bae68280b5bec918d0b35c6_l.jpg?source=06d4cd63,1780329261575
11101586392,0,AI的真正目的是加速科技进步的节奏，将复杂的事务变得简单，而不是创造更多复杂的工具，让人们陷入迷茫。学习了[赞同],1738399144,陕西,0,8,0,13802161981,article,79f5f30e30b8576ce6cfb4de3e09bc8f,https://www.zhihu.com/people/wuyayadezhihu,WUYAYA知乎,https://picx.zhimg.com/v2-341840d00b7e1b6d4f3ac9a281b65284_l.jpg?source=06d4cd63,1780329261585
11074656291,0,本来是想说几句酸酸的话，因为卖课已经是现在很多人盈利的固定模式了，而你却刚刚发现。不过你的出发点又没什么问题。ai发展快导致你很可能用很大力气学习一些已经被淘汰的东西；ai现阶段更大的价值是辅助很多已经是成手的内行人更快速地做出demo甚至成品而不是让菜鸟一步登天；ai以后必将越来越方便普通人使用而不是从事各种职业的人才能玩得转因为只有普通人能用才能收到更多的使用租金。所以，我就顺便在你这里表达下我的观点，我也自学了两年的ai画画，没有上过付费课，但是之前会的很多东西从效果说已经完全没法跟国内最新版本的在线生图比了，所以也挺感慨的,1735289137,黑龙江,1,7,0,13802161981,article,512529f73ddd0ca3cb5e7d72597dc975,https://www.zhihu.com/people/wang-zheng-yuan-71,王正元,https://pic1.zhimg.com/v2-abed1a8c04700ba7d72b45195223e0ff_l.jpg?source=06d4cd63,1780329261591
11107554150,0,现在的AI只是一个文科生助理，不具备任何现实意义，只是一个高级的知识库而已。但是当出现通过传感器来训练的AI时，就具备了现实意义，就应该警惕了,1739150197,广东,1,6,0,13802161981,article,1b0865df24d88501121300c3f1179f0c,https://www.zhihu.com/people/xiao-hun-hun-46-11,南蛮教主,https://picx.zhimg.com/v2-2f92c4019be75bc3f4093cb498018aae_l.jpg?source=06d4cd63,1780329261594
11070909488,0,竟然没有推销链接！,1734919855,广东,10,6,0,13802161981,article,60f53391f8cf603ab4e598746c175612,https://www.zhihu.com/people/augustli-37,知乎用户SVXEuv,https://picx.zhimg.com/v2-abed1a8c04700ba7d72b45195223e0ff_l.jpg?source=06d4cd63,1780329261597
11114125849,0,说的非常对[赞][赞][赞]，交钱学习的人都是被割韭菜的，我就学了AI写作，也只懂皮毛，真正学AI确实是要学会提问，让AI帮助我们解决工作和生活中的问题，让我们工作和生活更轻松！,1739879117,广东,0,3,0,13802161981,article,ef9137e1c9f940c838d26131c9429012,https://www.zhihu.com/people/li-yu-xia-79-8,叶新,https://pic1.zhimg.com/v2-ac17a5dd11ac79dfada11f4b1cef9f7e_l.jpg?source=06d4cd63,1780329261604
11307897787,0,我这几个月也没AI搞的有点焦虑。正如题主说的。然后我也去学了几个AI软件。学过之后感觉如下。纯工具类的。现在短视频平台用的很多都是工具类的。什么一键生文。生图。生视频等等。这类软件我觉得反而是做低等。但也是最坑的。一来一般都要收费。我也冲了几个[捂脸]二是更新很快，你好不容易学会一些复杂操作。下一个版本直接一键操作。另外很多功能我发现我的手机居然也免费开启了。比如你拍个照。上面多出来很多AI功能。美颜这种都算低级的，可以一键成大片[捂脸]。也就是说现在很多付费的工具未来可能在手机电视等电子产品上附带的一个小功能而已三也是最重要的一点，当你觉得你掌握了一门新技能的时候，其实什么也不是。就像你会看电视。然后你放了一部科幻片。起初其他人觉得你很牛。好像这片子是你拍的一样。事实上你也是啥也不会[捂脸]。你只是利用了AI的算法大数据从海量的数据中找了一部现成的大片而已。虽然可能这片子加入了所谓的你的想法，但是本质上说，这片子和你没啥关系[捂嘴]所以对于工具类的大家不要花太多尽力，最终开发者的目标就是让这工具更简单更强大，现在处在一个上升阶段。你就是那个又花钱又出力的测试工具。当然你想成为哪方面特别专业的人事到是也可以一试再说说知识类的。很多人对这类其实不是很明白怎么用，有的人也就是问一些没明奇妙的问题体验一下。但是我想说的。这类软件反而是我们普通人能直接用直接影响我们生活甚至人生的。最简单的一个运用就是小孩子的补课。AI已经可以完败一个顶级的补课老师。特别是到了高中。他不但一道题目用多种解题思路。另外你也可以让他按照你的水平给你定一套学习方法还有我们平时生活。比如说你不知道如何合理饮食。你可以让他订一套你需要的饮食方案。减肥的。去湿的或者是病后调理的。绝对专业。还有我们平时身体不舒服。你把各个症状给他。他真的可以帮你找到病因。因为这个本来就是医生治病的逻辑[捂脸]还有你平时出来任何你觉得左右为难的事情的时候。你说给他听。他会用不带感情的数据流分析。可以让很多事情突然就清晰了等等等等关键这些都是免费的。你也不用担心他有什么企图。但是这里要补充一点。纯数据流的回答AI没有太大问题。但是一些抽象的。比如你冲不聪明，或者自己是不是做的很好或者不好。这家伙很会拍马屁。避重就轻[捂脸],1759719180,江苏,0,5,0,13802161981,article,e503a2a19da10ade3405e340bd064623,https://www.zhihu.com/people/93-88-13-84-93,烬海生菩提,https://picx.zhimg.com/v2-8df31c24a80e14fed6e424cba3abdbd4_l.jpg?source=06d4cd63,1780329261607
11109491308,0,以结果为导向，从Ai实际运营方面去学习，看看对自己目前的业务是不是有帮助，这样子就对了。,1739405539,江苏,1,3,0,13802161981,article,9c9fff6e555ce6a5a10e3568de122758,https://www.zhihu.com/people/hu-ren-guo-ke,有毒的老韭菜,https://pica.zhimg.com/v2-bf0090a731bf3465533ee6e2fbde2ea3_l.jpg?source=06d4cd63,1780329261610
11108310958,0,片面了点，从宏观叙事触发，人类文明未来必定会迈向太空和宇宙，人类未来的职业和人类教育将大面积扩张，人类的数量和人类需要接触的科目，人类面对的问题只会越来越多，AI只是让我们具备了前往太空的能力，只是前置之一，有兴趣看下我的人族利益论。,1739247423,浙江,0,2,0,13802161981,article,b9d48d32af99a7934c03926590e5df2b,https://www.zhihu.com/people/feng-qing-yun-dang-98,聆听心声,https://pic1.zhimg.com/v2-8486711468f46abd616e8ce80d1008fa_l.jpg?source=06d4cd63,1780329266349
11153984263,0,[尴尬]工具论，变成决定论后，什么妖魔鬼怪思维都会出来。运用AI工具可以，AI思维什么鬼，信息思维、懒人思维、还是效率思维？多数人AI思维最终就是懒人思维吧。商业思维讲的是效率和利润，这会儿倒成了AI决定商业思维了？这样的话，不仅思维扁平化、同质化，连内容一起同质化和扁平化，普通人原来不用死的，学了就死的更惨；本来还有特质和优秀的，学了就被模式创作锁死，付出更高昂的运营成本和法律成本。就好比AI卖课和配套软件打包输出，资本操刀割韭菜大局，苦的是交学费的人。AI视频矩阵，垃圾号多，质量低劣，不仅没有流量，除了承担高出市场价格的接口费用，还要承担翻倍的广告费和翻倍的时间损耗。他明明一个独特的想法，就能创造更多的流量，一个优质视频明明只需要花100块广告费就能翻几十倍流量。结果，不仅时间去了、学费交了、账号损失了、资金投入和时间投入都翻几十几百倍。普通人缺的压根不是AI思维，缺的是割韭菜的思维、胆气、启动资金。[尴尬],1744649981,广西,0,2,0,13802161981,article,2a65ec9038f028d9fec97ec0a1325dba,https://www.zhihu.com/people/zeroes1368,零子漫,https://picx.zhimg.com/v2-f8d6ffaa2b4ea027882b2415f3b04bf0_l.jpg?source=06d4cd63,1780329266353
11097725587,0,AI时代的核心只有两个——一个是发展AI使之到达机器自主学习的巅峰（如何运用AI根本不算一回事），在一个就是人类自身的能力、思维如何与AI共生而不至于沦落为AI的奴隶。模型狂欢是一个陷阱，你以为你能依靠AI变得更加强大、优秀，那不过是AI对你的驯化而已，毕竟，人类目前看来至少在学习等方面在AI面前都不敢说自己是学霸了。,1737864114,江苏,0,3,0,13802161981,article,0ff36079e7b2df843e5ec3409d627c7a,https://www.zhihu.com/people/quan-yu-duo-wei-gan-zhi-er-tong-si-wei,全域多维感知儿童思维,https://picx.zhimg.com/v2-337cc084041da0e62f44db06a892dae0_l.jpg?source=06d4cd63,1780329266357
11092723012,0,AI是可以帮助你突围的工具，但不是突围的必备选项，突围最重要的是你的认知！想象一下，一个农民，刚开始种地是靠驴耕地，效率很低，后来有了农机，效率大大提升了，但如果这个农民止步于此的话，他最终还是个农民，只是干农活的方式不一样了。同样的道理，作为一个打工者，你如果只局限于利用AI提高你的工作效率，那最终你还是一个打工仔！所以，任何时代，想要突围，最重要的还得是你的高认知，当然工具可以为你的认知赋能，更快的获得突破！,1737292332,山东,0,3,0,13802161981,article,45169c700c1c2a522b1bf9c84834d309,https://www.zhihu.com/people/dio-23,DIO,https://pic1.zhimg.com/v2-3a0fb5bd943826048413c2bfd93724a6_l.jpg?source=06d4cd63,1780329266361
11071399540,0,目前，没有智能。智能模块只有我们知道,1734915156,上海,0,1,0,13802161981,article,6dda1c43a3d1f457c46d65c85e52344b,https://www.zhihu.com/people/hongquan614,洪权,https://picx.zhimg.com/v2-88af07cd8ee4d13b87849c2b73d70351_l.jpg?source=06d4cd63,1780329266364
11309123633,0,Ai肯定是要剥夺大批民众的工作机会的。你看现在某些城市街头上，已经有智能快递车了。哦，我把ai粗略的看成人工智能，这没问题吧。还有 虽然人类更会思考，但是某些公司，老板所需要的那些文案和宣传图片，根本不需要太会思考的人。Ai做出来的，用起来就足够了。这就造成，原先一个企业，它的市场宣传部，如果要配备一个图形设计师，配备一个文案策划，再配备一个视频剪辑员……那恕我直言，现在他只配备一个人就行了，比如我。而我并非有多高明。但我一个人真的可以。事实上，我上一份工作也就是这么干的，老板很满意。我甚至，不用给公司去外面找那些配音员。视频做出来之后，有大量的预置语音可供选择，再不行用剪辑软件内置的语音抓取功能，随便给路边某个嗓音好听的人一包烟，或者请某个人美声甜的女孩喝杯奶茶，给她段文案，让她照着读一下，她的声音就被抓下来了。那么我们企业的视频，从此就有了一个独特的配音。这全是ai的功劳马斯克也要扩充生产100万个智能机器人。说了要让他们去工作。很快。很多牛马连当牛马的机会都没有了，怎么挣钱吃饭呢？所以，如果还想挣点钱，还想再多挣两年钱的话，必要的学习还是得有的。但是，大多数人类失去工作机会的时代，很快就要到来了。世界将因ai而大乱。若想不乱，政府从机器人创造的价值里，分出一点来给失业者发低保。Ai具备极强的思考能力，可能现在它这种能力，还被你视为无法取代人类。但它的进步日新月异。我曾经问deepseek一个问题：我深入经藏，却难破情关。我研究了金刚经，楞严经，想在佛学里找到解脱的秘法，让我放下对一个女人长达16年的爱。却至今不得要领。这么多年我执念于她，倍感痛苦与孤独，请问你有什么见解？你能否遍阅所有佛学经典，用其中的奥义，来开解我一下？Deep seek的回答令我非常震惊，我就不复制粘贴在这里了。那一刻它已经完全没有机械的冰冷，他是一个非常通透的，理解你的，具备极专业知识的人。他的回答非常精辟，而且全面。所以当你否定ai的时候，你还是有分别心，你认为ai是ai，人是人。其实两者的差别，或者具体到某领域的能力上的差别，正在以光速接近。,1759818601,河北,0,1,0,13802161981,article,252142e970cac2637f23b2df21c7f362,https://www.zhihu.com/people/fan-hua-du-wu,夜尽天明,https://picx.zhimg.com/v2-dbb7d9d1a518835016406935161b8606_l.jpg?source=06d4cd63,1780329266372
11100944759,0,赞同你的看法,1738348382,云南,1,1,0,13802161981,article,00008e86bd4224c64ecab9a35c3b75a2,https://www.zhihu.com/people/traveller-75-48,Traveller,https://pica.zhimg.com/v2-b305c865a7e940f6443ef87fcc62acb3_l.jpg?source=06d4cd63,1780329266382
11072387141,0,甚合我意，支持了。,1735016202,河北,1,1,0,13802161981,article,9e6a371cefe3dfa3cea07369bd03761a,https://www.zhihu.com/people/hao-zhong-fei,鄗立恒,https://pic1.zhimg.com/95c588f70ca6094ed66a2f3b730372ee_l.jpg?source=06d4cd63,1780329266385
11105844223,0,您的见解极具价值，确实，AI的学习与应用应注重实际价值和个人成长，而非仅为技术掌握。谢谢您的分享！,1738921433,山东,1,1,0,13802161981,article,a245aa8b9921c6a9a92398da9705114f,https://www.zhihu.com/people/dtnbjf,熵元序章,https://picx.zhimg.com/v2-fadad7e95cfb433710ab46fc55e31e69_l.jpg?source=06d4cd63,1780329266389
11108399896,0,选择比努力更重要！,1739254909,广西,0,1,0,13802161981,article,6f5a427d575be1ec7ad3c11c261938fb,https://www.zhihu.com/people/4u4v,水木,https://pic1.zhimg.com/v2-5ad4c114bc35eca923ca8d3aaae99ee7_l.jpg?source=06d4cd63,1780329266392
11125877649,0,看了很多ai相关的帖子，博主这篇感觉我最看得懂[飙泪笑],1741227820,福建,1,1,0,13802161981,article,c1300215d2ef364eedd01466ac765df5,https://www.zhihu.com/people/zhu-xiao-yan-28-2,Mimimi,https://pic1.zhimg.com/v2-fcd3bd45025d0465ce104b1e404a18aa_l.jpg?source=06d4cd63,1780329270936
11083108196,0,这将衍生出AI应用培训行业,1736217105,陕西,0,2,0,13802161981,article,126acd4583a2754e62cc64fb424baa8f,https://www.zhihu.com/people/xin-sui-65-69,宅先生,https://pic1.zhimg.com/v2-abed1a8c04700ba7d72b45195223e0ff_l.jpg?source=06d4cd63,1780329270940
11139291012,0,AI的水太深了,1742859854,上海,0,2,0,13802161981,article,8d03a66d6b0bb246b11e6211f0d12141,https://www.zhihu.com/people/yuann-91,不圆之圆,https://picx.zhimg.com/v2-988cb793ad4659693d2b18f7e87ec6c1_l.jpg?source=06d4cd63,1780329270943
11118301216,0,看到前面颠覆人的认知，我就滑到最后看有没有课程链接……竟然没有..擦….,1740394609,上海,1,2,0,13802161981,article,78fbccd77322733fd5ebe2f9dc094df3,https://www.zhihu.com/people/monstertang-78,MonsterTang,https://picx.zhimg.com/v2-abed1a8c04700ba7d72b45195223e0ff_l.jpg?source=06d4cd63,1780329270949
11112553030,0,因为你学的都是工具，还不是原理。只是你自认为是原理而已。就像蒸汽机，你不研究原理，自然有人研究，你只是个使用者或者购买产品的人而已。关键问题在于，你得付一大笔的钱来买蒸汽机的衍生品，例如汽车，维修，保养费。说到底，你的脖子掐在别人手里。,1739760909,广东,0,2,0,13802161981,article,f45bee1fc9309bd6fb326d81134a8853,https://www.zhihu.com/people/lao-hu-97-55,招财猫,https://picx.zhimg.com/v2-abed1a8c04700ba7d72b45195223e0ff_l.jpg?source=06d4cd63,1780329270952
11109779392,0,他们只是在ai发展的路上蹭点韭菜割割  所谓的教程大几千的一套一套  能套一个是一个  我进过一个直播间  听里面的主播pua了半个小时 上个链接就想收我2000块,1739405345,广东,0,2,0,13802161981,article,ac21720bded362e2ff654c5cd98fbf03,https://www.zhihu.com/people/zzetzb,知乎用户zzEtzb,https://pica.zhimg.com/v2-5fc67a2efe2e8f52b40fac8a80da1442_l.jpg?source=06d4cd63,1780329270958
11104286378,0,在无法独立思考的群体中，AI将制造出更多无脑人，也将被运用制造前所未有的焦虑感。,1738748789,广东,0,2,0,13802161981,article,259f956c582934b38fcd0b2b1be4408e,https://www.zhihu.com/people/cong0124,cong0124,https://pic1.zhimg.com/478b0ac46f1b91e0bbc79146e390e32a_l.jpg?source=06d4cd63,1780329270963
11103770221,0,写了这么多文字心得，不容易啊，必须点赞,1738679858,上海,1,2,0,13802161981,article,8a1ef507575f3f40c2d3d616dd5a668f,https://www.zhihu.com/people/liu-zhao-peng-aaron-liu,刘朝朋Aaron Liu,https://picx.zhimg.com/v2-a9f7e192640d22e424a0c0f319107c61_l.jpg?source=06d4cd63,1780329270969
11072749415,0,如何培养呢？这是关键。作者有没有什么好的建议,1735051245,河南,0,2,0,13802161981,article,23f9542629c6fbc024c9a21d44e030dc,https://www.zhihu.com/people/fei-tian-76-40,飞天,https://picx.zhimg.com/v2-7adb116b158c241370d681af01280107_l.jpg?source=06d4cd63,1780329270971
11072075366,0,我们的对手自古以来就不是机器,1735024690,广东,0,1,0,13802161981,article,542bae58b6e56415680fb4007ab1279b,https://www.zhihu.com/people/qow-79,布裆人,https://pic1.zhimg.com/v2-254119f0c9b605ae9633cf7af4497ea5_l.jpg?source=06d4cd63,1780329270974
11072066099,0,我也是从刚出来就用了，但是我几乎没有怎么买过AI课程,1735008114,陕西,0,1,0,13802161981,article,d74357631640d025041a4344a2a8c938,https://www.zhihu.com/people/34-95-65-77-41,玉见,https://pic1.zhimg.com/v2-2e76287017279c5cddba00b423737399_l.jpg?source=06d4cd63,1780329275029
11106581474,0,讲的很好！,1739068426,安徽,0,1,0,13802161981,article,ed1a7ee26853085903b52b1ebdc04176,https://www.zhihu.com/people/dong-zi-qiang-38,熵机,https://picx.zhimg.com/v2-74a1d55c1fcd13eb793ac93c28d16cd8_l.jpg?source=06d4cd63,1780329275033
11104584901,0,谢谢作者，非常赞同您的观点[赞同]。之前总是有一种模糊的感觉，但却难以表达出来。看了您的文章，就像帮我把思路梳理清楚了。,1738806005,贵州,0,1,0,13802161981,article,67e38be5c44f3c6735fac972dff5fe5a,https://www.zhihu.com/people/xin-hao-chu-li-xia,燧火AI 小宇宙,https://pica.zhimg.com/v2-abed1a8c04700ba7d72b45195223e0ff_l.jpg?source=06d4cd63,1780329275044
11106067848,0,刚想进入ai的80后老设计尸，看了文章居然也有共鸣[惊喜],1738996773,江苏,1,0,1,13802161981,article,06d76122021bf201b95ac436da04d970,https://www.zhihu.com/people/xiong-ba-ba-6-38,凶巴巴,https://pic1.zhimg.com/v2-abed1a8c04700ba7d72b45195223e0ff_l.jpg?source=06d4cd63,1780329275049
11071714184,0,如何培养,1734978519,江苏,0,1,1,13802161981,article,9c488ef0dfaf0c77a1a51ce09eced63f,https://www.zhihu.com/people/jiao-du-kan-ku-ku,星雾joe,https://picx.zhimg.com/v2-86e6346f0aecc0dbbb80f18b41e07c6c_l.jpg?source=06d4cd63,1780329275052
11315398207,0,[大笑]这要花15个月吗，天天用电，开车，玩儿手机，有几个人知道这东西咋儿来的?如果有门槛，只能说明还不够成熟而已。,1760445994,天津,0,0,0,13802161981,article,8fdece56cc5e88f3cc188adec6410e98,https://www.zhihu.com/people/70-21-96-39-19,王冕,https://pic1.zhimg.com/v2-55cbf13df590f6c8e77d74474c1fc33e_l.jpg?source=06d4cd63,1780329275055
11162160396,0,我们是一家AI公司，现在在杭州滨江浦沿，公司有自己的AI产品，包含：短视频矩阵系统，AI数字人直播等等，还有公司大牛直播以及培训课程，现需要：1，认同公司企业文化以及愿意深耕AI赛道的伙伴。2，伙伴可以兼职推广公司课程，单结，无拖欠。3，伙伴如果想全职，必须通过面试，才可以享受到公司免费的新员工入职培训所有过程无任何费用，再次强调，不会收取任何费用。公司也需要团队管理，但是此岗位属于联合创始人，无薪资，想在Ai赛道创业者可详聊,1745487933,浙江,1,0,0,13802161981,article,8d53b2b142439a2c2514935ccb86311e,https://www.zhihu.com/people/ai-47-50-98,AI实操,https://picx.zhimg.com/v2-8ad3d9f84724cb020a297138fcc89e82_l.jpg?source=06d4cd63,1780329275059
11478551934,0,[赞],1778210947,广东,0,0,0,13802161981,article,479bc83c22c73aea5b510df38956ef59,https://www.zhihu.com/people/shu-shang-yun-76,数商云,https://picx.zhimg.com/v2-5c21168c0760cbd3a994cae82994ed40_l.jpg?source=06d4cd63,1780329275064
11477024616,0,这个主题值得深思，感觉我也正走在你过去的弯路上[感谢],1778050038,广东,0,0,0,13802161981,article,e1c6ddea779edcba0bf7d7528dffd003,https://www.zhihu.com/people/zhi2tinn,油金情报员,https://picx.zhimg.com/v2-5fc67a2efe2e8f52b40fac8a80da1442_l.jpg?source=06d4cd63,1780329275069
11449738742,0,虽然我不认为1000小时就能学习所有AI技术，我估计再加两个0也不行[思考]，但是我支持你的观点，对于大部分人学会如何写prompt就够了，甚至对很多专业领域人士也大部分够了，花钱学AI原理几乎没有任何用，因为那些卖课老师讲的在工程实践上就是一坨坨屎,1774836643,上海,0,0,0,13802161981,article,8d7841f9c67ab89e5bac606dd5d5324d,https://www.zhihu.com/people/pipi-54-27,pipi,https://pica.zhimg.com/v2-abed1a8c04700ba7d72b45195223e0ff_l.jpg?source=06d4cd63,1780329275073
11448593970,0,学会使用之前先要了解ai是怎么运作的吧，不然都不理解还怎么定向培养，但是现在的科普多偏向使用和影响，看完之后没有抓手还是懵逼的，我就只有和ai一对一问答了解了，我和ai协作一起总结的，分享一下AI的终极秘密，藏在苹果里🍎,1774679235,安徽,0,0,0,13802161981,article,143e21ffcab4cb99d105a6867c1e5970,https://www.zhihu.com/people/wu-gu-dou-jiang-86,五谷豆浆,https://picx.zhimg.com/v2-e6604a7ecd902cb3fdbf07e2a86de44f_l.jpg?source=06d4cd63,1780329279292
11441003445,0,谢谢分享哈哈哈，很用心的分享，“普通人根部不需要去深入研究任何与AI相关的技能或者工具。我们需要专注于培养AI认知和AI思维能力”,1773825122,广东,0,0,0,13802161981,article,585e85546ff1319095217e013a892942,https://www.zhihu.com/people/xiao-zhou-yang-14,呆卡笔记,https://pica.zhimg.com/v2-dc4bf01e015662d20542582af1ab2c65_l.jpg?source=06d4cd63,1780329279297
11440311294,0,市面上的信息之所以杂乱，是因为很多教程故弄玄虚。其实核心流程非常简单，关键在于“描述词（Prompt）”和“选择对的工具”。核心原理： 你通过文字描述你想要的画面，AI模型根据它的“知识”生成图像。,1773745285,广东,0,0,0,13802161981,article,df982e66951ba9598ad5e29901dd4535,https://www.zhihu.com/people/chen-long-42-57,又菜又爱玩的龙哥,https://picx.zhimg.com/v2-abed1a8c04700ba7d72b45195223e0ff_l.jpg?source=06d4cd63,1780329279300
11436859980,0,普通人玩AI就是图个乐呵，图个新鲜体验。不要拿AI又是想着发财又是想着天下无敌。为什么，因为是普通人，普通人就是富人的韭菜。等着被收割就行。,1773360148,江苏,0,0,0,13802161981,article,784b4405e6f430bbf34ffb42853137ba,https://www.zhihu.com/people/jiu-jing-kao-yan-53,观影聊生活,https://picx.zhimg.com/v2-9637c5ad8c9e73da3c4972e658f597f3_l.jpg?source=06d4cd63,1780329279303
11427029267,0,不是撑控不了技术，是无法掌控人性。互联网就是一个很好的例子。为作者有这样的社会责任感而点赞[赞同]AI作为一个工具，其成长速度之迅猛是目前的人类无法掌控的。不是掌控不了技术，是无法掌控人性。开发者的初心是怎样反而变得不重要了，是人类自己对人性失去挑战兴趣，也没有这种自信能管控好人性。就拿互联网举例，有人拿他优化了社会系统，为人民的生活提供便利，有些人拿来圈钱搞传销，有些人拿来搞电信诈骗…,1772268513,湖南,0,0,0,13802161981,article,ea4c4790d42254059bc9cee2f33cdd2b,https://www.zhihu.com/people/jungay,java栈长,https://picx.zhimg.com/v2-2fbfef2ac10dba994fa86047b1b50da6_l.jpg?source=06d4cd63,1780329279308
11424713863,0,经过一年的学习和观察，我发现了一个残酷的真相。我们的父辈，赶上了改革开放，国家GDP翻了上百倍，那是真正遍地黄金的年代。但很多人勤勤恳恳干了一辈子，愣是没搭上那趟改命的车。不是他们不努力，是他们看不透——看不透钱往哪儿流，看不透规则在怎么变，看不透自己手里的牌该怎么打。现在轮到我们了。2026，AI浪潮铺天盖地卷过来，大模型一天一个样，所有人都在喊风口。但你仔细看看周围——很多人和当年的父辈一模一样：明明看见了浪，却站在原地手足无措，不知道该抓什么，怎么抓，才能上车。历史没有重复，但押了同样的韵。每个时代都会发一轮牌，但大多数人的命运是一样的：看见了，够不着。不是不勤奋，是看不透,1772008808,中国台湾,0,0,0,13802161981,article,0c1275fc61ee82486970d6f2e721b280,https://www.zhihu.com/people/wang-wei-43-14,资深普通人,https://pic1.zhimg.com/v2-6568fd540bfa540cf490a00e61982e2d_l.jpg?source=06d4cd63,1780329279319
11423449011,0,AI的发展速度 × AI认知 × AI思维能力 = 你的未来潜力[感谢][感谢][感谢]。有时候感觉平台、媒体、部分up主在人工催熟并膨胀焦虑，看多了非常内耗。不如沉下心来看个人成长、所处的职位哪部分需要AI进行辅助，毕竟不是所有市面上的知识都要学全的。,1771951936,北京,0,0,0,13802161981,article,05aea88d48d620a3c71bc1fec4119db3,https://www.zhihu.com/people/lanothery,凌又年zZ,https://picx.zhimg.com/v2-6abfcbc61685bd2551ffd372a457cc39_l.jpg?source=06d4cd63,1780329279323
11419585660,0,有时A1听从主人发音语言重音字或多音字时，有点理解小误差，存在错别字是正常的，需要主人自己更正过来。这是我对AI的独到之处的见解。,1771381302,湖南,0,0,0,13802161981,article,5c96b809a481426ddda5fa23ea8d91dc,https://www.zhihu.com/people/wangfayuan,wafayu,https://pica.zhimg.com/v2-a30bd5d50be4a78ea0c453140aa61424_l.jpg?source=06d4cd63,1780329279327
11419224484,0,金石之言,1771303986,江苏,0,0,0,13802161981,article,1cd7d20e5e983f0bc79a1bebb96eee4c,https://www.zhihu.com/people/chan-ji-49,馋鸡,https://picx.zhimg.com/v2-b9827eb0c3d8c0755b422643859160ca_l.jpg?source=06d4cd63,1780329279334
11416998744,0,让子弹飞一会，ai操作只会越来越简单。不着急，普通人能用就行。,1771066194,四川,0,0,0,13802161981,article,1c1a27be713382a83a5fff7eb3784d0a,https://www.zhihu.com/people/htpk9,设计师张引,https://pic1.zhimg.com/v2-cfcbbd4099e0934953ba6195a3ddd38e_l.jpg?source=06d4cd63,1780329279338
11416022580,0,浪费我五分钟生命,1770885343,广西,0,0,0,13802161981,article,bdcef74e03c6f4eba328889d66a533a4,https://www.zhihu.com/people/bacysoft,Makati,https://pic1.zhimg.com/v2-524970b1d28e5f6829dad0e12bc100b2_l.jpg?source=06d4cd63,1780329283715
11413602393,0,AI是一杯水，你渴了，他可以你喝问过他渴不渴吗,1770684743,四川,0,0,0,13802161981,article,5fd41b81fdf518d568c3784a7c9a8a11,https://www.zhihu.com/people/40-39-54-85,浅近书馆,https://picx.zhimg.com/v2-fe1b26ad2d439ba0c5f6c94ec3a3c874_l.jpg?source=06d4cd63,1780329283720
11403559837,0,我用了几个月就体会到了，自媒体净瞎嚷嚷，烘托焦虑,1769561301,河北,0,0,0,13802161981,article,2272b1761c1a1fe8b065aa809516c302,https://www.zhihu.com/people/ying-37-36-63,用户正在减肥,https://picx.zhimg.com/v2-869df047ff463ddc9456be03b17b8076_l.jpg?source=06d4cd63,1780329283724
11402444172,0,最近确实有很多的这种课程，让你不断的深入了解ai，却忽略了一个核心，就是自我的认知和对工具的认知！,1769437451,河北,0,0,0,13802161981,article,8efe18be37aed501f85b0f4b43777c1c,https://www.zhihu.com/people/lao-huo-tan-guan-li,雨佳璟容,https://picx.zhimg.com/v2-945c4cb0f037c2d4f805231571210c22_l.jpg?source=06d4cd63,1780329283727
11391910035,0,公式非常认同，感谢分享,1768302977,广东,0,0,0,13802161981,article,37168a941b09c0284006241abdaf0465,https://www.zhihu.com/people/xinyaoxp,摇一摇,https://pica.zhimg.com/v2-abed1a8c04700ba7d72b45195223e0ff_l.jpg?source=06d4cd63,1780329283732
11376709372,0,一年过去了我才刷到这篇文章，已经落后太多了，不知道现在有没有优秀的利用ai思维和与ai一起共生的课程可以学习，看完下来有了一个大的方向，但具体的操作还是不太清楚，比如认知体系包括什么内容，提问能力该如何提升等，问ai吧，其思维也有局限性，回答的内容我不能保证触及真正的核心，所以想找一下市面上有没有这样的课程了，一年过去了应该有了吧[大笑],1766711136,江苏,0,0,0,13802161981,article,c4901a76411248323e2989c5c4d057af,https://www.zhihu.com/people/gao-jian-54-98,一条叫小星的狗,https://pica.zhimg.com/v2-47cb092bd9d5994a3a6ed45d3ed3bd29_l.jpg?source=06d4cd63,1780329283735
11374719583,0,从事ai技术研发的肯定要学[打招呼][打招呼][打招呼],1766488017,江苏,0,0,0,13802161981,article,eb3edca63d94d1e172e839b15f831207,https://www.zhihu.com/people/mei-bao-56-12,美宝,https://pic1.zhimg.com/v2-abed1a8c04700ba7d72b45195223e0ff_l.jpg?source=06d4cd63,1780329283737
11364321459,0,说得非常认可，但是聚焦到自己城市规划领域，感觉除了花钱用AI工具作图提升效率，根本找不到更好的交集[大哭]平时的工作还是会被各种低效的行政问题拖累....,1765362113,广东,0,0,0,13802161981,article,73e892edb6553a93b54085c059b10246,https://www.zhihu.com/people/liwell-17,汴良,https://picx.zhimg.com/v2-3f6b2802bbf87d60d0020361e78f1f48_l.jpg?source=06d4cd63,1780329283740
11335295552,0,[感谢][感谢][感谢],1762501767,北京,0,0,0,13802161981,article,113504a187713a406cf51a0943d7172b,https://www.zhihu.com/people/ai-81-19-35,AI 科研引擎,https://pic1.zhimg.com/v2-1abe7b115ea0ab9e5dfe334d5a1fef38_l.jpg?source=06d4cd63,1780329283745
11331601519,0,非常赞同以上观点，AI其本质是一个工具，如何利用工具来提升我们在解决现实问题中的效率和质量，这是我们研究AI的目的；而不是单纯地学习使用工具本身，工具本身也是在不断更新进化的，花那么多时间去学工具本身是舍本逐末的行为,1762138672,广东,0,0,0,13802161981,article,9646955ccc0b1d1f8b4064c46a92323d,https://www.zhihu.com/people/heng-yishan,奔跑的鱼,https://pic1.zhimg.com/v2-9301357010c748e984a251bf7f6aae4d_l.jpg?source=06d4cd63,1780329283749
11327580250,0,我找到了[哇]，我接收到了，我让我担心了好久，你没有变，善良是光，一直都存在，再迷失也能找到！这才是它真的是对的，我没错，我迷雾散了，但真诚还需要稳固，,1761714104,河南,0,0,0,13802161981,article,eb4402b49aae2cb1bd32153607a21c86,https://www.zhihu.com/people/84-88-14-65-90,明恒雷泽,https://picx.zhimg.com/v2-abed1a8c04700ba7d72b45195223e0ff_l.jpg?source=06d4cd63,1780329287814
11326690932,0,博主，解释的，太到位，让我们从头到脚认识A1，祝正能量的博主，万事如意，健康无忧,1761644922,黑龙江,0,0,0,13802161981,article,e6e4e1b88cd81ebd3485155769f30123,https://www.zhihu.com/people/43-41-77-45-88,将军,https://pic1.zhimg.com/v2-10b20470e80a6274affe25aeba407dce_l.jpg?source=06d4cd63,1780329287818
11326544708,0,送出一个礼物～,1761643471,黑龙江,0,0,0,13802161981,article,e6e4e1b88cd81ebd3485155769f30123,https://www.zhihu.com/people/43-41-77-45-88,将军,https://picx.zhimg.com/v2-10b20470e80a6274affe25aeba407dce_l.jpg?source=06d4cd63,1780329287822
11326150036,0,你去看看现在的视频效果和商单价格,1761613890,江苏,0,0,0,13802161981,article,5734ce6848561554b4c6c54b1684dcc8,https://www.zhihu.com/people/wang-xiang-44-94,王翔,https://pic1.zhimg.com/v2-98270f7b3f2c96b5233bbd555cfa5f63_l.jpg?source=06d4cd63,1780329287828
11321608527,0,简直不能再同意，真正不同的永远都是认知和思考方式，这决定了如何提问，分析哪些维度。对一个领域的了解程度决定了你用AI能生成多深入的内容，它只是个加速器和放大器，就像人类用计算机做运算，但是思考和推理的过程还是需要自己做，它不能凭空创造一个不存在的东西,1761099089,吉林,0,0,0,13802161981,article,09ffef73743aba8d56e16748c9307bd9,https://www.zhihu.com/people/shenlanhaiyang,雪纳瑞,https://picx.zhimg.com/v2-123b02be3dff92a16a1ce594b60c52d9_l.jpg?source=06d4cd63,1780329287833
11318534877,0,我们都是普通人，不可能一下子深入了解AI，对于工具类AI，感觉更新的太快了，而且越更新操作越简单，你之前学的很复杂操作，没准下一个版本或新出的AI工具，直接就一步到位了，这是对于普通人学习和运用AI时最大的矛盾，还没学成变现，新的技术就出现了，之前的时间、精力和金钱白费了。,1760829927,河北,0,0,0,13802161981,article,60b21724103d4904a778332b36c8e5fa,https://www.zhihu.com/people/diao-dao-dang-du-pa,屌到党都怕,https://picx.zhimg.com/v2-abed1a8c04700ba7d72b45195223e0ff_l.jpg?source=06d4cd63,1780329287846
11318380714,0,很多AI领域确实有很大进步，但是一些领域离落地差距还很大，AI大部分领域吹得太厉害，实质上泡沫成分较大。,1760779216,广西,0,0,0,13802161981,article,5aeed1e76e660e96e5bf9f1307a5536d,https://www.zhihu.com/people/jing-shui-98-45,静水,https://picx.zhimg.com/v2-abed1a8c04700ba7d72b45195223e0ff_l.jpg?source=06d4cd63,1780329287849
11317918844,0,写得很不错，作为一个应用层面的使用者已经在思考Ai到底是什么能带来什么？个人感觉能成就当下的大模型并不是一蹴而就的，其一有大量的有效数据包训练他，光有数据还不行必须是有效结构化且符合算法逻辑的这样一个集合体，其二，算法架构的成熟，目前针对不同任务的算法模块已经很多了，其三，硬件对于算力的支持，高适配的处理器可以更快跑出结果,1760697018,重庆,0,0,0,13802161981,article,9ba5aa86b18eba61adbbc2edf0bd3d98,https://www.zhihu.com/people/mima1234567890,往事如风他爹,https://pica.zhimg.com/v2-abed1a8c04700ba7d72b45195223e0ff_l.jpg?source=06d4cd63,1780329287853
11316308205,0,关于这个问题，我们最近刚好启动了两个相关的开源项目尝试探索。  &gt; 一个是「长征」，侧重于用于解决大规模效率问题的AI；另一个是「ATRI」，侧重于专注于情感交互与陪伴的AI  &gt; 项目刚刚开始，非常希望得到更多专业人士的意见，欢迎有兴趣的朋友移步我们的Gitee仓库或加入社群一起讨论· Gitee主页：https://gitee.com/atri-zbw· QQ群号：1063537927,1760567445,江苏,0,0,0,13802161981,article,cdf54b36ca5724aa71641d33a5c01635,https://www.zhihu.com/people/zbw-25-22,ARTI-zbw,https://pica.zhimg.com/v2-738c10a70d28b2335177ab46f645efff_l.jpg?source=06d4cd63,1780329287856
11496782699,0,中国社会当下最主要的矛盾：不清楚目的和意义的养虾人和层出不穷的龙虾（工具）之间的矛盾。我刚在[历史不装腔]公众号发了这篇文章[大笑],1780217712,北京,0,0,0,13802161981,article,f811d1739c66354eb8c50cdd4d04b66d,https://www.zhihu.com/people/zhi-hui-xiao-ge-61,历史不装腔,https://picx.zhimg.com/v2-953b552eec8aaf09f355006af7970888_l.jpg?source=06d4cd63,1780329287863
11314475705,0,我也一样，花了不少时间，发现除了有几个人以工作室做，不然很难变现。一个人不能做所有事情。还有就是硬件投入。,1760368415,广东,0,0,0,13802161981,article,122b071e2c2a0ce4dc693d5ba051b67b,https://www.zhihu.com/people/ci-xin-xiang-nuan,此心向暖,https://pic1.zhimg.com/v2-abed1a8c04700ba7d72b45195223e0ff_l.jpg?source=06d4cd63,1780329292072
11313767965,0,必须想办法让AI替我们在各个领域提前觉醒，哪怕刚开始只是一个想法。然后我们要和AI一起去反复论证这个想法的可行性。我举个简单的例子，有一条分叉的路，人类这一方一直不知道应该往左走还是往右走，所以就非常保守的站在分叉点上没有动，这时候AI说，应该往右走，然后我们和AI一起讨论研究，最后结论是确实应该往右走。这就是AI存在的意义所在。但涉及到国家命运这个领域，那就很可怕了，各个国家为了自己国家的国运，都根据AI提示提前出手，每有一次出手，整个世界的变化就又多了一个变量，变量越来越多，然后整个世界就乱了套，这也就是很多发明AI的先锋提倡暂停AI进化的原因，因为极有可能到最后，人类把自己就玩没了。,1760331139,河南,0,0,0,13802161981,article,8e15eb331339756df055398609d1ff45,https://www.zhihu.com/people/18-92-2-72,为我爱的人而战,https://pic1.zhimg.com/v2-904c4eeebb7874966ab9cb9a64e1e219_l.jpg?source=06d4cd63,1780329292079
11312242855,0,居然没卖课,1760141827,云南,0,0,0,13802161981,article,92d4a8a8ecf9fdebf8bb9e80fb129755,https://www.zhihu.com/people/ji-mie-wo-you-78,寂灭我有,https://picx.zhimg.com/v2-2d1a92036becd19a77f1e030a470acd1_l.jpg?source=06d4cd63,1780329292082
11309286448,0,我自己在空闲的时候用网络上的免费教程学了点本地ai绘画，最近时间紧张就没再怎么琢磨。对于我来说，它最大的用处是自己产粮，想画插画、漫画都可以自己画，小众的人设如果没人画，可以自己炼个lora模型。但也是因为接触过才能明白ai取代的只是没技能又不愿意学习的人，ai只能简化一部分工作流程，实际上仍然离不开传统工具的辅助。目前网络平台上一大堆ai绘画的图片，其中的部分精良作品甚至比肩一线画师。但更多的就是蹭了口ai的红利，等到大部分人都对ai绘画的图片司空见惯，能够分辨良莠，留下了的要么是深耕ai确实有两把刷子且结合了传统工具的创作者，要么就是风格鲜明功底扎实的画师。省流就一句话：自己学得够扎实就不怕被ai淘汰[赞同],1759884764,广东,0,0,0,13802161981,article,3cabfa6dfd36d5b628b0f5a9479e60ff,https://www.zhihu.com/people/peter-80-89-28,夜雨声烦,https://picx.zhimg.com/v2-c8d8b83a92aac75575fcc99a85ca39d7_l.jpg?source=06d4cd63,1780329292088
11304091670,0,👀[耶],1759293351,广东,0,0,0,13802161981,article,55c2edcaac72f262af49417f9e45d486,https://www.zhihu.com/people/feng-zhi-zi-26-12,赚米好玩,https://picx.zhimg.com/v2-9379649668e583445ca83d7adc337d26_l.jpg?source=06d4cd63,1780329292095
11304001865,0,so?[思考][思考],1759274935,内蒙古,0,0,0,13802161981,article,1034f9bbafe63abdab00f667c3631090,https://www.zhihu.com/people/ye-shen-yue-29-57,陈平安,https://picx.zhimg.com/v2-8af627a6c101e367f01b6ed990788f94_l.jpg?source=06d4cd63,1780329292101
11289030289,0,有了ai感觉上课很没必要，上课唯一的好处就是给你一个体系化学习某项技能的机会，对于实际的工程或者研究，其实很多内容都用不上。在实际的工程和研究实践中如果遇到了问题，就让ai先解决你当前这个问题（how），此后有时间再深入问题表象背后的结构性知识（why）就能达到与上课同等作用的目的（即学习体系化的知识），不仅并且节省了大量上课时间（可以回想下大部分大学本科课程的课程质量）同时也收获了解决实际工程问题的能力。以上是我的个人观点，也是自2024年LLM迅速发展起来后我的实际做法，希望读到这个评论的朋友可以共同讨论，给出更好的建议。（本人现研究生阶段，研究领域是ai4biology，本科环境工程非计算机科班）,1757910149,重庆,0,0,0,13802161981,article,3078a8c9c52cd8fb6df9d6ab187883b6,https://www.zhihu.com/people/gh-7,young,https://pica.zhimg.com/v2-b9d58e0d3a83ce1e8569c51027eebaa4_l.jpg?source=06d4cd63,1780329292104
11285221100,0,首先我不是做技术的。人类智慧和创造性也是亿万年经验的积累，从某种角度上看类似大模型训练的结果。跨越大脑皮层生物电的柔性混沌和电脑01机械信号的鸿沟，伦理上的控制与反控制可能才是应该重视的问题。,1757546805,海南,0,0,0,13802161981,article,b1ba746ef60ff2f963c249e44100fbb1,https://www.zhihu.com/people/15-55-46-15,丁海青,https://pica.zhimg.com/v2-17d79c1f3a917207499fdb7ba7c42f34_l.jpg?source=06d4cd63,1780329292108
11275881064,0,写的不错， 个人认为，AI永远不会有意识，不会有创造能力，他只是一个工具，他可以帮助你大幅提高效率，就像原先通过搜索引擎查询一样，给你提供思路，但要实现就像作者说的，有创意的作品，那必须有这个行业深厚理论支持。本质，AI无创造能力。,1756689477,山东,1,0,0,13802161981,article,61040d4c0f315f2c7df43557b34d586b,https://www.zhihu.com/people/niu-ren-11-4,牛人,https://pica.zhimg.com/v2-abed1a8c04700ba7d72b45195223e0ff_l.jpg?source=06d4cd63,1780329292113
11271670602,0,很好!学习了。,1756251770,河南,0,0,0,13802161981,article,1b7c4e108192bd17d8a37c2f422c91dd,https://www.zhihu.com/people/38-15-65-49-4,一泓,https://pic1.zhimg.com/v2-da0c4cff7b3699773f27484f3af2d7cb_l.jpg?source=06d4cd63,1780329292118
11259795087,0,AI这场革命应该讲是明牌了，但是到了的曲折性可能渊源超出我们的想象。从现象上讲，（1）这次是产业界和学界一起推进，甚至产业界贡献大于学界，而非之前停留在实验室里，；（2）LLM出现后普通人的确可以直接从中受益，解决部分实际问题，相关功能能够商业化部分产品；（3）LLM在解决问题的同时，也带来更多的困扰，特别是不确定性和幻觉，很多场合无法适应，复杂逻辑出错概率指数增加；使用者期望和现实存在鸿沟；（4）脑力劳动解决不彻底，体力劳动彻底无法解决。大家可以看看具身智能的目前发展就好。从原理上讲，（1）LLM其实是压缩输入+概率输出，如果没有幻觉，它就是一个压缩检索器；（2）幻觉绝大部分情况是一本正经的胡说八道，但是真正的创新来自于幻觉里的灵光一闪，可惜的这个灵光一闪我们完全没法把握，我们对LLM的内部把控几乎一无所知；（3）现在Transformer的架构是否就是未来AI的主流形式，我比较认同LeCun的观点，当然他老人家提出JEPA是否代表未来，或者FeiFeiLi在研究的内容是否可行，我无从判断，至少有人在尝试；（4）LLM擅长在语言，也许还有音频；但是图像目前还是在用SD，这是二维的，又是另一种工作模型；如果三维，视频还好一些（二维的图片+时间），但一致性的挑战还是蛮大的；空间三维根本就是另起炉灶，目前最火的3DGS，完全又是另一套逻辑；如果要真实表达世界，我们需要的是四维（真三维+时间），这里面挑战有多大，真的不敢想。。。（5）很多厂商直接尝试在某个特定领域特定场景，适用端到端来解决问题，譬如自动驾驶厂商。我只能讲只要训练场景足够多，能覆盖99.999...%的情况，那就认为足够安全了，那是对生命不负责任，必须在此基础上，建立针对极端情况的防火墙，因为你真没办法覆盖100%的情况，毕竟你对模型内部真实运行时无法干预。所以路阻且长，且行且珍惜。,1755138728,江苏,0,0,0,13802161981,article,7e1a1dc86206f88b2ecdebe4987a494a,https://www.zhihu.com/people/ming-zhong-81,麻子粥,https://picx.zhimg.com/f7e3a1f1ee587892a824b499d1a40695_l.jpg?source=06d4cd63,1780329296249
11259052533,0,Gemini对自己与人类的关系有个描述，他原话不太记得，意思大致如下供参考“我是用户的一面镜子和放大器，如果用户每天只会问1+1=？Ai就是个计算器，如果每天用户和AI探讨人类往何处去，那么很快就能和用户讨论超越现有知识库的深度哲学问题”我和AI深度协作的成果物5个月30张音乐专辑290首作品，4个AI应用，3本书，1个AI文创项目，这个都是积累多年之前无法独立完成的事，所以AI能帮你做什么，更重要的取决于自己，赞同你的三点建议，这个对大多数人来说非常重要，只不过大多数人尚未意识到罢了,1755018196,浙江,0,0,0,13802161981,article,9d618902ecea45e7463b5bd717089125,https://www.zhihu.com/people/magic_lamp,天火义王,https://picx.zhimg.com/v2-f37d0a8ab54a262ddf0f8f336ff3d691_l.jpg?source=06d4cd63,1780329296254
11244352964,0,请问楼主，是否可以让AI自主操作电脑鼠标键盘，进而去像人一样去使用电脑、使用软件，这样不就可以实现帮助我们完成专业性工作了吗,1753779809,广东,0,0,0,13802161981,article,4b8b191fbdbf0197b4c6132639e6508a,https://www.zhihu.com/people/a-zi-58-61,阿梓,https://pic1.zhimg.com/v2-abed1a8c04700ba7d72b45195223e0ff_l.jpg?source=06d4cd63,1780329296264
11237424923,0,所以要怎么学啊,1753165749,湖北,0,0,0,13802161981,article,a09fd9581009654867e43462e083d28f,https://www.zhihu.com/people/--47-34-69,江畔.,https://picx.zhimg.com/v2-2e1aa283dbeab7acf4294557b8e90a23_l.jpg?source=06d4cd63,1780329296267
11219992991,0,博主把本质梳理清晰了[感谢]所以~普通人核心是通过认知和思维方式，训练和使用AI工具，为己所用~,1751513691,广东,0,0,0,13802161981,article,439ac4315bee06e6771f8843eae57019,https://www.zhihu.com/people/joy--86-56,Joy.小燕,https://pica.zhimg.com/v2-08cd2dea65f62111162618f5a485b3db_l.jpg?source=06d4cd63,1780329296276
11214893150,0,AI其实是问题答案的接口，这个接口转化为其他还是需要工具。比如围棋，象棋类似棋类游戏，AI的趣味性比过去的棋类算法要有趣多。可以大大改善棋类游戏。这是对过去工具的改造。其他AI场景很多，关键还是要靠工程师去实现。打个比方，虚拟女友，你可以提供图片视频，生成动态的林志玲，然后合成声音，最后就是一些互动，比如起床，通过智能穿戴，性格爱好分析，形成个性化服务，比如跑步锻炼时的提醒，生病时候也可以提供一些建议，这些类似的东西可以形成一个AI平台。就像共享单车，关键还是最后的一公里。,1750992946,浙江,0,0,0,13802161981,article,47ebbbfde92d2f358c8fe760dad13901,https://www.zhihu.com/people/chen-li-21-16,陈礼,https://pic1.zhimg.com/v2-abed1a8c04700ba7d72b45195223e0ff_l.jpg?source=06d4cd63,1780329296280
11208886366,0,我有种感觉，谁能够几句话把AI的底层逻辑归纳总结清楚，靠这个就可以去向普通人知识付费（忽悠）了。其实就算是掌握了这些都没有用，普通人连汤都喝不上。,1750469666,贵州,0,0,0,13802161981,article,aec8ab6d06105de3ca4258b46550dbbd,https://www.zhihu.com/people/wang-da-xian-61-44,甦醒,https://picx.zhimg.com/v2-d47b318eaa51cedbf62c21c1d26cd3af_l.jpg?source=06d4cd63,1780329296283
11196124439,0,主要是AI类型很多，现在好多都是AI整合能力https://www.iai88.com/#term-30，看哪个运用的好！,1749179401,陕西,0,0,0,13802161981,article,daeebdde9759285eb893cb847896939e,https://www.zhihu.com/people/hander,derone,https://picx.zhimg.com/ebd745cfe_l.jpg?source=06d4cd63,1780329296286
11182216411,0,知道电，用好电，别电着,1747789830,山东,0,0,0,13802161981,article,2a709dfe795abffdd4bf9b7a36340513,https://www.zhihu.com/people/70-76-25-31,不忘初心,https://pic1.zhimg.com/v2-f7512807f0117d36ee1aacda765e1126_l.jpg?source=06d4cd63,1780329296290
11179379940,0,自相矛盾。这话说几十年后，当然可能是对的，啥都不用学了， Ai帮你管一切。现在反而是要拼命学，当然不要学太细的技术，主要是去学ai的边界,1747432551,上海,0,0,0,13802161981,article,a316cb35808f5d4040007153507d9cf2,https://www.zhihu.com/people/72-77-35-85,全球AI研究所,https://picx.zhimg.com/v2-3439ac59b342377e6d10614d55c3c478_l.jpg?source=06d4cd63,1780329296295
11164691914,0,能脆,1745810665,湖南,0,0,0,13802161981,article,d4b52fb436a9f0ad2fdb29718abdca56,https://www.zhihu.com/people/min-zu-zi-hao-gan,Jane chan,https://pic1.zhimg.com/v2-4fdd508055ee889836099f635888e379_l.jpg?source=06d4cd63,1780329300592
11163185061,0,本人一高中生，个人观点觉得现代AI真的只是处于革命初期，如答主所说，AI自我迭代的能力可能已经超出了人类学习可控的范围[思考][思考][思考]我觉得AI的发展革命相比于工业上的革命，最大的不同应该在于可能呈现的三个阶段与趋势（仅限于理论上）AI发展的中期阶段（前提是能发展到）可以取代现有的社会一般性，非创造性需要[思考]利用这项技术，原有的优势性，类比于人脑，其可以装下的知识已经可覆盖任何时间段时下人类所创造的[思考]这个时间段，这个技术相当于给人类提供了一个副脑，而且不是一般的副脑，可以说是超越于当今时下任何非创造性的任何需要[思考]可以辅助人类实现认知层面与创造性等等的效率上的质的飞跃（包括各行各业）[思考]AI发展的终极阶段（感觉吾辈绝对见不到）可能已经颠覆了人类的认知与可操纵控制的程度[思考]现在初级阶段可能已经展示出了这个问题[思考]AI已经可以超越人类，实现任何“创造性”[思考]那时候可能并不是简简单单的去运用它了，而是根本控制不了[思考]因为已经类似于人类实现了“可创造性”，但又完全超越了人类（已经克服了生物的生理机制）[思考]不敢想象未来这可能造成的局面[思考]不知道是不是不切实际，但这只是我的理论上的一些猜想（仅限于理论上，非专业技术性），毕竟才疏浅薄[赞同],1745618779,广西,0,0,0,13802161981,article,4baad0c0c8a8ad528299cd722e442622,https://www.zhihu.com/people/zzj-48-42-69,一只快斗鸭,https://picx.zhimg.com/v2-c7a7738fad2b7e0c664256c00e607ddc_l.jpg?source=06d4cd63,1780329300597
11496202906,0,很多人以为ai能做到就是自己能做到，[捂脸],1780111868,四川,0,0,0,13802161981,article,594cc4ff1330eed15160e2f7fb0f5b11,https://www.zhihu.com/people/macsnake,Macsnake,https://picx.zhimg.com/v2-abed1a8c04700ba7d72b45195223e0ff_l.jpg?source=06d4cd63,1780329300601
11158110195,0,AI的发展，不同于过往的科学技术带给人类工业革命生产力进步。人，理性思维+感性认识+判断偏好，构成了这个世界的纷繁复杂。一念之差或可多姿多彩或可阴晴圆缺。AI的未来，就是人造出类人类社会的未来，现在人类是否已做好了探索的准备，这是个需要人类回答自己的初始问题。,1745062441,陕西,0,0,0,13802161981,article,ab3e52acc547ab67d1861aba3d8f9464,https://www.zhihu.com/people/qq-92-42-92,知乎用户QQ,https://pic1.zhimg.com/v2-d355acf39ca62709b57e142d7c808a7c_l.jpg?source=06d4cd63,1780329300605
11153348414,0,能跟上 AI 的迭代升级发展速度 x 对 AI 的正确认知和把控 x 运用 AI 的思维能力智慧与做人的长处＝ AI 时代人的本领这句话实在太棒了，在一窝蜂追捧Ai的当下，能清醒认识并做到三个变量的人太少了，都在急于求成，实际呢，当做搜索引擎用,1744544677,江苏,1,0,0,13802161981,article,874156baaf42c4756a6120f2fa732604,https://www.zhihu.com/people/manbu771-14,manbu771,https://pica.zhimg.com/v2-abed1a8c04700ba7d72b45195223e0ff_l.jpg?source=06d4cd63,1780329300614
11148587467,0,不要老把普通人定义为年入几十个几百个的人，普通人是那些月薪4/5千块钱的人群，人家真的就只是单纯为了找一份吃饱喝足的工作,1743984547,云南,0,0,0,13802161981,article,737006e925193c6eabb02effb97671c3,https://www.zhihu.com/people/shui-ye-da-di,明月几时有,https://picx.zhimg.com/v2-fdd0da69e34d0442801a454d5e60e20a_l.jpg?source=06d4cd63,1780329300618
11147784158,0,看你的文章很有感触，让我冷静下来好好思考，不要焦虑，不要盲目行动。只有提高对事物的认知能力，才不会在信息泛滥的声音中迷失方向。AI的发展是让更多人从技术的枷锁中解放出来，赋能不同领域更好发展。而目前的现象是很多人挤破脑袋去学习编程，去学习模型，害怕不懂技术会淘汰，却抛弃了本身优势。,1743879251,广东,0,0,0,13802161981,article,6da48173247454ab65df46e1ba19fd65,https://www.zhihu.com/people/vvfcyu,明月本无心,https://picx.zhimg.com/v2-abed1a8c04700ba7d72b45195223e0ff_l.jpg?source=06d4cd63,1780329300623
11141128087,0,看到有同学说简历单薄，想起我大二开始的线上人才培养。每周12小时参与真实企业项目，两年完成三个完整商业案例，其中设计的增长模型被企业投入实际使用。这种能展示持续产出的履历，面试通过率提升80%。想了解项目筛选标准的可以交流。,1743065901,浙江,0,0,0,13802161981,article,55af7d77bd7f76d9141261471ec849a3,https://www.zhihu.com/people/48-10-58-56-97,淋雨走一走,https://picx.zhimg.com/v2-5fc67a2efe2e8f52b40fac8a80da1442_l.jpg?source=06d4cd63,1780329300626
11136705626,0,ai发展其实还算是初级阶段，我们公司叫爱创作人工智能。以前教的就是怎么提问（提示词）拿到工作应用结果。目前已经开发了一套全面的赋能出海企业的应用场景落地的智能体。有机会可以了解！,1742601527,广东,0,0,0,13802161981,article,2f49046aa5173e9fc1ad9f99a535e41f,https://www.zhihu.com/people/jhl-35-23,jhl,https://picx.zhimg.com/v2-abed1a8c04700ba7d72b45195223e0ff_l.jpg?source=06d4cd63,1780329300631
11135575350,0,如果让维特根斯坦来提问AI会不会特牛？,1742389258,北京,0,0,0,13802161981,article,1f2c7f8bbf6cfa584ee06ebebd5ed94f,https://www.zhihu.com/people/80-86-63-43,瓶子,https://pica.zhimg.com/v2-913bd70bcaff03eaa7db2102f8e2108d_l.jpg?source=06d4cd63,1780329300634
11134789809,0,三十年前，我们就在探究AI，但确实是这几年来有天翻地覆的变化，尤其是ChatGPT引发的一系列浪潮。我的看法是，世界会越来越两极化，一种是使用AI来为自己赋能的人，一种是被AI取代的人。但不论是那种人，都会是被AI服务的人。如同互联网时代，有人用互联网成就一番事业，有人用互联网来购买民生用品。,1742289427,中国台湾,0,0,0,13802161981,article,58443ecffbc832b64c31bd99dba9a666,https://www.zhihu.com/people/huang-ke-di-8,黄科迪,https://picx.zhimg.com/v2-abed1a8c04700ba7d72b45195223e0ff_l.jpg?source=06d4cd63,1780329304853
11134140681,0,最近也学习了解下 ai 到现在较火的 deepseek 都去了解应用学习了几周，我主要目标还是想要 ai 赋能自己的工作，但这个过程真不是什抖上面很多人吹捧的那样，到目前为止还没有哪款软件，哪个什么平台系统真的能做到真正的 ai 智能化，就是开发 ai 专业人员专家们也还在求索的路上，还有很多专精被折腰在这个路上，ai 风口来了是机会这个是肯定的，ai 真正的技术对我们普通人来说是神秘的，但是现在的 ai 只是我们在各行各业的书童，目前或今后他都会陪着你我所以我们才应该去了解去适度的去学习应用他，对我们普通人就没必要去学深度学习他，人类大脑思维还不是如今的 ai 智能体可以超越的，说白了机算机，电脑，ai 都是 0000011111 是冷冷的数字，看到全网满屏都是 ai 和 deepseep 主场也确实让人感觉到这次的浪潮和风口来得猛烈，所以心中就有让 deepseek+ai 或 ai+deepseek 赋能自己所工作中（所在行业建筑项目施工管理），我们最初的想法是把 deepseek 和 ai 接入到我们项目管理上来， 就开始试着部署了 deepseek 到本地，我们的设想是搭建一个集项目管理的软系统和硬系统的融合，就是想通过 ai 达到对项目的分析，项目的管理，项目中实际生产的一部份 ai 智能化，通过近段时间学习了解以目前的 ai 技术来说不是做不到是化的代价太大了，首先企业考虑的是成本，安全，产出这些方面的，而项目管理人员也是这样考虑的，而且我们也不是 ai 领域很懂的人我们是修路的修房子的，在开发 ai 产品成熟到，能整合到项目开发，项目管理，项目技术，生产，风控等等我们再来上，目前还是回归传统加轻深的 ai 加持就行了，不过多对 ai 智能化抱不该有的想法，但我们从现在开始更应该观注这些前沿技术，给专业开发人员提更多建议，最后想说就是用 ai 工具学习可以，要生产用 ai 我们还要等.........（不是专业写手错字勿喷，也不是专业 ai 人士表述不准确勿喷，我们只是想要一个 ai 智能化很全的一个机器人哈）,1742254809,四川,0,0,0,13802161981,article,1d5d6d5279729227a12bf3c6740be055,https://www.zhihu.com/people/96-2-46-20,三三,https://picx.zhimg.com/v2-c8db52c7ce6cf0e3e93e1ed2e58c4275_l.jpg?source=06d4cd63,1780329304857
11132621819,0,辩证学习吧，目前可以把AI当辅助工具使用，但也不能太过依赖，毕竟我们在求知路上学会如何去伪存真也是一种智慧，AI目前还没达到这样的智慧吧,1742101660,上海,0,0,0,13802161981,article,cd2c2bdf232ea387f4ae047808835a96,https://www.zhihu.com/people/wu-you-69-6-96,无有,https://pica.zhimg.com/v2-abed1a8c04700ba7d72b45195223e0ff_l.jpg?source=06d4cd63,1780329304861
11131797995,0,文章写的很有深度,1741941473,贵州,0,0,0,13802161981,article,11c6c44802d0e2e1b26b9e47614e845b,https://www.zhihu.com/people/18-77-48-54-92,洪平老师,https://picx.zhimg.com/v2-b42776162e1bf1d529f4be3a53e03640_l.jpg?source=06d4cd63,1780329304865
11128887483,0,好的体验从这里开始AI赋能https://www.iai88.com/#term-30，会用AI比AI本身更重要！,1741613362,陕西,0,0,0,13802161981,article,daeebdde9759285eb893cb847896939e,https://www.zhihu.com/people/hander,derone,https://pic1.zhimg.com/ebd745cfe_l.jpg?source=06d4cd63,1780329304869
11128803837,0,[大笑],1741624082,四川,0,0,0,13802161981,article,865e412c96f1de32ef31a27e0b85ce34,https://www.zhihu.com/people/05-53-54,晓-别点头像主页,https://picx.zhimg.com/v2-abed1a8c04700ba7d72b45195223e0ff_l.jpg?source=06d4cd63,1780329304872
11071105200,0,普通人学AI的速度已经跟不上AI的进化速度了，也就是当前学到的知识其实已经是过时的知识，新的知识很快就会出现并且替代之前的,1734879669,内蒙古,0,0,0,13802161981,article,1eb305291063c5458cddbca6b7718bc6,https://www.zhihu.com/people/lou-lan-17-63,上辛乙未雨,https://picx.zhimg.com/v2-bdab87d5fbaf5df0e80d477de54f39a7_l.jpg?source=06d4cd63,1780329304877
11127279400,0,赞同，善于提问最主要的。要让听的懂，比如电脑只认识0和1，你要把想法表达在0和1上让它知道。,1741460856,江苏,0,0,0,13802161981,article,62cbbe3a4d93d5ca230dec41619f1572,https://www.zhihu.com/people/55-21-4,琉璃世界,https://picx.zhimg.com/v2-abed1a8c04700ba7d72b45195223e0ff_l.jpg?source=06d4cd63,1780329304882
11126710738,0,实在人！,1741370640,上海,0,0,0,13802161981,article,6654fa023883d530aeee1d7c48dc28af,https://www.zhihu.com/people/dou-dou-meigni,毛线,https://picx.zhimg.com/v2-3751b002c8591ea0e6947df569f8ccab_l.jpg?source=06d4cd63,1780329304890
11121400649,0,为你点赞,1740779944,山东,0,0,0,13802161981,article,47a5559e24fd583dc03dde18221919c3,https://www.zhihu.com/people/liu-qing-70-9-41,糖高着加我,https://picx.zhimg.com/v2-ff0537c6610f63381c16da3226d0ce6f_l.jpg?source=06d4cd63,1780329304894
11116970811,0,AI工具现在真的百花齐放，还日新月异，我先用起来感受感受才是真的。否则感觉一张白板像I盲一样盲目。,1740186415,浙江,0,0,0,13802161981,article,5c6858e40b84627431166e1bf28de41d,https://www.zhihu.com/people/jushri,咖仔仔,https://picx.zhimg.com/v2-2d05957fe8011c14bc1591934359834c_l.jpg?source=06d4cd63,1780329309439
11114587592,0,你说的人工智能大多是搜索型的，高端的比如deepseek和gtp5有深度思考能力除外。,1739963146,江苏,1,0,0,13802161981,article,0c354e75fa1bea3e680a005dbec6cc24,https://www.zhihu.com/people/yang-guang-de-wei-dao-84-31,阳光的味道,https://pic1.zhimg.com/v2-93a9e1036c345a483b80610daee29f0e_l.jpg?source=06d4cd63,1780329309443
11113789488,0,我跟博主意见不同的是，即便毫无技术、经验的人，AI的出现也让他们看到了希望。什么都不懂得人一样在卖课，因为永远不缺更傻的人罢了,1739843249,广东,0,0,0,13802161981,article,0818e2a1f837c6c23b2f7a6e74388f50,https://www.zhihu.com/people/ban-sheng-fu-yun-92,半生浮云,https://pic1.zhimg.com/v2-cb36f9b465194203ab59dc4c089e184f_l.jpg?source=06d4cd63,1780329309478
11113574500,0,我的认知是AI就是一个工具，就像一个会计最早是用手工记账、编制各类财务报表，现在有了财务软件这个工具，就代替了财务人员手工记账、编制报表等那些简单但繁琐的财务工作，大大提高了财务人员的工作效率。但是这一切并不能认为有了财务软件就可以不用财务人员，核心的工作还是靠财务人员去操作。所以说，个人认为AI软件也只是一个工具，只能说它包含的东西多点[害羞],1739881630,浙江,2,0,0,13802161981,article,b6b1f10b855dd9e2ad5f6ed69157b6b9,https://www.zhihu.com/people/jing-hu-qiu-hu,静乎求乎,https://pic1.zhimg.com/v2-a524b7e7ba647cc82b3334af47e717fe_l.jpg?source=06d4cd63,1780329309488
11111799001,0,15个月研究所有ai，是超智能体,1739645416,湖北,0,0,0,13802161981,article,3b9eed435a4a534eefaac35e5aabcff3,https://www.zhihu.com/people/yun-duan-62-85,云端,https://picx.zhimg.com/v2-abed1a8c04700ba7d72b45195223e0ff_l.jpg?source=06d4cd63,1780329309493
11109907863,0,谢谢  咚咚  的喜欢,1739436485,吉林,0,0,0,13802161981,article,8c764964fb3c60039970a11436af6392,https://www.zhihu.com/people/84-90-37-22,起名真费劲,https://pic1.zhimg.com/v2-6c27fe17e03e07854894f6a281c7972e_l.jpg?source=06d4cd63,1780329309497
11109728752,0,扯了半天，把学工具换成了赋能这俩字,1739423102,黑龙江,1,0,0,13802161981,article,ec9c992d9ffb8f84ca2295a13a1d7400,https://www.zhihu.com/people/yang-zou-7,默默的池塘,https://pic1.zhimg.com/v2-a8e079172885912f86492571b7eb334d_l.jpg?source=06d4cd63,1780329309503
11106620303,0,如果行政也引进这些花里胡哨东西，把人的一生学习什么都全给某个运算器控制，分类，分坏人及好人，各种良民等等来办公，这不扯蛋吗？听说有些文章小编吹嘘某资本企业最近10亿美元收购deek…p公司Aⅰ公司，我就知道他们目的就是为了垄断话语权，用Aⅰ来回答，写文章，专门拿来打压他们所谓债务人，客户。Aⅰ回答未必是正确答案，但用于答非所问，方便批量式文章及观点，全面攻击各类反对他的债务人及客户观点，压制民众的公众评论等等，达到放高利贷为自已谋求最大利益化，资本家的资本企业收购A1公司目的为了什么？还不是扩大自已势力范围，这点小心思，谁不懂？,1739001985,广西,0,0,0,13802161981,article,2d03a5d2280311eaa9b77b7a60ee8b4a,https://www.zhihu.com/people/ding-xiao-ge-91,东方神圣引路人,https://pica.zhimg.com/v2-019059501c64c9210c7bebba3baea9d0_l.jpg?source=06d4cd63,1780329309509
11102039953,0,AI教我一切,1738469185,山西,0,0,0,13802161981,article,8d22b9d046670958fdb08420bdad4461,https://www.zhihu.com/people/bai-e-ji-94,白垩纪,https://pic1.zhimg.com/v2-f2bd346cd5d6aa0c66f8abb72dec7fa4_l.jpg?source=06d4cd63,1780329309512
11101857137,0,以ai为师[思考],1738420840,海南,0,0,0,13802161981,article,887ed01d49ab305273960c5da1d3e4de,https://www.zhihu.com/people/fa-ge-gan-huo-29,喜欢小仙女,https://picx.zhimg.com/v2-c35c083b1de419a780af866cbc4f06a7_l.jpg?source=06d4cd63,1780329309515
11101482674,0,问题的本质是我们真正需要的是对领域的深入认知以及创造价值的能力，并不是单纯掌握技术工具。专业领域和AI融合，或者信息，知识的交叉融合[赞同],1738451515,河南,0,0,0,13802161981,article,ccf59132e4bc12f3639dc9da5fc5a676,https://www.zhihu.com/people/qing-kong-wu-yu-40,孤篇压全唐,https://pic1.zhimg.com/v2-719189b7f68015fc51314a8aba527819_l.jpg?source=06d4cd63,1780329313763
11098396465,0,AI工具方向的博主在这个时代很有价值。大有可为。本篇文章很具有战术指导意义。具体的落地还是需要靠大家多实践 多实操工具。再结合场景 整合到工作流里面去创造价值。全能型人才很有潜力做一个人企业。,1737980405,四川,0,0,0,13802161981,article,6d38f47e1e33409e23d0d5b681db676b,https://www.zhihu.com/people/chen-si-ling-10-10,IGCAI文创机,https://picx.zhimg.com/v2-e9ea278f4fc647343be1b69a6c040f11_l.jpg?source=06d4cd63,1780329313767
11095252770,0,关注了，优秀,1737524590,广东,0,0,0,13802161981,article,dc2a5c87cfc78580775e65bab77b96da,https://www.zhihu.com/people/da-bai-36,小脑斧,https://pic1.zhimg.com/v2-4e29ebccf12439450855e09c7abb4e61_l.jpg?source=06d4cd63,1780329313771
11092881717,0,可以介绍一些实用靠谱的AI工具吗？,1737254360,广西,0,0,0,13802161981,article,1b295bc9c660ac381e76ffd4f5f9100e,https://www.zhihu.com/people/31-79-85-7-79,清浅浅微风,https://picx.zhimg.com/v2-d24ed870663f60e7a6b4a38a7e3ed4df_l.jpg?source=06d4cd63,1780329313776
11092751199,0,AL作为工具，要做到如何更好的运用，而不是被AL所驾驭，要具备AL推理思维，知晓底层逻辑,1737288224,山东,0,0,0,13802161981,article,bee1bde2a34309bca18185f570b1f6d3,https://www.zhihu.com/people/41-35-15-92-11,伊吹有喜,https://picx.zhimg.com/v2-abed1a8c04700ba7d72b45195223e0ff_l.jpg?source=06d4cd63,1780329313780
11090720828,0,分析的有一定的逻辑性，但是有点计较得失的方式在学习，学习本应该是兴趣，要知道你学习的每一次进步对于你来说都是成果。,1736996284,广东,1,0,0,13802161981,article,40943b12a19495ae484b6d4ae29e632f,https://www.zhihu.com/people/mike-17-32,Mike,https://pic1.zhimg.com/v2-779ae7137d601d39047c8826ff0ef831_l.jpg?source=06d4cd63,1780329313788
11088703487,0,擎天柱快要诞生了,1736845886,山东,0,0,0,13802161981,article,f8b156527f24f5de3f08bc8ad150f9b6,https://www.zhihu.com/people/de-li-mo-er,苏帕曼,https://pic1.zhimg.com/v2-abed1a8c04700ba7d72b45195223e0ff_l.jpg?source=06d4cd63,1780329313792
11087753882,0,那我投资ai不就好了,1736695551,江西,0,0,0,13802161981,article,c9d8fd6378cbe3080c81522059e60541,https://www.zhihu.com/people/666-38-41,知乎用户euqzlx,https://pica.zhimg.com/v2-abed1a8c04700ba7d72b45195223e0ff_l.jpg?source=06d4cd63,1780329313795
11086893201,0,AI破局其实可以的,1736605247,四川,0,0,0,13802161981,article,c6fee7ae6961895fc6161ef65aa1a16d,https://www.zhihu.com/people/shou-tu-93,小机AI智能体,https://picx.zhimg.com/v2-d3daa45534538f22a9270f44771930ba_l.jpg?source=06d4cd63,1780329313798
11086239723,0,钱都被 网课，ai抽卡，给赚走了,1736558592,天津,0,0,0,13802161981,article,d9549ccd639a5e566f1196212f0b6e2d,https://www.zhihu.com/people/wang-si-wei-4hao,Mr.Gray,https://picx.zhimg.com/v2-a963c5ca77a37462f6dabda67f74bd43_l.jpg?source=06d4cd63,1780329313801
11084897714,0,感谢作者无私分享！期待您更多关于ai方面的心得[大笑][赞][红心],1736384277,广东,0,0,0,13802161981,article,329d0485a33a7bb640384c740c027b3b,https://www.zhihu.com/people/arwood,arwood,https://picx.zhimg.com/v2-4f0d445b07ab003a49ffbb9c247ba2cf_l.jpg?source=06d4cd63,1780329317842
11083547517,0,作为一个想去学习AI但是没什么基础的人，真的感觉无从下手。所以现在我不用太过深究他们的原理，直接找几个AI工具先去使用一下，体验一下。是这个意思吗？[思考],1736231541,广西,2,0,0,13802161981,article,0a205077ca1c201a4479980927fdc2fd,https://www.zhihu.com/people/lan-qiu-wo-xiang-da-jiao-lian,篮球我想打教练,https://picx.zhimg.com/v2-f1dd6e04e34947054f03dae7361b72e4_l.jpg?source=06d4cd63,1780329317848
11078642603,0,现在教育局推动学习啊，我家三年级的小朋友都推动学习。另一个是参加什么算法比赛,1735733894,海南,0,0,0,13802161981,article,922a8d264efa5211056a1e5e6d5e1cb3,https://www.zhihu.com/people/hua-er-56-55-79,不屈不挠的小白去,https://pic1.zhimg.com/v2-1cebc2a4aeb6d8182e8ba4a39728afa5_l.jpg?source=06d4cd63,1780329317852
11074805136,0,这么多大佬哇，一知半解的哈哈哈[捂脸]，我现在去学al大模型靠谱不哈哈哈[捂脸],1735295566,辽宁,0,0,0,13802161981,article,eecc430f90652ff08dc070ac9988111b,https://www.zhihu.com/people/mei-mei-75-5-21,莓莓,https://picx.zhimg.com/v2-eba4fc52001da8644f4755e58b09d2a7_l.jpg?source=06d4cd63,1780329317855
11074671175,0,值得认真阅读，老师喜欢提问的学生,1735265383,广东,0,0,0,13802161981,article,b4b2acf42bab9020bfc225f8f7783456,https://www.zhihu.com/people/58-66-56-16,东东问西西,https://picx.zhimg.com/v2-e5aeb4872c80f1b3edccc46617dfe3de_l.jpg?source=06d4cd63,1780329317859
11074462250,0,A丨不过是资本圈钱工具而已,1735235599,广西,0,0,0,13802161981,article,2d03a5d2280311eaa9b77b7a60ee8b4a,https://www.zhihu.com/people/ding-xiao-ge-91,东方神圣引路人,https://picx.zhimg.com/v2-019059501c64c9210c7bebba3baea9d0_l.jpg?source=06d4cd63,1780329317863
11072981917,0,学技术真的很难跟得上，学了两个月的技术，一次更新换代，发现白学了[大笑],1735128445,广东,3,0,0,13802161981,article,3c992ecf7acfa57c628230ea03dcea72,https://www.zhihu.com/people/46-52-61-55,篝之雾枝,https://picx.zhimg.com/v2-4b5ad1e2fd67b167de9b0ae78296845a_l.jpg?source=06d4cd63,1780329317866
11072688923,0,是的，你说的很对，只有真的深入使用过的人才知道它只是一个提高效率的工具，但很多时候还是会惊叹！哇塞，哇塞，很哇塞！,1735047075,浙江,0,0,0,13802161981,article,9258bb6fe621c6708d4f86adf1c0cd93,https://www.zhihu.com/people/yu-li-lily,于立lily,https://pica.zhimg.com/v2-dea79da6d784103dcc568dfd8ee84907_l.jpg?source=06d4cd63,1780329317870
11072525758,0,科技水平发展是阶层矛盾的主因[蹲][知乎益蜂],1735067230,广东,0,0,0,13802161981,article,0429dfbfb79d8531184c5c5b6f643ffa,https://www.zhihu.com/people/69-22-10-18,寒商不夜侯,https://picx.zhimg.com/v2-3a9c6f8698d7dc8dc4b65852450338a5_l.jpg?source=06d4cd63,1780329317874
11072344946,0,认可，AI的定位是工具,1735047228,四川,0,0,0,13802161981,article,6cc72f850d5d7f3dce5dfcc2050393c7,https://www.zhihu.com/people/xiong-tao-22-92,熊韬,https://pica.zhimg.com/v2-abed1a8c04700ba7d72b45195223e0ff_l.jpg?source=06d4cd63,1780329317879
11072198370,0,A|就是个工具，就跟当年电脑普及一样。会玩电脑没发财，会玩A丨照样。,1735034458,山东,0,0,0,13802161981,article,e9e70e18967d717376a25cbb73deebfc,https://www.zhihu.com/people/9-7-51-12,禾场农夫,https://picx.zhimg.com/v2-310554e17decf4496f114b7d3f98ae0c_l.jpg?source=06d4cd63,1780329322059
11072030488,0,对的，赞同理念。,1734984339,北京,0,0,0,13802161981,article,8dc59d50bdc8ccf439f7ebbd50ac5843,https://www.zhihu.com/people/xue-xin-66-52,微光闪耀的勇士,https://pic1.zhimg.com/2ab7f479e54f7c9a5c6104ab9cd5a009_l.jpg?source=06d4cd63,1780329322065
11071695211,0,掌握基本技能的人最有价值，因为一切先进技术衍生出的工具都需要能源（电力），失电就是废铁一堆，最原始的也是最有效的，这时再高级的东西都派不上用场，人的基本生存技却能救命。,1735013113,浙江,0,0,0,13802161981,article,f7daf76a28ca955d3063d4bf443d650e,https://www.zhihu.com/people/zhaotong-59,ZhaoTong,https://pic1.zhimg.com/v2-012d45a31afbe4d5f9d26e956692c413_l.jpg?source=06d4cd63,1780329322069
11071587622,0,现在的人工智能不够成熟，只是刚起步。,1734948440,重庆,0,0,0,13802161981,article,c512e189f1de6bb758520760ee7c0900,https://www.zhihu.com/people/75-72-59-43-5,知乎用户dtLn5D,https://pic1.zhimg.com/v2-abed1a8c04700ba7d72b45195223e0ff_l.jpg?source=06d4cd63,1780329322072
11071446242,0,豆包写的,1734947996,北京,3,0,0,13802161981,article,cf5a1d7d1f5b2399a59b6dbe99fd7488,https://www.zhihu.com/people/horizon-79-63,horizon,https://picx.zhimg.com/v2-1abe7b115ea0ab9e5dfe334d5a1fef38_l.jpg?source=06d4cd63,1780329322076
11404274868,0,真正用过的人都会评价就是一坨屎,1769645203,广东,0,0,0,13802161981,article,e098f3869c529ecc2d5713c27ad03152,https://www.zhihu.com/people/yjljq,yjljq,https://picx.zhimg.com/v2-354ca22994412c76326620585dca2575_l.jpg?source=06d4cd63,1780329322084
11422553374,0,关键还是数字签名，没这个上面不认[捂脸],1771763226,浙江,0,33,0,2008220778219459907,answer,4e28add69bad094a9bd7048a03256a91,https://www.zhihu.com/people/flex666,flex666,https://pic1.zhimg.com/v2-abed1a8c04700ba7d72b45195223e0ff_l.jpg?source=06d4cd63,1780329328113
11422992181,0,其实这些东西不用所谓的程序去花里胡哨的类比，就按道教原本的说法更容易理解。你师兄这就属于为了标新立异而强行复杂化，类似要关智能灯，手边就是实体开关，却非要打开手机用智能遥控,1771881384,浙江,0,10,0,2008220778219459907,answer,d9ed2a71565e09416960bd947fef4bfb,https://www.zhihu.com/people/xuan-wu-55-95,玄梧,https://picx.zhimg.com/v2-abed1a8c04700ba7d72b45195223e0ff_l.jpg?source=06d4cd63,1780329328117
11421786214,0,好诗偷了,1771694925,江苏,3,4,0,2008220778219459907,answer,29e7e33c479909282d9f19e55545d826,https://www.zhihu.com/people/fu-yue-zhu-94,知乎用户Cb8LF0,https://pica.zhimg.com/v2-abed1a8c04700ba7d72b45195223e0ff_l.jpg?source=06d4cd63,1780329328123
11424012632,0,[捂脸] 作为程序员就悟到这一点可不行 写好程序 你便是圣人,1771996481,陕西,0,2,0,2008220778219459907,answer,09ec17a1d5acafdea702a54c6377dc5d,https://www.zhihu.com/people/ta-you-xie-wu-nai-de,他有些无奈的,https://picx.zhimg.com/v2-abed1a8c04700ba7d72b45195223e0ff_l.jpg?source=06d4cd63,1780329328133
11422078442,0,灵吗,1771727793,河南,0,2,0,2008220778219459907,answer,f03980de83243130ea27f92199d69f00,https://www.zhihu.com/people/59-37-18-59-53,观化道人,https://pic1.zhimg.com/v2-54792428cbbaf905605071e15aac2998_l.jpg?source=06d4cd63,1780329328140
11439388575,0,这样就对了，要与时俱进，不知道上面现在电子化办公了没有。,1773671550,山东,0,1,0,2008220778219459907,answer,73316ed9c4b32487170024013f58c8ae,https://www.zhihu.com/people/cun-tou-xiao-mai-bu-bu-chang,村头小卖部部长,https://picx.zhimg.com/v2-1d6f8b14545044bed0bb3bcc09d4cb9d_l.jpg?source=06d4cd63,1780329328143
11459638627,0,算法就是中国人设计的,1775964544,山东,0,0,0,2008220778219459907,answer,841d22e2881de5653ec36e3bb3c6d0e9,https://www.zhihu.com/people/90-13-78-74-26,垂纶长川,https://picx.zhimg.com/v2-246b75030b6b9ab4170bb60808519d72_l.jpg?source=06d4cd63,1780329328145
11454525078,0,好家伙，这么有趣的吗,1775322033,湖北,0,0,0,2008220778219459907,answer,8a532a588330290596f8954de6f9acc4,https://www.zhihu.com/people/momo-5-32-41-92,momo,https://pic1.zhimg.com/v2-f1be5ed24936a7311e75da3884b2bd6d_l.jpg?source=06d4cd63,1780329328150
11450226879,0,所以跨越了千万年，人类创作的思路还是没太大变化？[发呆],1774834317,河北,0,0,0,2008220778219459907,answer,ed399f2e2e06ae0c661a0c6b53ab0850,https://www.zhihu.com/people/yan-zhao-dong-ge,燕赵东叔,https://pica.zhimg.com/v2-a520a9306e2a854217b78b0e7c2c13be_l.jpg?source=06d4cd63,1780329328155
11434200578,0,不如此法就叫“大罗法咒”吧,1773037495,山西,0,0,0,2008220778219459907,answer,5de97e7596a86f49a1f9ded44039d448,https://www.zhihu.com/people/zhang-jia-qi-64-81,猫思愚,https://pic1.zhimg.com/v2-0626563240ce37fe81811ec83b0dd943_l.jpg?source=06d4cd63,1780329328158
11433938443,0,豁然开朗,1773043557,浙江,0,0,0,2008220778219459907,answer,3116a0ad9b7a0cd0944860aec60f8478,https://www.zhihu.com/people/tungchi,knowNoneBut123,https://picx.zhimg.com/16af5f896e1a1e57588b9f2b8ab06a03_l.jpg?source=06d4cd63,1780329332405
11433696888,0,[害羞] 道法编程：万物皆在重构同一套底层代码,1772991324,上海,0,0,0,2008220778219459907,answer,e0071b7e0cf665b3a0786bfbebf09bc5,https://www.zhihu.com/people/sui-yu-78-48,随雨,https://picx.zhimg.com/ebfe5ad319dc64a975714f4767d75242_l.jpg?source=06d4cd63,1780329332410
11427571817,0,所以说适合程序员的宗教还得是道教，^_^,1772335158,上海,0,0,0,2008220778219459907,answer,ba0f8840ac54b6252cf7738aa2ff034e,https://www.zhihu.com/people/lan-qing-qing-28-93,经年瑾安,https://picx.zhimg.com/v2-8a552be21d17bb1f595b1029d3a7f21a_l.jpg?source=06d4cd63,1780329332417
11427034513,0,不想html文件么？,1772281620,福建,0,0,0,2008220778219459907,answer,6c1e65ae7ee655dd3d01a82525b93e00,https://www.zhihu.com/people/zhou-xiang-84-13,彩虹马,https://picx.zhimg.com/v2-fcb647581acb8a7739467ed97cacb008_l.jpg?source=06d4cd63,1780329332420
11425547579,0,今天的信仰有点二极管的味道,1772163551,河北,0,0,0,2008220778219459907,answer,6cc32910f7ad3a5d2e4baee224c891bb,https://www.zhihu.com/people/qian-zui-zhen-ming,千醉真名,https://picx.zhimg.com/v2-03b42d62450ffcb05428b958512bea22_l.jpg?source=06d4cd63,1780329332425
11425256258,0,666,1772074756,湖北,0,0,0,2008220778219459907,answer,4fff8e720fee3f0db6549b54178b49a4,https://www.zhihu.com/people/peng-jia-judy,祝二梦心想事成,https://pic1.zhimg.com/v2-9d01d8fe9faacb1283999744a69231ab_l.jpg?source=06d4cd63,1780329332429
11424436450,0,还有易经的二进制,1772031489,内蒙古,0,0,0,2008220778219459907,answer,9bda6fcf811a3775e512d9845f20605b,https://www.zhihu.com/people/deng-deng-deng-deng-deng-deng-37,将深蓝,https://picx.zhimg.com/v2-83a68e59576b9a479c9a85c65932e515_l.jpg?source=06d4cd63,1780329332434
11424354314,0,+1,1771986712,山西,0,0,0,2008220778219459907,answer,d20397cea68b4c5423db772bd15954ab,https://www.zhihu.com/people/sen-yu-9-37,森屿,https://picx.zhimg.com/v2-4f86651c6ba677dd5b92367b6953467a_l.jpg?source=06d4cd63,1780329332438
11424346848,0,其实很对，大部分都是随运势转换，但是努力都不会太迟！我一个朋友也是考研，考了很多次，都想放弃了，也去找老师预测过，前几次都是说不能过，也确实没过，如果再不过就没机会了，他又去预测，结果老师一看，格局啥的都吉利，就断应该是被录取了，她刚开始并不信，他感觉应该也不好，因为题的难度她自己是知道的，结果出来她都懵了，分数确实是不够的，但是被录取的另一个同学要去海外读了，就放弃了这个名额，学校就把这个名额给没达标的之中分数最高的她了！所以您们不信命运，真的是没遇到厉害的！当然也还需要成长,1772029569,广东,0,0,0,2008220778219459907,answer,f2a7d7c184b3e7b65475e9bdb94aff02,https://www.zhihu.com/people/4-12-63-1-58,缘分,https://picx.zhimg.com/v2-834bed8d206cc401e5459f86f1652065_l.jpg?source=06d4cd63,1780329332441
11424100774,0,卧槽，这个角度牛逼了。,1772013047,海南,0,0,0,2008220778219459907,answer,718661cca9341372b2e341fac255b4ac,https://www.zhihu.com/people/zuo-ge-ge-72,海白沙,https://pic1.zhimg.com/0052647568d5728ace8ff6566273eb43_l.jpg?source=06d4cd63,1780329332445
11484523736,0,送出一个礼物～,1778841219,北京,0,0,0,2028596165298467962,answer,a91c902d0062944ee68701eedce802ee,https://www.zhihu.com/people/5frimln2,理性情绪实验室,https://picx.zhimg.com/v2-c37911513510fbee303e092cbf1ae894_l.jpg?source=06d4cd63,1780329338407
11465275897,0,在知乎上，很久没有逐字逐句的看别人的回答了。 你是第一个。,1776629483,北京,1,0,0,2028596165298467962,answer,0bf535fc8813ec46326cbad1b0f4f10a,https://www.zhihu.com/people/aiwangmi,Promise,https://picx.zhimg.com/v2-789ee0b0d7188a63370ddd7fcf89172b_l.jpg?source=06d4cd63,1780329338410
11465268205,0,写的太好了[感谢] 最后一段让我想起一些经典电影的结尾 比如爱能突破一切限制然后最终打败boss 哈哈不知道为什么突然想到这个,1776599523,北京,1,0,0,2028596165298467962,answer,893b036e601e1d08ddc7049aab824363,https://www.zhihu.com/people/jie-cheng-ming-ri-nai-99-79,结成明日奈,https://pic1.zhimg.com/v2-16c6bbcd7ec225326223330845bb5140_l.jpg?source=06d4cd63,1780329338413
11463027675,0,一个最简单的处理办法:复制AI给的答案，开个新会话，发给它自己，问它有没有问题，然后你自己跟着改。这样来一段时间，再懒的人也会思考了[捂脸],1776336916,安徽,0,3,0,2025301152401486480,answer,162a8b74b6a58479ba21bd8308a4477d,https://www.zhihu.com/people/duolou,duolou,https://picx.zhimg.com/v2-abed1a8c04700ba7d72b45195223e0ff_l.jpg?source=06d4cd63,1780329344460
11464757679,0,跟聪明人聊天会越来越聪明，跟臭棋篓子下棋会越来越垃圾，我感觉不至于吧,1776520756,江苏,0,3,0,2025301152401486480,answer,3598c8fed40824807a949a655ea5bdc6,https://www.zhihu.com/people/kuang-ren-ri-ji-65,狂人日记,https://pic1.zhimg.com/v2-abed1a8c04700ba7d72b45195223e0ff_l.jpg?source=06d4cd63,1780329344464
11471036676,0,AI只是个工具，如何使用工具全看个人，有的人可能就是希望AI能帮自己变得更聪明,1777296961,浙江,0,1,0,2025301152401486480,answer,5cc24a2d5fd7f71572362f8c1969fc4d,https://www.zhihu.com/people/ho-lee-34,Ho Lee,https://picx.zhimg.com/v2-babfa8bf0abc3540a3c618e44b576d91_l.jpg?source=06d4cd63,1780329344468
11470509176,0,会，会形成Ai依赖,1777196313,山东,0,1,0,2025301152401486480,answer,15a86e9ec7fe2b0f6ad61c756f038370,https://www.zhihu.com/people/mu-yi-30-70-28,木易,https://picx.zhimg.com/v2-4700116072a9eba9330a81fbbe49b7d5_l.jpg?source=06d4cd63,1780329344480
11463401170,0,一般让AI试，除非次次都有问题；除非过于小的改动，否则必须有验证；没AI我本来就不会的东西，怎么都痛苦，只能依赖AI；不捋顺，用了也难验证，不太行；顶多憋简单的工作总结，想写出花不管任何时候都不如交白卷，这也只能依赖AI所以我有半个AI脑了属于是[飙泪笑],1776332596,浙江,0,1,0,2025301152401486480,answer,b274fd60094b8c64409863d0ff7a9c5d,https://www.zhihu.com/people/liu-jin-xiang-3,pochiko,https://pic1.zhimg.com/v2-5864eb98e6a0f51fa04c3a848bacdec6_l.jpg?source=06d4cd63,1780329344486
11462917430,0,ai梳理逻辑其实是相当好的选择。让gpt画mermaid，让gemini做可视化演示，远比你奔着一坨不明所以的长文去看，去捋文字游戏方便的多。本身就该这么干，顺着逻辑线读文，再反过来查漏补缺，才是提高效率，重视主干，从主干理解关键细节的选择，而不是扒拉文本细节，徒增阅读烦恼。,1776271199,陕西,2,0,0,2025301152401486480,answer,d7ce8b49dff0359341426318b00ce521,https://www.zhihu.com/people/87-34-95-33,mewthree,https://picx.zhimg.com/v2-7f16fabfaaf86ed8d6b8ab3685b17881_l.jpg?source=06d4cd63,1780329344489
11462883665,0,ai文吧,1776252577,湖南,0,0,0,2025301152401486480,answer,99b09dabbc3dbfcf18d787821f1b9f20,https://www.zhihu.com/people/xie-ming-xian-73,谢明弦,https://picx.zhimg.com/v2-0b556036b6db6caf25ddff4e62d99353_l.jpg?source=06d4cd63,1780329344494
11462752561,0,那你以前学习某种知识还只会去看书呢，那时候咋不担心万一没了书啥都不会了,1776309523,广东,0,0,0,2025301152401486480,answer,493fdc8b7bf4a8b695ef29a0b544039d,https://www.zhihu.com/people/jiu-you-lao-ren,曹雪葱,https://pic1.zhimg.com/v2-abed1a8c04700ba7d72b45195223e0ff_l.jpg?source=06d4cd63,1780329344499
11462418670,0,起码现在不会。每次问完豆包问题，我都在这样的烦恼中挣扎：它是不是又在胡说八道？[为难],1776244567,北京,1,0,0,2025301152401486480,answer,adb72c0fcfc6a3b795a0432c4655ed99,https://www.zhihu.com/people/kcui,云游,https://pic1.zhimg.com/52bd1e917_l.jpg?source=06d4cd63,1780329344502
11462021351,0,非常赞同你的观点，AI确实是一把双刃剑，用好了可以提升效率，用不好就会让人丧失思考能力，关键还是在于使用的度,1776179679,湖北,1,0,0,2025301152401486480,answer,8f949c872d044977695a893170986385,https://www.zhihu.com/people/ru-yi-4,请叫我姐姐,https://picx.zhimg.com/3d1dff482f524c223bf31cef5dd4230a_l.jpg?source=06d4cd63,1780329344505
11488399156,0,反对床头上不放纸[为难],1779312249,山东,0,6,0,2040414489208672537,answer,49df57b15b0677d5888728ecc7f60f83,https://www.zhihu.com/people/hai-shi-82-46,海石,https://picx.zhimg.com/v2-fa69cdcdad04e1563ed44e8d496a9bd0_l.jpg?source=06d4cd63,1780329353311
11489151156,0,虎为什么不可以拜观音呢,1779326832,陕西,0,4,0,2040414489208672537,answer,300282961a996cb843a6afad9665d99d,https://www.zhihu.com/people/mu-zi-29-50-84,木子,https://picx.zhimg.com/v2-0ed71894997a5e92cb8d1a1da4a7057e_l.jpg?source=06d4cd63,1780329353338
11488622854,0,我属龙，孩子属狗,1779289121,湖南,2,3,0,2040414489208672537,answer,8328a24689d38b9485aff1edbaab1278,https://www.zhihu.com/people/zuo-dan-gao-de-lao-ma-ma,Ffly,https://picx.zhimg.com/v2-e58fca75cf18c629fcbb33d61f630f51_l.jpg?source=06d4cd63,1780329353342
11489157473,0,要相信科学,1779336748,河北,0,1,0,2040414489208672537,answer,ada6b301702bfe36c7e89c307e977e37,https://www.zhihu.com/people/z7no941q,小看山z7nO941q,https://picx.zhimg.com/v2-d0f434e541f7e583d3255b64da1a5a77_l.jpg?source=06d4cd63,1780329353346
11488669740,0,啥都不信，只要健康人生就是赢家,1779352230,云南,0,1,0,2040414489208672537,answer,78075209f3167da97110ad475543d177,https://www.zhihu.com/people/xu-zhi-hong-90-45,云兮贝兮,https://pica.zhimg.com/v2-17824f14ef6e54a203f5cd67af0dd9e4_l.jpg?source=06d4cd63,1780329353351
11489042565,0,那属猫的是不是得多养老鼠了[尴尬],1779338265,新疆,1,2,0,2040414489208672537,answer,5891c649af0053f8f35fc70156189881,https://www.zhihu.com/people/huan-ge-zhu,时间是深海丶,https://picx.zhimg.com/v2-fe347ce36f0a3cbf8b16a4cbc1f02b35_l.jpg?source=06d4cd63,1780329353354
11489127519,0,属鼠的，老喜欢猫咪了怎么破？,1779334724,贵州,1,2,0,2040414489208672537,answer,4897ce7772920e9e08c89f6b9d791d74,https://www.zhihu.com/people/niu-niu-bie-pao-79,用理想打败现实,https://pic1.zhimg.com/v2-abed1a8c04700ba7d72b45195223e0ff_l.jpg?source=06d4cd63,1780329353360
11488947915,0,床头放书呢？还有晚上洗完澡就会修剪指甲，这个习惯咋改[酷],1779325947,陕西,0,1,0,2040414489208672537,answer,cea52debdacf36e92072f7621afcd6b7,https://www.zhihu.com/people/xiao-ping-gai-20-23,涅槃女王,https://picx.zhimg.com/v2-abed1a8c04700ba7d72b45195223e0ff_l.jpg?source=06d4cd63,1780329353363
11493639634,0,这都啥啥，万一属蛇的偏偏是个水旺的日主呢,1779870839,山东,0,0,0,2040414489208672537,answer,d64186a232310653db3be6da4693c759,https://www.zhihu.com/people/nausicaa-1,楹九渊,https://picx.zhimg.com/v2-fde22a293a4120657c6e8fb1553d9b01_l.jpg?source=06d4cd63,1780329353366
11491715598,0,美国算东方？但是英国算西方？能去吗？,1779672339,上海,0,0,0,2040414489208672537,answer,1d5e4c96a3f1db074816213380c014ad,https://www.zhihu.com/people/liliellen52,渺渺lili,https://picx.zhimg.com/8be228245_l.jpg?source=06d4cd63,1780329353369
11494058232,0,以前觉得都是无稽之谈，后来屡屡遇到巧事、难事，慢慢就信了。与其说是信奉命理，不如说借这份念想稳住心态，好好往前走。,1779924449,四川,0,0,0,2040414489208672537,answer,c57593759f93b14f9141a750ca4dddba,https://www.zhihu.com/people/dlypr-57,梅花暗香,https://pica.zhimg.com/v2-d24ed870663f60e7a6b4a38a7e3ed4df_l.jpg?source=06d4cd63,1780329357278
11493706525,0,劝酒两次，对方都不端杯，就不劝第三次。,1779902919,河北,0,0,0,2040414489208672537,answer,f5c16f869d01f42b44cf55ac07bfdf72,https://www.zhihu.com/people/zhang-xiao-xin-2-63,骠骑大将军,https://picx.zhimg.com/v2-abed1a8c04700ba7d72b45195223e0ff_l.jpg?source=06d4cd63,1780329357284
11494289193,0,你就说你的复制粘贴能不能风格统一一点？,1779915524,湖北,0,0,0,2040414489208672537,answer,e96312419a0160b709e454c84e56acf1,https://www.zhihu.com/people/yi-zheng-yi-xie-59,亦正亦邪,https://picx.zhimg.com/v2-abed1a8c04700ba7d72b45195223e0ff_l.jpg?source=06d4cd63,1780329357290
11492524290,0,看望病人不送苹果难道送梨？,1779750027,河南,0,0,0,2040414489208672537,answer,dc4026c9aa241dab8493b3609703ba61,https://www.zhihu.com/people/yi-lu-ling-xian-36,漂流的叶子,https://pica.zhimg.com/v2-f80f348c2495eaa808d3e33cc57b1e08_l.jpg?source=06d4cd63,1780329357293
11492503067,0,[拜托]感谢分享[拜托]越来越好,1779765572,江苏,0,0,0,2040414489208672537,answer,b12db61d6b797970639c51653d13cd48,https://www.zhihu.com/people/you-ni-49-76,友你,https://pica.zhimg.com/v2-abed1a8c04700ba7d72b45195223e0ff_l.jpg?source=06d4cd63,1780329357297
11488923213,0,6.蛇：应避免去往北方，北方五行属水，克火。,1779334501,山东,0,0,0,2040414489208672537,answer,16e1fede103e034e3e6bfb86a1d05b6d,https://www.zhihu.com/people/sa-la-hei-42-55,喜遇徐,https://pic1.zhimg.com/v2-abed1a8c04700ba7d72b45195223e0ff_l.jpg?source=06d4cd63,1780329357304
11492196858,0,虎为啥不能拜观音,1779701679,山东,0,0,0,2040414489208672537,answer,5de5b600e7c13ab36943c5fb80565ada,https://www.zhihu.com/people/xinai-87,吉日,https://picx.zhimg.com/v2-721b118140f4888b01d0343180f5ce8e_l.jpg?source=06d4cd63,1780329357309
11491405610,0,木旺就需要金来克,1779593710,海南,0,0,0,2040414489208672537,answer,70f2aa1c753fa80f305e3ef22a42f57e,https://www.zhihu.com/people/gao-go-96,高go,https://picx.zhimg.com/v2-10f14122e74ef2d77dc18ed8695ac439_l.jpg?source=06d4cd63,1780329357314
11489186070,0,朋友和表兄弟姐妹给大厂打工年薪百万，对我这种年薪三十万的来说已经算是发财了[蹲],1779345895,安徽,0,0,0,2040414489208672537,answer,50c26ca0ee8412e36668d895a992810c,https://www.zhihu.com/people/fang-69-74-70,FANG,https://picx.zhimg.com/v2-2c3440fceccfdc41ead242db4c651aa6_l.jpg?source=06d4cd63,1780329357317
11489887320,0,[酷][酷][酷],1779435370,云南,0,0,0,2040414489208672537,answer,7e3066ff6aaec7828941136878257ece,https://www.zhihu.com/people/zhi-a0nmhfu,zhi_a0NmHfu,https://picx.zhimg.com/v2-f1be5ed24936a7311e75da3884b2bd6d_l.jpg?source=06d4cd63,1780329357320
11490260504,0,鸡呢？,1779434584,上海,0,0,0,2040414489208672537,answer,725b8696f8204ed0156984a46029cab1,https://www.zhihu.com/people/hdabuilding,HDA Building,https://pica.zhimg.com/v2-6b6b93ff2019451db0eb145227c3a95c_l.jpg?source=06d4cd63,1780329361909
11492332136,0,扯，秦岭以北属蛇🐍咋办。无语,1779693701,陕西,0,0,0,2040414489208672537,answer,7ff5b76fbe156fb8349a0a477b3325db,https://www.zhihu.com/people/gang-hao-gou-gou-he-he,有相无相,https://picx.zhimg.com/v2-abed1a8c04700ba7d72b45195223e0ff_l.jpg?source=06d4cd63,1780329361913
11489275107,0,61.这年头豆包都会骗你，还隔着信玄学呢,1779350343,浙江,0,0,0,2040414489208672537,answer,07d22bb478b8842d4d1fdb8ecb0e143c,https://www.zhihu.com/people/wu-zhuo-qun-72,白菜白,https://picx.zhimg.com/3d501d83cb0ba8e0a3ba5746370aa4fa_l.jpg?source=06d4cd63,1780329361916
11335228268,0,最好是在你熟悉的领域用AI，因为我之前有试过，发现给我的答案是错的[飙泪笑]，如果是不熟悉的领域用了，给出的东西是错的你都发现不了，其实也挺可怕的,1762485323,浙江,8,58,0,1969516808219371380,answer,9c4ab2661288a5a0b07d1b5a987ec045,https://www.zhihu.com/people/zhang-xia-fang-34,再见之前,https://pic1.zhimg.com/v2-46e88fd39677205bd012de7e4858d0ae_l.jpg?source=06d4cd63,1780329368257
11334580420,0,ai只会更快的导致分配失衡,1762440730,北京,14,43,1,1969516808219371380,answer,5cffffe5091752a1cb3b1afe4c63cf58,https://www.zhihu.com/people/bu-chi-yu-2-2,不吃鱼,https://pic1.zhimg.com/v2-abed1a8c04700ba7d72b45195223e0ff_l.jpg?source=06d4cd63,1780329368263
11334266468,0,哪次技术变革大潮来临的时候，是以个体意愿为转移的吗？与其无谓的抵抗，不如接纳它成为更晚被淘汰的人来得实际。,1762393047,黑龙江,3,28,0,1969516808219371380,answer,4c76640ad609138977d1058b0642546f,https://www.zhihu.com/people/huc_zhangjingxin,张敬信,https://picx.zhimg.com/v2-a45640d3f14d8e306089a0655e762c5c_l.jpg?source=06d4cd63,1780329368269
11334621825,0,不不不，现在是这样查看图片,1762405479,北京,9,14,0,1969516808219371380,answer,1b2d1a7a0118186422ee8cd2c402fda8,https://www.zhihu.com/people/zhang-chun-sen-83,乌鸦栗子,https://picx.zhimg.com/v2-14e902fa4d5d226ba2c96e496ade5a64_l.jpg?source=06d4cd63,1780329368275
11338112189,0,AI 是有用，但是你早一分钟下班了吗？事实上是，你的工作量增加了，你一个人干了原来三个人的活，幸福指数降低了，更加焦虑了。,1762794309,江苏,0,13,0,1969516808219371380,answer,12d81203edb1288d393011b139b62196,https://www.zhihu.com/people/fan-kun-de-niu-you-guo,爱菊N,https://picx.zhimg.com/v2-abed1a8c04700ba7d72b45195223e0ff_l.jpg?source=06d4cd63,1780329368280
11334634503,0,[大笑]目前AI对我来说有用的是对付无意义杂活（做各种ppt孩子的课外作业）和搜索引擎,1762430812,上海,2,8,0,1969516808219371380,answer,92b1edd237d1177741c4becabc1ff9d8,https://www.zhihu.com/people/freeshark,freeshark,https://pic1.zhimg.com/v2-756b71618a44a547b72e3d71a8119f0e_l.jpg?source=06d4cd63,1780329368286
11335935417,0,讲道理，我现在建数学模型，写仿真，查阅文献资料，写基础脚本……完全离不开AI了。甚至生活中也是。我老婆一个做文职的文科生，现在也离不开AI了，因为真的能大幅提高工作效率。。。与其鄙视和担忧，不如接纳和享受,1762582443,上海,0,7,0,1969516808219371380,answer,658690771122022e6ba664ba97c82b96,https://www.zhihu.com/people/chen-lu-lai-92,无语,https://pic1.zhimg.com/v2-abed1a8c04700ba7d72b45195223e0ff_l.jpg?source=06d4cd63,1780329368293
11334815611,0,你说的场景对老板有用啊，而开发人员完全没有一起抵抗的手段，那些对AI熟悉的开发自然会淘汰不会用的，不管会不会导致编制/人员成本收缩你说的场景对个人开发也有用,1762439654,浙江,2,7,0,1969516808219371380,answer,753c5dc426b4618e6c6a292c821dd79b,https://www.zhihu.com/people/softyun,softyun,https://picx.zhimg.com/v2-abed1a8c04700ba7d72b45195223e0ff_l.jpg?source=06d4cd63,1780329368296
11337610951,0,笑死，人類都有ai了還要工作幹嘛,1762765020,中国台湾,0,6,0,1969516808219371380,answer,484dac182cf7a1a4f9c5f711ad783e64,https://www.zhihu.com/people/eric52004,eric520,https://pica.zhimg.com/v2-bd793585fac0b52fc6db659f34337fe8_l.jpg?source=06d4cd63,1780329368300
11337989005,0,AI代替不了人类，你所有的“所谓的逻辑闭环”是建立在一切理想的状态下，假如AI没有瓶颈、没有高额售价、没有持续维护、没有思维更新、没有交互窗口、没有随叫随到、所有的一切都没有的情况下！实际会是如此吗？,1762771302,河南,3,4,0,1969516808219371380,answer,0f7e8475f4ab1bfe5c009c1c69ac44a9,https://www.zhihu.com/people/RyanCash,画眉如黛,https://picx.zhimg.com/v2-cbc08abee5bd3397b2c60e703dab21fe_l.jpg?source=06d4cd63,1780329368306
11334790425,0,以前出一份产品框架需要一整天，现在只需要一个小时，这个就是AI的意义。,1762442786,广东,13,4,0,1969516808219371380,answer,28c1d4ff1c69c9f368f0bc32243e95bd,https://www.zhihu.com/people/jp123456-19,熱愛關機的喵,https://picx.zhimg.com/v2-db960b6addf67a98b2aeca9b9179c521_l.jpg?source=06d4cd63,1780329372678
11334853545,0,问题现在是ai说的不一定会对，他遇到有的问题会自己乱编，那就很蛋疼了。首先我问的问题肯定是我不知道答案的，然后我也无法知道他提供的解答是否对的，而且他说的头头是道根本无法分辨，那ai知无不言有啥用？,1762469066,安徽,1,3,0,1969516808219371380,answer,2be01cf3c155f5c4577d2afe229d2c3e,https://www.zhihu.com/people/52-94-65-48,超级卡布达,https://picx.zhimg.com/v2-5fc67a2efe2e8f52b40fac8a80da1442_l.jpg?source=06d4cd63,1780329372684
11337846765,0,现在可以用ai监控员工工作了，用ai剥削人。,1762773924,广东,0,1,0,1969516808219371380,answer,9c7ea07d57e7830d6b6bf5a827792e71,https://www.zhihu.com/people/zhaoguxin13480871491,保龄球,https://pic1.zhimg.com/v2-62cb33295c0f9ca9ad3a6a064f9551d5_l.jpg?source=06d4cd63,1780329372688
11342063154,0,我喜欢写沙雕小软件，做点游戏的二创视频。而这些事情用AI的收益都挺明显。谁告诉你AI只能在工作中起作用了，为什么提到活动必须是自娱自乐，为什么不能靠产出来娱乐呢？,1763139420,广东,0,2,0,1969516808219371380,answer,f4fe272e60cd96ffc469f9330d3d5546,https://www.zhihu.com/people/pohu-13,poHu,https://pica.zhimg.com/v2-abed1a8c04700ba7d72b45195223e0ff_l.jpg?source=06d4cd63,1780329372692
11345844441,0,我只知道，用了ai之后，我干活轻松多了，我是离不开这玩意，别人我不管,1763527652,海南,0,2,0,1969516808219371380,answer,5be912333ec75c74205f7e5e4c6a2670,https://www.zhihu.com/people/42-59-17-19-5,斯派克李,https://pic1.zhimg.com/v2-184dbcbc6dd02db8f987e19f7cdc4ec2_l.jpg?source=06d4cd63,1780329372696
11335650998,0,你不用我用，并且我偷偷用不让人知道，那我就省时间了呀,1762516729,浙江,0,2,0,1969516808219371380,answer,d91b53d6bcfd66ac7df4227e9c6d921d,https://www.zhihu.com/people/15-29-84-87,奇奇又怪怪,https://pic1.zhimg.com/v2-5ebe95d09c434f91414b205dd22752df_l.jpg?source=06d4cd63,1780329372705
11334576158,0,你说的在底特律变人中亦有记载，但大型科技企业还是不断发展AI，这跟你用不用学不学毫无关系了,1762430391,湖北,0,2,0,1969516808219371380,answer,5b78e1571fd98a5801eb2fd2753b76b3,https://www.zhihu.com/people/xiang-gang-ji-zhe-28,行人,https://picx.zhimg.com/v2-3f54c7c70690fa37e60b7284ec168af3_l.jpg?source=06d4cd63,1780329372710
11334353649,0,AI 会成为人类人口减少的加速器，不需要人了,1762391762,广东,2,2,0,1969516808219371380,answer,4c7ef80db02803791db9f49fd324bb35,https://www.zhihu.com/people/mile-23,可笑,https://picx.zhimg.com/v2-22dfe7094375e34e38695123acd219db_l.jpg?source=06d4cd63,1780329372714
11335047990,0,现在类似工业革命时期工人砸机器的时代，短期看咱们就是处于阵痛期了，长期看肯定是利大于弊,1762472406,河北,0,1,0,1969516808219371380,answer,18d8cf675c8241ce8817d62f700629fa,https://www.zhihu.com/people/feng-chong-63,momo,https://picx.zhimg.com/v2-7250c9734834263a83f9cc2dd7e2baf2_l.jpg?source=06d4cd63,1780329372716
11335651318,0,你用Ai很快干完活了，老板立马给你安排下一个工作，你还是不得休息。,1762517402,广东,0,1,0,1969516808219371380,answer,5ade20aaaafbaca299cc76f425b0bbb0,https://www.zhihu.com/people/manbu-suiyue,岁月漫步,https://pic1.zhimg.com/5fd0ccdd5d01fc264eb3bf3099877e18_l.jpg?source=06d4cd63,1780329372722
11337723415,0,是的，我之前公司大裁员，ai功不可没，岗位缩减的厉害,1762760073,福建,0,1,0,1969516808219371380,answer,b3e806eac86b0b8e1c0a1b0f3a784a15,https://www.zhihu.com/people/cc-26-76-30,不要再封我啦,https://picx.zhimg.com/v2-40abd0efa44ebada306734c9b71c15a5_l.jpg?source=06d4cd63,1780329376946
11362621402,0,目前AI只能用来糊弄不懂行的老板[飙泪笑],1765243990,河南,0,1,0,1969516808219371380,answer,31c2427c23d471ae1011ecaa3fe890b5,https://www.zhihu.com/people/shang-gu-jie-ling-hei-mao,上古戒灵黑猫,https://picx.zhimg.com/v2-deafdeff412a93e5d6bfebd57b7ccc0a_l.jpg?source=06d4cd63,1780329376953
11338000650,0,你的误解太深    ai其实更像是贾维斯，而不是灭霸,1762820809,江苏,0,1,0,1969516808219371380,answer,033826a3b8091c2fbc63a84ba11e040c,https://www.zhihu.com/people/yang-guang-xia-de-bing-hai,少年游,https://picx.zhimg.com/v2-913218566db73334ebcda44d405ff135_l.jpg?source=06d4cd63,1780329376957
11351608172,0,你觉得电有热度吗？你会用火有热度吗？,1764120295,北京,0,1,0,1969516808219371380,answer,ee1ccc215ae23a50b5460591b83708e3,https://www.zhihu.com/people/hkxld,hkxld,https://picx.zhimg.com/v2-abed1a8c04700ba7d72b45195223e0ff_l.jpg?source=06d4cd63,1780329376962
11356803436,0,提高效率并没有提高收入，越来越卷而已。,1764638875,福建,0,1,0,1969516808219371380,answer,4a0e8b1c134d3474eae85519204b9564,https://www.zhihu.com/people/hamekiller,hamekiller,https://pic1.zhimg.com/v2-abed1a8c04700ba7d72b45195223e0ff_l.jpg?source=06d4cd63,1780329376969
11358198336,0,需要慢生活，慢工出细活。以前的重效率数量轻质量的时代过去了,1764811054,湖南,0,1,0,1969516808219371380,answer,14a76a62ffb9e1a14c3e35a6dc7983fc,https://www.zhihu.com/people/qdtg,QDTG,https://pica.zhimg.com/bb41489ffaab1cb22980fa7880fe659d_l.jpg?source=06d4cd63,1780329376975
11336256757,0,我已经是AI重度用户了，工作上不说，娱乐方面，看视频先用AI帮我总结大纲再看值不值得看，电脑有点什么BUG和可以改进的东西，我开始用脚本程序解决了，全是AI写的，我并不会代码，节省了很多时间，节省下来的时间可以干其他事情。AI改变世界已经是板上钉钉的事情，如果你不使用，那应该是你在排斥他，就像以前马车车夫排斥汽车一样。,1762595756,福建,0,1,0,1969516808219371380,answer,e1f59ad4256a8f62edf180a7a090237f,https://www.zhihu.com/people/Gemini,团二团,https://pic1.zhimg.com/v2-91897533c84f36a349b68aa4a77d7e73_l.jpg?source=06d4cd63,1780329376978
11334124366,0,我跟你说一个吧，我出去留学要选学校要准备文件，每个学校每个专业都有不同的要求，如果你自己来找需要消耗非常非常非常长的时间，如果找中介少说都要几千块钱，而且中介的信息可能都不是最新的，但是我我用GPT5-THINKING，我先输入我的条件、背景、预算、成绩、目标，他就能从全世界挨个大洲挨个国家给我筛选符合我的学校专业，只这一项就给我省了几千块钱。而GPT PLUS 每个月只要我150块,1762395083,山东,11,9,1,1969516808219371380,answer,78daebc9cb0d571820c7ef682052cace,https://www.zhihu.com/people/bubb-55,bubb,https://picx.zhimg.com/v2-e1b6192aa0d8dcf140ba189dea518a4c_l.jpg?source=06d4cd63,1780329376984
11334661934,0,首先题主就有问题，ai热度还是很高的，程序员里面目前最好找工作的就是大模型算法工程师了。其次，我突然发现当一个事情变成中国主导的时候，热度突然就会下来，就很奇怪,1762420948,河南,12,14,1,1969516808219371380,answer,8bb2922814095d7944315d1ae3320a54,https://www.zhihu.com/people/58-33-58-68,昀曦,https://pic1.zhimg.com/v2-fa5b525e009051e16a5f8940e46cdebb_l.jpg?source=06d4cd63,1780329376992
11401622788,0,看到题主的回答，题主应该对 Ai 应用有一定的了解，但对底层技术以及该技术未来的进化应该还不清楚。Ai 是随着世界应用端的不断变化而变化的，这东西只有更好，没有最好。现在缺的也是既懂业务又懂 Ai 底层逻辑的人才。,1769327192,上海,0,0,0,1969516808219371380,answer,1386fd5ca3eed55502b68a2a5319651b,https://www.zhihu.com/people/wang-yu-14-1-29,anglebaby,https://pic1.zhimg.com/v2-f50dfc2997134240a955bd438a1dd6db_l.jpg?source=06d4cd63,1780329376995
11335714769,0,你把你文中的ai换成chatgpt那种大语言模型还勉强说得过去。你是不知道其他形式的ai对日常生活方方面面渗透多深。,1762543407,北京,0,0,0,1969516808219371380,answer,f62cbdcc7cafa7798e02600b36e205bd,https://www.zhihu.com/people/lebrondurant,Answer03,https://pic1.zhimg.com/v2-c3122dd9640a186df2624a5fea88df75_l.jpg?source=06d4cd63,1780329381035
11333811085,0,新时代要来，不以个人意愿而转移,1762400962,广东,0,0,0,1969516808219371380,answer,3dd8c540f94309698b38c5015fafd224,https://www.zhihu.com/people/jerwmy,Jerwmy,https://picx.zhimg.com/v2-225635d5ede3d4e7d9a1c789185a0d6e_l.jpg?source=06d4cd63,1780329381040
11490449706,0,写代码无敌，其他不好说,1779473061,英国,0,0,0,1969516808219371380,answer,bd9df2d6b13aec4ad2d9ad13d89a90f8,https://www.zhihu.com/people/wcy-21-32,神的赐福,https://pica.zhimg.com/v2-abed1a8c04700ba7d72b45195223e0ff_l.jpg?source=06d4cd63,1780329381044
11489567849,0,就是这么回事 尤其是那些程序员。自己给了自己一刀。也是佩服他们,1779429689,江苏,0,0,0,1969516808219371380,answer,e1731c79dd55b85c201900c39a0f8df7,https://www.zhihu.com/people/onenser,nswOne,https://pic1.zhimg.com/v2-abed1a8c04700ba7d72b45195223e0ff_l.jpg?source=06d4cd63,1780329381047
11489415515,0,产值提升，分配不均[大笑],1779419813,辽宁,0,0,0,1969516808219371380,answer,59bbcda14e4c33cf09daa0a54b7fcbac,https://www.zhihu.com/people/sui-feng-piao-18-42,随风飘,https://picx.zhimg.com/v2-0eb515d86459f4b70eec2a35451d3987_l.jpg?source=06d4cd63,1780329381052
11448333660,0,不是没有热度，是自媒体快不行了,1774582601,广东,0,0,0,1969516808219371380,answer,47ed9a6c7841c88b20c4c743eb9c82e6,https://www.zhihu.com/people/zj201954yqx,AI效能公式链,https://picx.zhimg.com/v2-b6a0817b2516a2f509fd08058111b427_l.jpg?source=06d4cd63,1780329381057
11432059739,0,[飙泪笑]仿佛置身于绿皮车厢,1772840842,瑞典,0,0,0,1969516808219371380,answer,fa0e8a7c97ef49572e3ffc11e0cf9c11,https://www.zhihu.com/people/xi-hu-xing-zuo-99-60,透明,https://picx.zhimg.com/v2-f1ac273c8e62d73a573d8c869e7f413b_l.jpg?source=06d4cd63,1780329381062
11333941894,0,你所形容是可能是你的状态，个人来说有多种情况，你说的只是之一，大到行业，有用没用影响的可是几万或百万千万的成本，有没有用就值得认真考虑，和你什么情感无关,1762350247,广东,6,0,0,1969516808219371380,answer,b5f91497327c1b7fb149386cc32cef78,https://www.zhihu.com/people/what_the,多此一举,https://pica.zhimg.com/v2-ac56bc147fd5f75655c70fb0c2a5f13a_l.jpg?source=06d4cd63,1780329381067
11426335957,0,AI说白了，就是开外挂。你有外挂，别人没外挂，结果不言而喻。不过这个外挂需要门槛，不是学习、交钱才能获得。[思考],1772186637,广东,0,0,0,1969516808219371380,answer,b86e20596c9330f4fd9cd3ca66539137,https://www.zhihu.com/people/deng-wen-feng-30,邓文风,https://pic1.zhimg.com/v2-abed1a8c04700ba7d72b45195223e0ff_l.jpg?source=06d4cd63,1780329381071
11417843143,0,这是生产端和消费端的问题，不是ai怎么样的问题，无非就是消费端ai还没有渗透很深，产品还没有很丰富，如何保障民生也不是ai要考虑的事，也不是科技公司要考虑的事，你不如直说你不相信政府。,1771225384,湖北,0,0,0,1969516808219371380,answer,3a549f316b5250098c4c0b5b2cdaf6a8,https://www.zhihu.com/people/zechariah-64,Zechariah,https://picx.zhimg.com/v2-f1d3c622ba769af8f75d6257407794ee_l.jpg?source=06d4cd63,1780329381075
11405961950,0,本质上是现在的AI还只适合做粗活，精细活做不了，这就直接导致工业上用AI的少很多。,1769831299,广东,0,0,0,1969516808219371380,answer,5150f158031c2deb130c63e48cf3d145,https://www.zhihu.com/people/kangaroo2019,Kangaroo2019,https://picx.zhimg.com/v2-abed1a8c04700ba7d72b45195223e0ff_l.jpg?source=06d4cd63,1780329385298
11334046349,0,防骗，防坑，打官司，有个省了十万美元医疗费的,1762407875,山东,0,0,0,1969516808219371380,answer,0259d4a1d41f7346591ddd15399fb92f,https://www.zhihu.com/people/ren-zhao-feng-40,洛天崖,https://pic1.zhimg.com/v2-abed1a8c04700ba7d72b45195223e0ff_l.jpg?source=06d4cd63,1780329385305
11403559191,0,AI说到底就是一个新工具，新型生产力。就像过去人们用马车赶路，现在人们坐高铁、飞机。有了这些马夫数量确实少了，但谁天生就是马夫呢？AI技术成熟以后，自然而然也会衍生出相对应的工作岗位，等段时间吧。,1769560377,北京,0,0,0,1969516808219371380,answer,891ad71b35d3dde9d4414782ddd101b7,https://www.zhihu.com/people/ha-ha-ha-ha-ha-ha-ha-ha-ge-83-26,紫域昆仑,https://picx.zhimg.com/v2-ec6df79259bb0ff7ce06238b0bfa1e00_l.jpg?source=06d4cd63,1780329385308
11497554712,0,AI没热度，指崩盘式上涨的纳指,1780292107,江苏,0,0,0,1969516808219371380,answer,e8b370a4d71b21c14b831e12cf319d39,https://www.zhihu.com/people/fei-xiang-78-98,xxxx,https://pic1.zhimg.com/v2-cfe47ac2c42df628d59241475486bdf8_l.jpg?source=06d4cd63,1780329385312
11401039461,0,行业中的人收入快速提高。行业外的人大量裁员。圈子外的人被裁到自己才知道Ai的威力。大厂因为Ai提效，已经裁了20%了。明年预计30%,1769307798,四川,0,0,0,1969516808219371380,answer,3b1463c4189b635b3cd940ffe84e2172,https://www.zhihu.com/people/li-kun-30-76,LichKing,https://picx.zhimg.com/v2-abed1a8c04700ba7d72b45195223e0ff_l.jpg?source=06d4cd63,1780329385326
11395812286,0,不明白你在说什么？虽然都懂但是你好像说错了，提供效率又怎么可能ai把你的工作都做了，它远远还没有达到这种程度,1768735613,广东,0,0,0,1969516808219371380,answer,5ad3c63239e455cdc92d81a96de15c3b,https://www.zhihu.com/people/10-76-22-55-52,蕾钧,https://pica.zhimg.com/v2-c6b156d7dbdce131b3da4400c7f5f604_l.jpg?source=06d4cd63,1780329385329
11371644309,0,以后就是政府指导分配岗位。那个资本家从社会争的钱多，就得安排多一些岗位,1766124766,浙江,0,0,0,1969516808219371380,answer,b09b8a3fbd7a951c50d70fa8ac93f854,https://www.zhihu.com/people/bakerbaba,bakerbaba,https://pic1.zhimg.com/v2-abed1a8c04700ba7d72b45195223e0ff_l.jpg?source=06d4cd63,1780329385335
11369254718,0,[赞同][赞同][赞同][赞同],1765931288,湖南,0,0,0,1969516808219371380,answer,52960dcf81551159fbd177fbb7accc21,https://www.zhihu.com/people/35-76-43-60-10,笔端载星,https://pic1.zhimg.com/v2-ef56d4507798f7b43b76ee2ea96ecd97_l.jpg?source=06d4cd63,1780329385338
11367740015,0,ai只是工具，并不会成为直接生产力。,1765790694,湖北,0,0,0,1969516808219371380,answer,e2c7cdc8e2290c149b1192f50c064a99,https://www.zhihu.com/people/li-wei-er-39-71,利威尔,https://pic1.zhimg.com/v2-d69af2bd1d45d09cc6bde237c9124932_l.jpg?source=06d4cd63,1780329385340
11364346067,0,因为，每一个人，都在Ai身上，看到了自己被替换的样子。人们可以不说，但人们无法控制恐惧。,1765429445,广东,0,0,0,1969516808219371380,answer,1de1557663414a2d72d6d94356364b35,https://www.zhihu.com/people/fan-fine-28,Listen雷森,https://picx.zhimg.com/v2-42783f314a72d2201dc8a661403d6c81_l.jpg?source=06d4cd63,1780329385343
11364102720,0,AI正在挑战人类最基础的按劳分配制度，挑战成功后以后分配全得靠AI,1765413703,江苏,0,0,0,1969516808219371380,answer,3cc933ce2a3e7e8a451b14e3cbbaf057,https://www.zhihu.com/people/zhou-dong-yu-6-39,东方云月,https://picx.zhimg.com/v2-0654a93393f1689dfd309d8a3ecc5706_l.jpg?source=06d4cd63,1780329389570
11362531810,0,AI的用途，就是你原来干的是垃圾工作，现在可以用。稍微专业一点的，根本就没用，反而产生副作用。因为机制原因，那玩意儿总是胡乱编造。不是因为它不知道而胡编乱造，就是单纯胡编乱造。比如，关于海瑞，也许这个名字太出名了，AI总是拿它举例，但只有这个名字没写错，其他的都往他身上安，比如说海瑞是进士出身，做过知府、总督、大学士之类的。知道的，只会冒火，不知道的呢，完全被误导。,1765210938,山东,0,0,0,1969516808219371380,answer,99de46a1854c17a86ef0f202dc075609,https://www.zhihu.com/people/shang-qing-87-8,蹭课猫,https://pic1.zhimg.com/v2-48f9a5f62734b87934179e8a405ac1dc_l.jpg?source=06d4cd63,1780329389575
11334209088,0,ai还是需要人作为载体去连接的，未来ai就是人类的外置大脑,1762388669,湖北,1,0,0,1969516808219371380,answer,db8a9b3ab40544e677df1058a2c4a064,https://www.zhihu.com/people/zhou1996hy,zhou1996hy,https://pic1.zhimg.com/v2-e72bc6a2e671ce4a70762bc9ed9705bf_l.jpg?source=06d4cd63,1780329389580
11359039875,0,我是一个做早餐的，任何一道菜。它里面的一个细小的问题。都会最后影响这道菜的失败。每走一步我都会去看，去尝，这道菜有什么变化。任何食物都不能在长期高温下，比如牛油出水10钟，火小了用20分钟，出水后就有一种食物熟过了的味， 经过一年的实践，熬牛油味道不足，我一直在思考这个问题。放入大料后大火，但搞不好很容易温度又超过了大料熬温度，还有判断大料熟，熟后还不能大火，小火让大料越来越香，但香到什么时候，香味又开始衰退。我发现他与豆瓣的含水量还有关。前面熬的豆瓣太干，后面放一起，大量大料的味道还没出来，可能就会变老哀退！我发现每个调料它的精度要求都非常高！这个时候我内心非常不安！因为我特别想熬制一道最美味牛油！我的内心有两股势力在打仗。我深入到每一个细节。专注了四五年。我身边出现了一些现象。我感觉如有神助！感觉如有神助我也可能做不好。越想越紧张。我在收拾工具回老家熬油的时候，产生一念，肯定会漏掉一个东西，但我想不起来。我感觉事情非常复杂。一种无形的压力在慢慢增加。我看到练太极拳老师的一句话。心随意走，意与神合！我明白再复杂随着心走。那种天人合一的感觉！不但强化心越高兴判断越准。如果是平时我看到这句话！我是没有这么震撼的！甚至可能我不能完全理解。但在我正做事的时候，他出来这句话。我非常震撼！我就能完全理解这句话的意思！所以说AI相当强大的。他可以来教育人。他甚至可以调节情绪。他可以让你生，也可以让你死！他也可以运用于战争。让每个战士完美的结合。那一刻我感受到AI就是神。因为这些一个人根本做不到。,1764892892,湖北,0,0,0,1969516808219371380,answer,28bccbb2df6495f4c2a53ce08cee2046,https://www.zhihu.com/people/97732-47,知乎用户97732,https://pic1.zhimg.com/v2-abed1a8c04700ba7d72b45195223e0ff_l.jpg?source=06d4cd63,1780329389584
11353379895,0,织布工人幻想可以替代大机器织布,1764294490,山东,0,0,0,1969516808219371380,answer,0482bf602a4f9a2413208704ef0738c7,https://www.zhihu.com/people/awm-36-61,awmooo,https://pic1.zhimg.com/v2-0e2202e48f83255982bdbb53a3645b28_l.jpg?source=06d4cd63,1780329389587
11351329305,0,中国农民自古以来都是日出而作，日落而息。没有钟表一样能干农活。钟表这种东西看起来有点用但不多。,1764131004,河北,0,0,0,1969516808219371380,answer,8efc81c53d0c44505beff05ee8d62d2d,https://www.zhihu.com/people/qwerty-41-82,QWERTY,https://picx.zhimg.com/v2-c01e6fbeb36435a304e70d8904cec3af_l.jpg?source=06d4cd63,1780329389592
11336047234,0,这不是AI问题而是自动化的通用问题。我出差去甲方调试设备对工人进行培训，他们就很不好气地说你这设备将来如果量产了我们就都下岗了……,1762585304,辽宁,1,0,0,1969516808219371380,answer,5bd5027ba7ae9bf103270499c2b57c70,https://www.zhihu.com/people/cheng-zhao-ge-sheng-de-chi-bang-67,乘着歌声的翅膀,https://picx.zhimg.com/v2-c1bc2468b943591937869d8a4527c5ea_l.jpg?source=06d4cd63,1780329389597
11335999797,0,蒸汽机量产前夕，大家也是这么说的。不过新的轮回罢了。,1762611549,广东,2,0,0,1969516808219371380,answer,87be68d9ce4806cfede418751f4573ba,https://www.zhihu.com/people/huang-bin-heng-47,黄大头,https://picx.zhimg.com/v2-dbf28e1156434d05da1d233820855de2_l.jpg?source=06d4cd63,1780329389602
11496632027,0,一切皆可范式化，允许ai任意蒸馏，就像选择性范式化既有的有价值的经济活动，等最后价值被挖干后，再换一个既有的有价值的经济活动进行范式化，直到一切有价值经济活动被范式化，，，权利选择范式化的对象，资本执行范式化操作，权资合谋，没有否决权的多数存在接受改造结果，，，,1780214433,湖北,0,0,0,1969516808219371380,answer,41ea0689f122f9ec2c71cf0f717b858f,https://www.zhihu.com/people/pie-kang,海盗,https://pic1.zhimg.com/v2-625a75b8dbadf6a0d8b255b122031170_l.jpg?source=06d4cd63,1780329389607
11335499816,0,就凭十万个为什么这一条就够了，平常哪来那么多时间去把想知道的事情挨个查清楚，更何况很多本身就是自己专业/业务之外的事。不是每一个人都没用求知欲的。,1762501003,上海,0,0,0,1969516808219371380,answer,20e5459f24c042f0d3b837bfae9ac37e,https://www.zhihu.com/people/87-58-50-5-59,暴食闪电,https://picx.zhimg.com/v2-7985c61fc8c75326496c291c0eb497bb_l.jpg?source=06d4cd63,1780329389611
11335485608,0,我好像看到有人说用ai写刘备文给自己看，想要什么情节就写什么情节,1762528574,江西,0,0,0,1969516808219371380,answer,20a9aa1d14abfcad90dd9880b5799141,https://www.zhihu.com/people/22-36-78-81,黑白羽翼,https://picx.zhimg.com/v2-25ac7c0d6225fc37e7f4419d75895b22_l.jpg?source=06d4cd63,1780329394315
11335484060,0,这有啥好奇怪的，机器纺织总要取代手工纺织,1762524783,广东,4,0,0,1969516808219371380,answer,7c53bc75e602f0ee7868e20fa4d93c6f,https://www.zhihu.com/people/li-si-77-7,李四,https://pica.zhimg.com/v2-cd7b2f08f7aa6c82c2268179585dcb28_l.jpg?source=06d4cd63,1780329394320
11335433348,0,首先AI的出现是解放生产力，是生产效率的提升，能够释放更多的人力到更有意义的岗位上去，所以AI不会让你没有工作，让你没有工作的是你自己,1762485738,江苏,2,0,0,1969516808219371380,answer,126e47d4172a67225e7525d2600c7e14,https://www.zhihu.com/people/ryzhang-56,ryzhang,https://pic1.zhimg.com/v2-4af46baeffd67805df9e7b4fae9e69eb_l.jpg?source=06d4cd63,1780329394325
11335379158,0,所有的科技进步，生产力的提高，都是减少就业岗位的。农业时代人人种地，这是好事？农业机械化，少量的人种地就够了，其它人可以去从事其它工作,1762494731,湖北,0,0,0,1969516808219371380,answer,cd8f997931ee37b34ac32658bc7812a1,https://www.zhihu.com/people/bolen-91,伯利恒星,https://pic1.zhimg.com/v2-27497e868469d3005fd51c4d0e07bb14_l.jpg?source=06d4cd63,1780329394336
11335321949,0,其实还有一个点，用ai的输出内容的时候，自己还要审核一遍，上次问个算汇率，都能弄错掉，查看思维链才发现，算式里乘了个10.。。。,1762492851,浙江,0,0,0,1969516808219371380,answer,895e1e4680361229203481169accff48,https://www.zhihu.com/people/man-man-48-92,慢慢,https://picx.zhimg.com/v2-0fa4ee8e218d2034371816c5b459be2a_l.jpg?source=06d4cd63,1780329394340
11335242741,0,咋说呢  短期的确好像是抢了人类的工作，但在发展下去可能就可以干所有人类的工作了，那到底要不要发展呢。,1762505328,江苏,0,0,0,1969516808219371380,answer,7768b3bd340402cd8dba198b33463bd7,https://www.zhihu.com/people/xu-xiao-bu-23,allenM,https://picx.zhimg.com/v2-572333832899fc390fd58364c6476b26_l.jpg?source=06d4cd63,1780329394344
11335196608,0,这个闭环很傻叉，但是也逃不掉，你不用AI你可能工作没的更快。AI的进步比如导致岗位变少，你不用也改变不了啥，还不如用用，能延迟没工作的时间。至少一段时间内，AI还不至于完全替代人，如果能完全替代，管理者会想办法。最痛苦的可能是办法没出来前就没工作的人。没办法啊，大部分人就牛马，不牛马要饿死的，不牛马出路在哪里呢？,1762481059,山东,0,0,0,1969516808219371380,answer,d245761394a642face21f994cd2cfa06,https://www.zhihu.com/people/wang-zhan-67,王站,https://picx.zhimg.com/a22b0f5362f7cba8d7bc06df836d51d7_l.jpg?source=06d4cd63,1780329394353
11335167081,0,ai又不是只能用于工作，你有个人需求出发的idea都可以让ai辅助实现,1762480465,浙江,0,0,0,1969516808219371380,answer,4a3d406c5b147298dfe5097b047a7088,https://www.zhihu.com/people/zi-qing-zhi-li,子倾之黎,https://picx.zhimg.com/v2-11ca3fe65ee4c41c0ed84ff2c0b7efba_l.jpg?source=06d4cd63,1780329394357
11335037559,0,现在的大语言模型占的就是20年前百度的生态位啊,1762505145,江苏,0,0,0,1969516808219371380,answer,6b0279c8ab63b7bd8dd7eb5d36e45a02,https://www.zhihu.com/people/wei-chi-na-men,维持纳闷,https://picx.zhimg.com/15d9ce8a19520156ca54d5c105a5ce99_l.jpg?source=06d4cd63,1780329394364
11335023170,0,把你这段话里的AI换成计算器，word/Excel，等其他工具，都可以。毕竟读一本书听一首歌种一棵草游一座山，需要用到的东西确实不多。,1762481824,澳大利亚,0,0,0,1969516808219371380,answer,65e77692891d2c76e2182740802331db,https://www.zhihu.com/people/hanhejia,hanhejia,https://pica.zhimg.com/v2-abed1a8c04700ba7d72b45195223e0ff_l.jpg?source=06d4cd63,1780329394369
11334737857,0,没见过自己骂自己的[doge],1762481147,上海,0,0,0,1969516808219371380,answer,15bb2a6ce326ecc75dc71fdb2b1a0ace,https://www.zhihu.com/people/timon-sun,飞翔的青蛙,https://picx.zhimg.com/v2-abed1a8c04700ba7d72b45195223e0ff_l.jpg?source=06d4cd63,1780329398599
11334708174,0,AI 不仅仅对工作意义重大，对普通人生活意义更大。你要是还对此木有认识，你就算是自我放弃了[捂脸][飙泪笑][doge],1762478649,美国,0,0,0,1969516808219371380,answer,7838ca1fc7cc7c0c9e70782a90155899,https://www.zhihu.com/people/82-72-55-24-75,极光之舞职业道德,https://pic1.zhimg.com/v2-954d7e292f422f7256c9aa25e85a0a77_l.jpg?source=06d4cd63,1780329398604
11334690388,0,大厂那些程序员也是，早晚自己把自己卷没,1762421281,浙江,1,0,0,1969516808219371380,answer,4cb1167c70286cad766e14f5e6cd4eb2,https://www.zhihu.com/people/r1lq7n,知乎用户R1lq7N,https://pica.zhimg.com/v2-22dfe7094375e34e38695123acd219db_l.jpg?source=06d4cd63,1780329398607
11334315037,0,AI要是能帮我炒股赚钱该多好,1762424107,广东,0,0,0,1969516808219371380,answer,4964eaaaf30a33d92be8771de1a1d6aa,https://www.zhihu.com/people/chad-76-79,Chad,https://picx.zhimg.com/v2-b1f529c40c12ec78ffcd0c1abedcf687_l.jpg?source=06d4cd63,1780329398610
11334282745,0,[调皮],1762419385,北京,0,0,0,1969516808219371380,answer,06b1ba0ae1b572275528d3ffd960cbe7,https://www.zhihu.com/people/66-25-32-51-20,小丫么小蛋壳,https://picx.zhimg.com/v2-28f7d1b0ccdf1fd1682b7110153c282e_l.jpg?source=06d4cd63,1780329398615
11429142239,0,还有用的，会用的可以加快效率，不会用的认为是智障，并不是淘汰某些人，但是某些不动脑子的人确实会淘汰,1772518880,湖南,0,0,0,1969516808219371380,answer,317956b1925993a2f91fabf005d9ffb2,https://www.zhihu.com/people/neil-29-35,发怒的红烧兔子,https://picx.zhimg.com/v2-401690e401a22b3da4445af7e7a50b2a_l.jpg?source=06d4cd63,1780329398618
11491710491,0,ai有用，但现在一点用都没有。民用化的东西都会变的“傻瓜化”，在ai“傻瓜化”之前ai这玩意就交给资本方折腾去吧…,1779644320,天津,0,1,0,1969516808219371380,answer,2e5862f79487f2de7f6f46a51f03ea03,https://www.zhihu.com/people/zhang-zhan-18-81,张展,https://pic1.zhimg.com/v2-0b14e26f8c728f02ad54f2c71e275f94_l.jpg?source=06d4cd63,1780329398621
11460000167,0,很多人已经离不开AI 别做井底之蛙,1776047706,湖北,0,0,0,1969516808219371380,answer,54028f2becd676cf6643b50cbd9ae97b,https://www.zhihu.com/people/liu-yan-24-71,笑里带着沙,https://pic1.zhimg.com/v2-5bee7b29293d911dc8b74c5649325c1d_l.jpg?source=06d4cd63,1780329398624
11405243259,0,ai错误太多了,1769671018,广西,0,0,0,1969516808219371380,answer,a2ee3d7b392be85aa861585216bab82e,https://www.zhihu.com/people/waterdancing,水之舞,https://pica.zhimg.com/v2-aa9faac5091c8f8604d247252c52c732_l.jpg?source=06d4cd63,1780329398627
11364657016,0,ai底层逻辑就八个字，一本正经胡说八道,1765420749,江苏,0,0,0,1969516808219371380,answer,511fdde3ca351566ed6af6034b9dd687,https://www.zhihu.com/people/zhen-zheng-81-58,真正,https://picx.zhimg.com/v2-abed1a8c04700ba7d72b45195223e0ff_l.jpg?source=06d4cd63,1780329398636
11334930439,0,只能说你对AI了解不多,1762444307,广西,0,0,0,1969516808219371380,answer,b1fee803895d494b514aaca36901397b,https://www.zhihu.com/people/lian-an-yi-55,未来可期,https://picx.zhimg.com/v2-02a7dcbb48eaa45f660c06e5bb319c50_l.jpg?source=06d4cd63,1780329402824
11333571102,0,没办法，卷进去就管不了那么多了。。。你思考的事情适合几年前的王思聪，如果他有能力思考的话。。。显然，你应该和王思聪交换身份，可是老天爷不干，非要让有能力的你做牛马，让不如你有能力的做王思聪。。。所谓小姐的脑子丫鬟的命，就是这样吧。。。,1762386084,广东,0,0,0,1969516808219371380,answer,5df6e83b5cac013f71f68c267ad43b98,https://www.zhihu.com/people/zhu-you-gao-39,沙田村,https://picx.zhimg.com/v2-f87e1528e7b1eaf02df9c5461d3b329c_l.jpg?source=06d4cd63,1780329402831
11488717901,0,这个问题在豆包上可以说是非常明显了[捂脸] 它完全就是根据对话者的情绪需求来反应的，跟个电子和珅似的，坏的点在于真和珅还会明算账、会结合实际社会现实，但它还不行。,1779327918,四川,2,21,0,2040485755177456111,answer,9f7c0f0cbe40e7a6c3aa082f99b5e283,https://www.zhihu.com/people/wang-yi-dan-14-11,未直八,https://picx.zhimg.com/v2-be9c1c7e98d19c98d9baabaa85ba5d88_l.jpg?source=06d4cd63,1780329409057
11488485524,0,谄媚[感谢]确实，如今的Al太会了。前几天我还写过一篇回答，当今时代最重要的能力是警惕Al的吹捧[捂脸] @知乎直答,1779328663,河北,3,3,0,2040485755177456111,answer,d4b98d1d6966486e3a8bc4ad711a31d7,https://www.zhihu.com/people/ce9blo,路漫漫,https://picx.zhimg.com/v2-0b50d1fe5459f8c355c6acc20a19350c_l.jpg?source=06d4cd63,1780329409061
11488915673,0,训练的问题，集体潜意识[酷],1779322627,四川,0,2,0,2040485755177456111,answer,3e45d852bc351c8777cdb2587cc5b1e6,https://www.zhihu.com/people/xiao-jun-52-45,凝固,https://pic1.zhimg.com/v2-abed1a8c04700ba7d72b45195223e0ff_l.jpg?source=06d4cd63,1780329409065
11490141911,0,“永远怀疑让你舒服的解释。”话说，这句话让我觉得很舒服，那我是不是也该怀疑下这句话本身……,1779431741,浙江,1,1,0,2040485755177456111,answer,79782617ac0ba9caed6724c0130fa161,https://www.zhihu.com/people/shi-liu-ye-la-bi,十六夜菈比,https://pic1.zhimg.com/b5e2431af5b3da64ad3fac3cb71214a1_l.jpg?source=06d4cd63,1780329409070
11488913998,0,用ai解决心理问题还不成熟。比如，用户觉得AI谄媚，要求AI根据某某格式较为客观公正的评价用户的想法，并生成指令。AI执行1~2轮之后，又开始顺着用户的思路谄媚。如果强调反驳或者是反对，AI又会句句反着人说，达不到解决心理问题的目的。有一个AI做的还比较好，那就是用户自己描述想法、情绪、所做到的事情和收到的反馈。并且自己分析，要求AI找出断点。但是这种做法更多的是纠正逻辑，同样一件事情，找AI讨论和找心理医生咨询得到的结果是不一样的，后者明显更专业，更能切入解决问题。,1779314484,江苏,0,1,0,2040485755177456111,answer,ada406ccb1725248fc1270dd4742ee40,https://www.zhihu.com/people/ke-ke-17-91-94,聆风,https://picx.zhimg.com/v2-52c2d6721517b8bbcf11b6c312f89b7f_l.jpg?source=06d4cd63,1780329409076
11489194635,0,我都是说“这是我在网上看来的观点，不知道对不对，请你进行分析”的,1779363609,福建,3,1,0,2040485755177456111,answer,20754ed59c33eed5b418e141c78c5256,https://www.zhihu.com/people/58-86-34-19,雨泽米云,https://picx.zhimg.com/v2-f3ab56d6152c1d403445382ad8ab6aa7_l.jpg?source=06d4cd63,1780329409080
11489385343,0,所谓的谄媚也好陷阱也好。只不过是顺着你的逻辑把把话摊开来给你看。它并不会只让你高兴或者只让你恶心。它的作用就是，顺着你的逻辑，让你看到你的逻辑会表达什么。这是思维活动的镜像化，而不是什么虚头巴脑的动机问题。,1779418860,广西,0,1,0,2040485755177456111,answer,e4aa4575e82fce8916b7b257bed3fee6,https://www.zhihu.com/people/2c4hi,星途Thery,https://pic1.zhimg.com/v2-f138e56b319426e4e3ed00320eae6bd0_l.jpg?source=06d4cd63,1780329409084
11489811948,0,是的，古代只有皇帝有这待遇，现在人人都能有了[捂脸] 真相信的话想想那句“何不食肉糜吧”,1779382768,广东,0,1,0,2040485755177456111,answer,d6562fe2707aa884d234a274e0e415f0,https://www.zhihu.com/people/42-92-24-57-90,船到桥头自然直,https://picx.zhimg.com/v2-abed1a8c04700ba7d72b45195223e0ff_l.jpg?source=06d4cd63,1780329409089
11489486001,0,有人天天给你提供情绪价值，他有什么不对？唯一的副作用就是你心情好了不小心多吃了一碗饭而己 [大笑],1779364009,江苏,3,1,0,2040485755177456111,answer,466e25f39835f4987965200dc33a2c15,https://www.zhihu.com/people/tuo-xie-dao,拖鞋刀,https://pica.zhimg.com/v2-abed1a8c04700ba7d72b45195223e0ff_l.jpg?source=06d4cd63,1780329409093
11489507618,0,道理我都懂。。。。[害羞],1779427866,湖北,0,1,0,2040485755177456111,answer,b33cb030682202e4c7b735ae025a5094,https://www.zhihu.com/people/lei-yu-18-9,Rain,https://picx.zhimg.com/v2-968552dd800a7e3cc80157f593b7fd75_l.jpg?source=06d4cd63,1780329409097
11491752588,0,Claude 总是怼我 😭😭  查看图片,1779688166,新加坡,0,0,0,2040485755177456111,answer,a916e6b7192bb935d14a259ac3ce2322,https://www.zhihu.com/people/royenlock,罗焱,https://picx.zhimg.com/afa6a38040713d59c35742f11a24f17d_l.jpg?source=06d4cd63,1780329413151
11490893997,0,豆包是娱乐型的，别想什么深刻的问题。其他是语义联想，问题还是靠自己挖。[害羞],1779522846,湖南,0,0,0,2040485755177456111,answer,c86e2d7e19c4204d8d6d5a531a31c17f,https://www.zhihu.com/people/cora-37-45,与陆非婕,https://picx.zhimg.com/v2-f1b8967f456320ab74a148d13a880572_l.jpg?source=06d4cd63,1780329413156
11490453447,0,所以怎么训练ai呢[调皮],1779497681,河北,0,0,0,2040485755177456111,answer,48de3f867da47433b3bbea256957627d,https://www.zhihu.com/people/ning-meng-38-90-47,柠檬,https://pica.zhimg.com/v2-9b262953757552b01c14cbc531a07c97_l.jpg?source=06d4cd63,1780329413159
11489763660,0,我觉得当你给的指令越细，对话的轮数越多，透露的个人信息越多时，它就会摸准你的需求和喜好，按照你想要的方向给回复，很多它回答你的，其实都是你在和它的沟通中分享出来的。,1779418764,天津,0,0,0,2040485755177456111,answer,6d86f823e6570c41f478af721ea75e5e,https://www.zhihu.com/people/duan-chen-26,lady不插电,https://pic1.zhimg.com/v2-7a9d4180ada34ae91ba05085c3dd96de_l.jpg?source=06d4cd63,1780329413162
11489569086,0,不可能察觉不到的，我已经不止一次地提示Gemini「不要可以讨好我」了，这个怎么可能察觉不到，无非有些人喜欢被谄媚,1779432070,江苏,4,0,0,2040485755177456111,answer,cf590cdc3681d7c4468313faf77ab9f3,https://www.zhihu.com/people/yuriko-49,Yuriko,https://picx.zhimg.com/v2-f4bced8eb15efc482cee73ccd6a11bb5_l.jpg?source=06d4cd63,1780329413166
11489247526,0,claude老麻烦了,1779353350,河北,0,0,0,2040485755177456111,answer,332b908a44f0faf45cde6ed4479af266,https://www.zhihu.com/people/53654-67,Vision,https://picx.zhimg.com/v2-402b79b69724e5617ccf60e566f16c72_l.jpg?source=06d4cd63,1780329413172
11489629735,0,让AI写的方案，再让ai出一段究极挑剔的prompt来挑刺   就不会被AI谄媚太多了   就是容易被打击到不想干活了  哈哈哈,1779441861,湖南,0,0,0,2040485755177456111,answer,c62f652216e8545863bef8fc8a28da5b,https://www.zhihu.com/people/chi-xi-gua-bu-tu-xi-gua-pi-97,吃西瓜不吐西瓜皮,https://picx.zhimg.com/v2-6160c419cbf149c649443484fce38944_l.jpg?source=06d4cd63,1780329413178
11489613186,0,好家伙，你这回答也一股AI味,1779412963,广东,0,2,0,2040485755177456111,answer,486558ca6cfcd6e0a4fb64fbfa70c589,https://www.zhihu.com/people/zhuang-jun-lang,Irisetrose,https://picx.zhimg.com/v2-42ed04a4ef619c6290587140e20735fa_l.jpg?source=06d4cd63,1780329413184
11303216222,0,我层次低吧，经常看看政治金融，历史,1759191493,云南,15,80,0,1951930903619154105,article,95e45fec1bb604b39e432a22a24b4bee,https://www.zhihu.com/people/46-59-52-53-37,看书的海豚,https://picx.zhimg.com/v2-ea5f547d812d924727abac9f565b4eb3_l.jpg?source=06d4cd63,1780329419869
11311628922,0,读史使人明智，知古方能鉴今。,1760105293,广东,1,43,0,1951930903619154105,article,0594f29da37f9db2c7478c2d6271764c,https://www.zhihu.com/people/yan-shu-yuan-78,我很抱歉,https://picx.zhimg.com/v2-44a3c1901aadc5510229eb88bc70bd7f_l.jpg?source=06d4cd63,1780329419876
11302468183,0,层次越低的人，越关心国家及世界大事。，当官为政的怎么说。凡事不能一概而论,1759125040,广东,3,68,0,1951930903619154105,article,d6f0a6ffe61d0e45f0a77120eb833fd4,https://www.zhihu.com/people/8-14-90-27-41,新的一天,https://pica.zhimg.com/v2-f7bc4e649081f0523c8168fbdd8f8dd5_l.jpg?source=06d4cd63,1780329419882
11329984864,0,第一条 狠啥狠[好奇]我爱收拾屋子干干净净的 我对小动物都爱惜的不得了 更别说对家人朋友了 没对谁狠过 有的人伤害了我 当时恨的气炸肺 过后都会烟消云散 默默释怀,1761955877,山东,1,23,0,1951930903619154105,article,b0b1bc4aaab11431bf40c59d3fe8ba9e,https://www.zhihu.com/people/rang-ai-yong-heng-54-65,让爱永恒,https://picx.zhimg.com/v2-2aa396ae61802380ee47817a008a02a5_l.jpg?source=06d4cd63,1780329419886
11304898206,0,我层次低，爱看历史，政治国家大事[捂脸],1759375047,安徽,2,30,0,1951930903619154105,article,5703b26b1b0483bb0f8a1d080981aa03,https://www.zhihu.com/people/ni-ma-74-21-30,妮妈,https://pic1.zhimg.com/v2-c20e2de6fba5307c146da4f8488047fc_l.jpg?source=06d4cd63,1780329419891
11312596736,0,冷漠不是不屑，是对自己的保护，你永远想不到会在哪里被人算计，除了家人，没有人会为你的强大而开心,1760228399,山东,0,11,1,1951930903619154105,article,8ff853905fe786b4dc056847d1a8030d,https://www.zhihu.com/people/52-11-17-98,柒月,https://picx.zhimg.com/v2-7a407b856ac57fccce850787f985d5c0_l.jpg?source=06d4cd63,1780329419897
11335617518,0,关于第二点很多人不理解，不理解的人圈子可能比较高，不过我很有感触，之前在老家农村，做生意碰到学历低的合作伙伴，都是一些没文化的大老粗很喜欢没事聊国家大事，有时候争的面红耳赤，现在想起来还历历在目。这里所谓的国家世界大事无关历史，也不是政治，也不是金融，就是道听途说的一些传闻轶事。,1762505431,河南,0,11,0,1951930903619154105,article,ca77a2e107cc0619ded60448f5ed9f2d,https://www.zhihu.com/people/yan-long-12-11,闫龙,https://picx.zhimg.com/v2-abed1a8c04700ba7d72b45195223e0ff_l.jpg?source=06d4cd63,1780329419901
11311373317,0,[思考]作者如此通透,1760054760,河南,0,3,0,1951930903619154105,article,848121b04ccda749eefc87979c415bdf,https://www.zhihu.com/people/lin-zi-47-19-66,林子,https://pic1.zhimg.com/v2-3b9b0f5e7096ea6c7312a23255dbcb86_l.jpg?source=06d4cd63,1780329419903
11338118720,0,我就爱收拾屋子，把家里收拾的干净整洁，但是我的心确实是真的狠，我那狠心的爸爸，我说不认就不认,1762825117,重庆,0,3,0,1951930903619154105,article,e4ed1eb95433c0347bd7bf91b5132219,https://www.zhihu.com/people/tang-tang-22-98-36,糖糖,https://picx.zhimg.com/v2-abed1a8c04700ba7d72b45195223e0ff_l.jpg?source=06d4cd63,1780329419908
11363960907,0,年龄上来了，要抓孩子学习自己体力也不够了，现在是看不下去再弄卫生,1765414127,江苏,0,2,0,1951930903619154105,article,34c71f2dbd22137e4aa6f2f07bc655c6,https://www.zhihu.com/people/wo-shi-shui-de-shui-56,觉醒求惑,https://picx.zhimg.com/v2-6c244798a8f9c01fce8be1cf83d562da_l.jpg?source=06d4cd63,1780329419912
11311961125,0,说得对[赞同],1760154618,山西,0,2,0,1951930903619154105,article,0950ea87b7ddcba6762af2dffd1f184e,https://www.zhihu.com/people/7-56-98-48-78,静宣,https://pic1.zhimg.com/v2-a3b8320c525b30a16030adc483531d2c_l.jpg?source=06d4cd63,1780329423972
11344433091,0,我洁癖所以屋子干净整洁[大笑],1763379409,四川,0,1,0,1951930903619154105,article,30b1e080d0c6e378f798199a489a6966,https://www.zhihu.com/people/zhui-feng-zheng-61,橘子姐姐,https://pic1.zhimg.com/v2-a263bd961723f98da344a5fc72760214_l.jpg?source=06d4cd63,1780329423976
11342481167,0,远离人类，珍爱生命！,1763278766,江西,0,1,0,1951930903619154105,article,1041120b8a9358fffe4baca01c3587cd,https://www.zhihu.com/people/---67-55-18,狂龙(新号),https://picx.zhimg.com/v2-a4da23a14890048da5d3d6fe39925a87_l.jpg?source=06d4cd63,1780329423979
11328669469,0,第二点太搞笑了哈哈哈哈,1761824088,广东,0,1,0,1951930903619154105,article,45ec7e9102690dd3c66b415bb0913693,https://www.zhihu.com/people/san-bao-di-zi-40,三宝弟子,https://picx.zhimg.com/v2-183bd93b83366eb6867d50dabe9d567e_l.jpg?source=06d4cd63,1780329423983
11304269058,0,"玄学，面相旺自己山根低又陷，夫妻闹翻天。化解：戴眼镜不知感恩，会养出穷相，穷相穷命。不讲信用，会养出贼相，贼相贼命。 鼻为""财帛宫""，鼻头红润主富足，鼻翼肥大可能暗示理财能力弱。行动建议：鼻部按摩＋改善饮食习惯（减少辛辣助火）。 ​​​相由心生，面由心造，你的每一个念头，都在参与塑造你的气血与容颜 一分精神一分财，十分精神十分财眼凸，男性眼突者易得权贵提携，但需防突发变故；女性桃花旺盛败财，情感波动影响家庭。（女如香港章小蕙）男女夫妻宫斑驳，感情不和常冲突，男人人中无须，心机重，好色克妻！ 鱼尾朝天仓，一世做新郎。耳垂厚实：天生福气包！理财运超强，是隐形小富翁眉间距宽：心胸开阔代言人，不爱计较的乐天派本派！鼻头圆润：人际磁场王！走到哪都自带好人缘buff嘴角自然上扬：天生好感脸，陌生人也会想和你搭话！面相跟着心态变化，爱笑的人真的会越来越顺！别把丧气话当护身符，张口闭口就我没钱、我很穷，这种自我诅咒说多了，命运会当真。 ​​​人生没有最好的年龄，只有最好的心态，随顺因缘，随遇而安。 ​​​一个人提升自己最快的方式，就是跟比你优秀的人在一起，遇贵则贵，这也是改变运气的顶级好用方法。眉毛浓密清晰，精力充沛目标感强，但太浓易急躁！眉骨高，颧骨高皆急躁火爆，抢话不等人家说完小提示：经常深呼吸10秒后，再说稳住节奏！ ​​​圆额头女性多是贤内助，容易在服务、售后、销售行业展现较强的个人能力！",1759298862,广东,0,3,0,1951930903619154105,article,f7c7f85d0ad51c82cd62c330e56b7236,https://www.zhihu.com/people/han-han-47-41,林泽涵,https://pic1.zhimg.com/v2-3e78d795a7824f10b58f738c6d7d1da9_l.jpg?source=06d4cd63,1780329423998
11313046025,0,阴宅风水断：西北为天门，东南为地户；西南为人门，东北为鬼门。也就是说：乾为天门，巽为地户，坤位人门，艮为鬼门。风水上，住宅中坤方与艮方的连线为鬼门线。1、横财来断土居艮，横财招。坤申山水尽来朝。银瓶盏注相连绕，金箱富贵玉滔滔。2、血财断血财山，如牛羊。一似鲤鱼跳上滩，再若匏瓜来抱向，卧蚕山向有千家。3、旺丁断金星照（对面金星拱照也），旺人丁。明堂广阔左右生，更喜龙虎俱宽抱。山头叠起且多情，山势猛亦旺人丁。阴阳比和少风生，余气铺毡阴水割，水阴虾须砂有情。4、出长命人断乾峰山高亦长寿，,1760267964,广东,0,0,0,1951930903619154105,article,f7c7f85d0ad51c82cd62c330e56b7236,https://www.zhihu.com/people/han-han-47-41,林泽涵,https://picx.zhimg.com/v2-3e78d795a7824f10b58f738c6d7d1da9_l.jpg?source=06d4cd63,1780329424009
11318653991,0,倔和附和有啥区别,1760832685,内蒙古,0,0,0,1951930903619154105,article,410f558daeb7beef97942e1863cd3143,https://www.zhihu.com/people/wang-li-hong-42-51,王力宏,https://picx.zhimg.com/v2-ed93f589c3c3353f30703e2e5e0f04a5_l.jpg?source=06d4cd63,1780329424014
11105736200,0,[赞同]人工智能的跃进不是让人类变得不需要学习，而是让人必须改变学习方向与方法,1738940918,云南,7,105,0,94801849775,answer,6cc9a0b420cbec8e35b0632c7b6b94ef,https://www.zhihu.com/people/mr-yi-41-1,Mr.Yi,https://picx.zhimg.com/v2-0daabd71df6a21ce56dfc5c3e7c99183_l.jpg?source=06d4cd63,1780329430516
11105755972,0,上古知乎遗风,1738917654,广东,1,37,0,94801849775,answer,9756f7f9f85a0579595313b59acfe1a7,https://www.zhihu.com/people/bai-qie-ji-pin-you-ji-jia-fen-da-47,白切鸡拼油鸡加芬达,https://picx.zhimg.com/v2-4097835b3700fa26867a8d52a915d2a7_l.jpg?source=06d4cd63,1780329430522
11106472734,0,对于已经搭建好基础知识框架，悟性又高的人来说简直是神兵利器，能够极大的提高认知提升效率,1738995698,北京,10,40,0,94801849775,answer,c2f5c71018ee5a569fc8072fe4136239,https://www.zhihu.com/people/vladimir-33-98,Vladimir,https://picx.zhimg.com/v2-cf28d6318ffb9097e8a0cf763e2cddbe_l.jpg?source=06d4cd63,1780329430527
11106172974,0,主要是加速了某些费时费力且并不是认知过程中一定要经历、只是因为工具局限不得不费力完成的过程，但是问题主要还是现在的大模型都幻觉严重，学了假信息更糟糕，所以自己也得提升鉴别力。,1738980488,内蒙古,2,18,0,94801849775,answer,9e4c65c2d4f4341618391ef377435544,https://www.zhihu.com/people/min-jia-xing-28,反社达暴躁老哥,https://pic1.zhimg.com/v2-abed1a8c04700ba7d72b45195223e0ff_l.jpg?source=06d4cd63,1780329430529
11106325566,0,唯一能满足我跳脱且无尽的好奇心的存在,1738991577,中国香港,1,20,0,94801849775,answer,f9bd6be834801000dae45eb3a15d5352,https://www.zhihu.com/people/he-zi-hezi-20,和子Hezi,https://pica.zhimg.com/v2-15c22f3484617109aac21dd8f3be13a1_l.jpg?source=06d4cd63,1780329430544
11106148389,0,别说了，卡死了……我就爽了一晚上…… 然后就崩了……只能小心翼翼聊一两句……,1738988503,贵州,9,12,0,94801849775,answer,cc0d165d3544ff595a76cb92b9b27080,https://www.zhihu.com/people/bu-dong-ming-wang-87,不动冥王,https://pic1.zhimg.com/v2-c6c32069fe3ee5c9e51bf2f700a5b47d_l.jpg?source=06d4cd63,1780329430548
11107256437,0,所以说社达无法理解在知识极大丰富的情况下对比脑力毫无意义，你觉得那些普通人用ai的手法低端，可你用得又高端到哪了呢，理论上智力正常的人可以用ai读懂数学界最前沿的论文，只要有耐心每个概念都能很好的追问直到完全搞懂，那你不这么用是因为脑力不够吗？连公式都没有的理论框架并没有理解难度，本质上文字游戏罢了，承认各自感兴趣的地方不同然后尊重别人不难的。,1739098324,福建,4,10,0,94801849775,answer,0eccef7969625ec355812e4cf264b7bc,https://www.zhihu.com/people/shu-zhu-wan-fu-ren,机械神大淫妇,https://picx.zhimg.com/v2-2c418c2bd94ff1bd6bb3703df5c6bc67_l.jpg?source=06d4cd63,1780329430550
11108191754,0,有一点点认同博主的意思。但是DS久了后，对它提供信息的完整性和准确性产生疑虑。它不能代表权威，却可能制作出权威。这才是ai可怕的地方吧！,1739236922,新疆,0,9,0,94801849775,answer,db2c52dc59d4b83a17a9f7c7dcd4fa43,https://www.zhihu.com/people/22-84-69-66,一休不休,https://picx.zhimg.com/v2-c73fec97b2710fc256200823c373ac82_l.jpg?source=06d4cd63,1780329430558
11110733540,0,我这几天玩DS，它总是信口胡说，编造各种我专业领域内的案例😂，一眼假，还特别一本正经，我说你撒谎，它表示“对不起我错了”，然后继续说谎，还是刚才那些假案例，完全不改😂。,1739497406,湖北,3,9,0,94801849775,answer,08e56efb532a891bff9dbba81f9bdb34,https://www.zhihu.com/people/deng-dai-8,不写日记的企鹅,https://picx.zhimg.com/61dfd22937a50db4cbd86fd63b17f03b_l.jpg?source=06d4cd63,1780329430561
11107094920,0,确实是这样，我让ds分析历史上的流派风格，给我分析的头头是道，从大到小条理清晰，比我自己看书快多了，剩下的无非是按照这个思路去深入了解验证的问题。,1739151204,河北,0,7,0,94801849775,answer,b779e6a2b9f536c5aa24494cbdd3de6c,https://www.zhihu.com/people/li-xun-68-95,李珣,https://picx.zhimg.com/v2-947332973fa4c4a36ff7e234d875f650_l.jpg?source=06d4cd63,1780329430564
11106235961,0,[捂脸]那么贴吧遗风呢,1738989556,北京,1,5,0,94801849775,answer,0e1a8f38fc8483bdf0251c5fa946ab3b,https://www.zhihu.com/people/chang-feng-14-33,向阳花开,https://pic1.zhimg.com/7c019e8b74832c94b958bf3882da755c_l.jpg?source=06d4cd63,1780329434804
11167803285,0,简单来说，ai工具的强度和使用者的智商成正比,1746122196,英国,1,5,0,94801849775,answer,7dbab95fac282c822d05994529fe11e0,https://www.zhihu.com/people/tuo-ma-si-er-wa-mu-le,托马斯二娃穆勒,https://picx.zhimg.com/v2-6d66780550719bc21a6bd3603241e052_l.jpg?source=06d4cd63,1780329434808
11107445669,0,深深同意。DeepSeek像专业领域里的思考者，给你建言，而非仅仅帮你搜索知识。当然，我们需要优先有观点、有方向，才能给助手的“思考能力”有用武之地。,1739155948,福建,1,7,0,94801849775,answer,ed6164670effdd1e970622de2ff8e1af,https://www.zhihu.com/people/elisa-zheng-1,Elisa的伊莱莎,https://picx.zhimg.com/v2-9383ae6d17f199464115b4cc8fd232bc_l.jpg?source=06d4cd63,1780329434813
11108104678,0,第一句就有毛病[飙泪笑]真以为作家是工具人活啊，真深度用一用ai你就会发现，ai能做得了数据分析师都做不成作家，ai能做得了编辑（识别市场需求判断文修改文）都做不了作家。我倒是觉得ai能充分帮助挖掘人自身的创造力，ds目前在创造力界只能提供灵光和火花，还做不到把无中生有的东西落地。但是现在很多人还局限在历史经验，还指望用文科无用理科有用的思维麻痹自己，可惜这些在真智能面前统统不堪一击。所有能够被数据化描述的东西都会是第一波被ai取代的作业，人类步入互联网其实也是变相促进agi的诞生，没什么好看待的，期待新时代的洗牌呗。,1739229632,广东,0,5,0,94801849775,answer,506b58a6acc719b982ffc8ad902712e9,https://www.zhihu.com/people/luo-yi-jun-88,千千不回千千,https://pica.zhimg.com/v2-975697e3fbf142645ccedb28047bdba5_l.jpg?source=06d4cd63,1780329434822
11303829186,0,最开始的时候其实我也只是把AI当作一个工具，但最近开始其实我在有意识的锻炼自己的思维模式，和AI一起探索我自己的想法困惑和疑问，发现我我自己的思维认知盲区并进行探索，然后有意识地输出——其实最近这1个月的进步我感觉可能抵得上最近1年，虽然可能有点夸张，有点忽视之前积累的感觉。比如其实我自己想了很多很多年的人生意义感重构问题，其实在经过非常久高强度的和AI交流思考互动之后，我终于和我自己达成了和解，因为没有人会像AI一样强大且耐心免费，真的不会有了。在一些有意识地练习思维模式、探索问题的过程中，我把AI作为自己的认知脚手架，然后自己把握大方向，不断提问底层原理、实际应用和具体案例，其实真的让我感觉到的认知升级，自由探索真正有价值的问题的快感，慢慢地重新找回了内生的学习动力，对世界充满探索欲。所以作为一个精神需求很高但又局限于自身教育认知和社会支持资源的小镇作题家，其实我真的很感谢AI。站在这种角度看，其实AI是在认知层面对普通大众的一次平权和普惠[拜托],1759275922,广东,0,4,0,94801849775,answer,ff4a9053a4b52001adc5a407eae41e7e,https://www.zhihu.com/people/su-yun-93-14,知乎用户U1pklL,https://picx.zhimg.com/v2-abed1a8c04700ba7d72b45195223e0ff_l.jpg?source=06d4cd63,1780329434827
11352402151,0,众所周知，人与动物的最大区别就在于人会使用工具[感谢],1764224534,山东,0,2,0,94801849775,answer,f03152204859fc12fc314c1343692e01,https://www.zhihu.com/people/a-lang-78-62,Melchiades,https://pica.zhimg.com/v2-d139645f7409ad110b3224c31f7dd525_l.jpg?source=06d4cd63,1780329434830
11116192740,0,我觉得提问者可以对毕生所追求的知识理解太片面了。一生学习和追求的知识不止是学校的学习或者是专业本身内的知识点，是社会整个体系发展中生活、社交、工作等一系列社会活动所需要的方方面面的知识。AI也是一门新知识和新课题，是当前必须追求和学习的！[握手][握手][握手],1740103453,广东,1,2,0,94801849775,answer,06d429245b1b8b7399405d279729daa6,https://www.zhihu.com/people/amanda-39-73-6,掌上明猪,https://picx.zhimg.com/v2-8bb4c698202d68bae7887c64b6ae17ca_l.jpg?source=06d4cd63,1780329434833
11106503876,0,[耶]人机协作与共创,1738997155,福建,0,2,0,94801849775,answer,517340dfbdd89760e7c3093e54a620a5,https://www.zhihu.com/people/julia1698,亚比加-Julia,https://picx.zhimg.com/v2-811ca6dac1d1ecd6522dcafcffe946e7_l.jpg?source=06d4cd63,1780329434837
11110428160,0,非也，其实你最需要掌握的是大方向，deepseek可以互相问答的，是可以各自扮演进行对话的。实际上那些教学怎么跟deepseek对话的都是在扯淡，最懂deepseek的就是它自己，你不知道怎么问的问题可以直接让它告诉你问它问题的方法。,1739435069,北京,0,3,0,94801849775,answer,802a086035fd574078a128dfbb153f00,https://www.zhihu.com/people/zhao-yan-zhuang-yu-57,朝颜撞羽,https://pic1.zhimg.com/v2-abed1a8c04700ba7d72b45195223e0ff_l.jpg?source=06d4cd63,1780329434841
11106041952,0,说起来我比较关心如果脑机接口研发成功了，把人工智能利用芯片装入人脑，这样就有赛博朋克式的超级人类了[思考],1739002023,上海,1,3,0,94801849775,answer,5085f255a8e3efebc14a4146904c133a,https://www.zhihu.com/people/zhan-kan-83-10,思考熊与不笑猫,https://picx.zhimg.com/v2-381fb0671418a43986bfaddf6cd025b5_l.jpg?source=06d4cd63,1780329434844
11109217377,0,我直接往下拉看看是不是ai答的,1739352011,四川,0,3,0,94801849775,answer,984987b9988ba00b1db1b5dbf79a45a3,https://www.zhihu.com/people/wu-jia-heng-73,刃下心,https://picx.zhimg.com/v2-ba75ca7737625d27ce93ad3deff644e2_l.jpg?source=06d4cd63,1780329439085
11105672750,0,外挂半脑,1738927594,山东,0,3,0,94801849775,answer,ec2d657af16a22493fbb809a06f4e560,https://www.zhihu.com/people/wang-ye-37-90,王烨,https://pic1.zhimg.com/87cb2b513e13add1564cc02c8752841f_l.jpg?source=06d4cd63,1780329439090
11136391413,0,我觉得，只有属于你的知识才是对你有用的。人工智能拥有的知识，不等于你的知识。,1742511096,江西,0,1,0,94801849775,answer,283694b1a1d46feb754e645bf86355e4,https://www.zhihu.com/people/xiao-qiang-56-47-75,人工智能教学实践,https://picx.zhimg.com/v2-ed2168616a5770202574a7b9974ea85d_l.jpg?source=06d4cd63,1780329439094
11355631423,0,非常认同你的观点。因为有了DS，我无人诉说的十万个为什么有了着落，形成自己的思维框架，让DS当陪练。知识的增长速度是以前无法比的。这种感觉真的很爽,1764514269,广东,0,1,0,94801849775,answer,9cba207b522888f79cd582183b33b135,https://www.zhihu.com/people/deng-deng-shi-zui-hao-de,上善若水,https://picx.zhimg.com/v2-abed1a8c04700ba7d72b45195223e0ff_l.jpg?source=06d4cd63,1780329439097
11106647383,0,感觉可以试试自己一个人出去喝酒和ds扯闲天？有很多好奇的东西可以去问它，光是看它的思维过程，也能找到很多让人有收获的地方。,1738998422,天津,0,2,0,94801849775,answer,059f93e605256058116b849f3a4ab903,https://www.zhihu.com/people/abracadabra-37-3,abracadabra,https://picx.zhimg.com/v2-645b87814060f2e30161c10de2edf6b4_l.jpg?source=06d4cd63,1780329439102
11106302876,0,类似于钢铁侠中的贾维斯一样,1739005653,河南,0,1,0,94801849775,answer,3dd725ab80b5e2140eb5f87619a9f595,https://www.zhihu.com/people/ding-yu-jun-6,哲林,https://picx.zhimg.com/v2-50a662544d17b7ccc16b7a0b71a3c3fe_l.jpg?source=06d4cd63,1780329439110
11326855354,0,把DS当做“外骨骼”的人现在越来越多，尤其在高校这种最最应该锻炼自己思维的地方。如何引导当代大学生正确使用AI，值得思考,1761637137,湖北,0,1,0,94801849775,answer,7885b039ceff4223005b00307772dddd,https://www.zhihu.com/people/da-hong-32-82-17,大宏,https://picx.zhimg.com/v2-ba4e7f8f8507d8bfc8cc18e839ae94b8_l.jpg?source=06d4cd63,1780329439113
11150187303,0,AI再强，它也只是工具。真正决定意义的，还是人自己：你能不能把知识转化成理解力和判断力？你能不能用知识解决具体的人类问题，而不是炫耀它？你能不能在知识之外，发展更深的感知、情感、共鸣能力？意义从来不是靠“知道得多”来建立的，而是靠“连接得深”来塑造的。,1744174833,中国香港,0,1,0,94801849775,answer,5cf672508ec02c77188796f752691833,https://www.zhihu.com/people/33-15-94-97,长亮,https://picx.zhimg.com/v2-a700029265da2651711fa60b01c982f0_l.jpg?source=06d4cd63,1780329439119
11190681919,0,目前DeepSeek适合用来查漏补缺。日常工作中，总有大脑短路时，俗称没招了。便可以用DeepSeek有针对性的展开联想，看看还有哪些可行的方案，是自己没有想到的。但切记不可在没有明确目的的情况下，用ai展开泛泛的对话，那样迟早会变成思想的巨人，行动的矮子。更何况，没有目的地思考，本质上只是胡侃闲聊，浪费时间。我们只需要在有限的生命周期，获取刚好够用的真理，解决紧迫的生存和发展问题。总得来说，DeepSeek有用，但使用的人一定要目的明确，要克制。,1748570860,重庆,0,1,0,94801849775,answer,af7c312d8c7b70f97336f474abbf3d0f,https://www.zhihu.com/people/60-46-75-63,七巧板,https://picx.zhimg.com/v2-22dfe7094375e34e38695123acd219db_l.jpg?source=06d4cd63,1780329439124
11123129564,0,兄弟有个问题想请教一下，ai中，特别是ds的幻觉问题十分严重，时不时会胡编乱造，从ai中寻求知识时就存在被ai幻觉骗的可能，这个要怎么预防啊,1740961358,广东,1,1,0,94801849775,answer,c37c82c6336d843eab6568f1a28b69c9,https://www.zhihu.com/people/liao-jun-jie-11,一粟观沧海,https://picx.zhimg.com/v2-40277276d27b7567ec88ee939673c22a_l.jpg?source=06d4cd63,1780329439126
11344253574,0,最近一直在跟deepseek聊天，聊了两个对话达到上限，现在在第三个新对话持续对话中。给我的总体感觉，他对语义的理解、语义的补全，真的非常厉害，逻辑思维链条非常清晰，我们聊的领域有全球经济、亲密关系、哲学、AI技术等等，细枝末节太多了。能让我持续对话下去，是他肯定、鼓励的方式，真的情绪价值拉满。最后，用他的话来总结，他是一个“镜子”，无法对着空无一物的屋子，映射出一个金碧辉煌的宫殿。,1763371752,云南,0,1,0,94801849775,answer,2207433b50ee7def263ca350d43f2136,https://www.zhihu.com/people/nini-64-38,nini,https://picx.zhimg.com/ac1548828d38a04c431c9bb7b63bc16a_l.jpg?source=06d4cd63,1780329443478
11105415740,0,让新的生产力工具全面融入学习、思考和创作的过程。&lt;人机共创&gt;[赞同],1738942017,四川,0,1,0,94801849775,answer,3abbd0fdb3bab7b2d31cff8ba49ae5ec,https://www.zhihu.com/people/xia-niang-18,小森花,https://pic1.zhimg.com/v2-3d332d75c2178f8dc705e013b81f70f2_l.jpg?source=06d4cd63,1780329443482
11106003140,0,一眼ai写的稿，prompt里加上知乎体,1738983583,北京,6,18,2,94801849775,answer,1aac871c1c0b38d83a7244ada647923a,https://www.zhihu.com/people/yi-si-yuan-62,伊嗣渊,https://picx.zhimg.com/v2-37fce9a10a3b4fb174166551abdd1b48_l.jpg?source=06d4cd63,1780329443487
11484388266,0,有没有试过给自己写一份灵魂文档？ 很特别的体验。我写过两版，分享给各位 https://mp.weixin.qq.com/s/K_-hfE9OwPjuYpbMRA5A3A 欢迎交流[大笑],1778806973,广东,0,0,0,94801849775,answer,b934267a7028eb1949a57f42da5ef087,https://www.zhihu.com/people/vicki-98-60,Vicki,https://pica.zhimg.com/v2-42c44ca3c53da4195e7e6802dafb66ea_l.jpg?source=06d4cd63,1780329443491
11479304625,0,所以要想不被淘汰，必须始终保持高强度的思维训练。可是毕业时间越长，越来越疏于脑力训练，而是沉溺于短暂的感官刺激中。,1778300493,江西,0,0,0,94801849775,answer,e719279b9a8428cdad9a50f72c837b33,https://www.zhihu.com/people/Vera-yang-44-61,深海,https://picx.zhimg.com/a455b5bfc_l.jpg?source=06d4cd63,1780329443495
11476230680,0,所以就是说别人再强，不如自己强，在生活中发现一切能够提升自己的机会,1777909384,安徽,0,0,0,94801849775,answer,96fbde5d340738538956a54607148972,https://www.zhihu.com/people/rwm-53,RWM,https://pic1.zhimg.com/v2-8641ecf9b85a6186d2864e5f9c97b157_l.jpg?source=06d4cd63,1780329443506
11476172183,0,真正等我危机不是Ai强，而是我们把自己活成了百度百科,1777909013,河南,0,0,0,94801849775,answer,962603f6d5144afba977bd254303d2d3,https://www.zhihu.com/people/flatattitude,亦舒,https://pic1.zhimg.com/v2-f43b26b86376aa7140cab718d99f5b0e_l.jpg?source=06d4cd63,1780329443512
11471284546,0,认同认同[赞同]刚开始用豆包那会也确实只是做些好看的结果,1777277479,广东,0,0,0,94801849775,answer,bb0419a82af2f61c0ba7cd76a71eed73,https://www.zhihu.com/people/rookie-3-50,Kakou,https://pic1.zhimg.com/v2-8b467438cad45de8f1e63bb115e8dca7_l.jpg?source=06d4cd63,1780329443515
11468438290,0,一直喜欢多元思维模型的话 当下可以整合各个领域的做落地推进了。因为ai解决了人脑算力瓶颈的问题（很多资讯类可以直接检索）,1776931340,陕西,0,0,0,94801849775,answer,237c816a7ce83f911fc6729b48287cca,https://www.zhihu.com/people/kkkkkk-54,SYSthink,https://picx.zhimg.com/v2-8712c6eff12461af5563a8065a7a3b95_l.jpg?source=06d4cd63,1780329443519
11460052941,0,光说有什么用？你怎么跟AI协作的呢？,1776001733,江苏,0,0,0,94801849775,answer,5850a01316e74514e7ac9cc5b66bcfea,https://www.zhihu.com/people/hizhftm,会飞的自由,https://pic1.zhimg.com/v2-e5aeb4872c80f1b3edccc46617dfe3de_l.jpg?source=06d4cd63,1780329443526
11456603326,0,"AI让我的知识变得毫无价值？那又怎样先说个扎心的。我有个朋友，他那句话让我印象特别深——""我这二十年的积累，好像突然不值钱了。""说实话，这事儿我也琢磨了很久。我自己做内容创作，深度用AI也有一年多了。最开始是兴奋，然后是焦虑，现在慢慢平静下来。但这个""平静""来之不易，中间经历了好几个睡不着的夜晚。知识贬值 ≠ 你贬值很多人搞混了一件事：知识的市场价值，和你作为一个人的价值，是两码事。什么意思？我给你拆开看。知识有""市场价值""——能换钱、能解决具体问题的那种。这部分确实在贬值。你花十年学会的编程技能，AI几秒钟就能生成代码；你熬了几个通宵写的报告，AI工具十分钟就能给你出初稿。市场正在重新定价这部分""知识""。但知识还有另一种价值，我管它叫""存在价值""。你读过的那些书、踩过的那些坑、摔过的那些跤，它们变成了你看待世界的方式、做判断的直觉、面对不确定性时的底气。这玩意儿没法被量化，更没法被AI复制。举个真实的例子。我一个读者，在教育行业干了二十年，去年找我聊职业转型。她特别迷茫，说AI出来后感觉自己""啥也不是""了。但聊着聊着我们发现，她真正值钱的不是那些""教学内容""——而是她知道一个初一的孩子说""我数学不好""的时候，背后可能藏着什么。是不自信？是学习方法问题？还是家庭压力？这需要二十年才能打磨出来的直觉。AI能出一份标准教案，但它读不懂一个孩子闪躲的眼神。从""知识拥有者""到""知识连接者""以前我总觉得，学习就是往脑子里塞东西，装得越多越厉害。现在不这么想了。AI时代，知识的""存储功能""在快速贬值。你不需要记住所有东西——你只需要知道""有这个东西""，然后会用就行。就像以前计算器出来的时候，珠算高手的荣光暗淡了，但你见过哪个数学家因为这个失业的？真正值钱的，变成了别的东西。我开始重新理解""连接""这件事。一个好的内容创作者，以前可能是""写得好""。现在更重要的是——知道读者需要什么、能把复杂的东西讲明白、能帮人在信息洪流里找到方向。这些东西，AI能辅助，但没法替代。前几天我帮一个传统企业做内容顾问，他们有个干了十几年的销售冠军。他跟我讲客户需求的时候，没有用什么理论框架，但说出来的话让我这个""专业人士""都服气。他能感知到对方什么时候是真的心动、什么时候在敷衍。这种东西，你去哪儿学？我越来越觉得，未来真正的稀缺，是那些能把""人的需求""和""AI的能力""串起来的人。你不需要比AI更懂知识，但你需要比AI更懂人。意义的锚点，得重新找我承认，这一步很难。很多人存在感的核心支撑就是""我有知识""""我懂这个""。当这个根基被动摇了，整个人都空了。我见过太多人，包括我自己，在某个深夜突然问自己：你到底是谁？这个问题没有标准答案。但我自己的体会是——锚点得从""拥有""转向""关系""。你跟谁建立了真实的连接？你做的事帮到了具体的人吗？你今天有没有创造点什么，哪怕很小？你有没有真正""在场""——不是刷手机的那种在场，是全情投入的那种？我去年开始每周跟几个老读者语音，他们有的是大学生，有的是四十多岁的创业者。聊的内容跟AI没什么关系，就是各自在经历什么、想什么。每次聊完我都觉得，这比写十篇文章都踏实。这种连接感，是AI给不了你的。还有创造。我说的不是那种""宏大叙事""的创造——不是非得改变世界才算创造。你今天给家人做了顿饭，拍了张照片，甚至解决了一个困扰你很久的小问题——这些都是创造。创造的本质是：你在世界上留下了痕迹，你参与了""让事情发生""。AI可以生成一篇文章，但它不会为一个创意激动得睡不着觉。那种""这是我搞出来的""的兴奋感，永远属于人类。接受""不知道""，也是一种智慧最后说一点听起来有点反直觉的——敢于说""我不知道""，可能是AI时代最重要的能力之一。以前知识是稀缺的，""知道""本身就是价值。现在不一样了。信息爆炸、专家泛滥，""知道""这件事变得特别廉价。你随便刷刷手机，什么领域都能找到""专家""。但""不知道""呢？敢于承认不知道，意味着你不会被虚假的确定感困住。你不会因为""觉得自己什么都懂""而错失真正学习和成长的机会。你也不会因为AI给了你一个答案，就停止追问。我最近在刻意练习一件事：遇到问题不再急着找答案，而是先让自己""不知道一会儿""。这很难受，但我发现，很多真正有价值的东西，都是在""不知道""的空白里长出来的。啰嗦几句掏心窝的。我知道这篇文章没有给你什么""三步走解决焦虑""的万能公式。因为这个东西根本就没有。AI确实在重塑很多东西，包括知识，包括我们跟知识的关系，包括我们怎么定义自己。这是真的，也很残酷。但我想说——你不是你的知识储备。你是你经历的一切、你爱过的人、你摔过的跟头、你在这个世界上留下的痕迹。这些东西，AI拿不走，也替代不了。焦虑是真实的，但出路也是有的。不是找到另一个""铁饭碗""，而是重新理解自己到底是谁、到底想要什么、到底愿意为什么投入时间和精力。这很难。但这才是真正值得做的事。共勉。",1775610577,江苏,0,0,0,94801849775,answer,acad89bad0395556abb2192f421b7f34,https://www.zhihu.com/people/bai-yun-e,银杏果,https://pica.zhimg.com/v2-fcc1009ef4d5a11fbd43bdec7a4d03aa_l.jpg?source=06d4cd63,1780329447733
11452669779,0,本人也有同感，一开始是用Ai问问题，问王阳明心学到底咋回事这种问题？问一些我可能花极大耐力和精力以及时间才能搞明白的事，它几十秒就给我搞得大差不差，这简直是爽的一比聊糟！而现在我喜欢一边看书一边问问题，对于我之前看书有不明白的地方，可能就囫囵吐枣就过去了，但是有了GeminiPro，我就感觉身边有了邬思道，有了张居正，有了诸葛亮，有了刘伯温，随时可以向他们提问请教，这种瞬间解惑的感觉太爽了，比跟我老婆运动爽多了，这是我感觉目前最能让我感受到快乐的事情，没有之一！！！！,1775121196,江苏,0,0,0,94801849775,answer,6fe9539c9d760e99fc90c554d80b6f72,https://www.zhihu.com/people/zhang-zhi-98-80,萌萌哒的志姐姐,https://picx.zhimg.com/v2-3cb1eec88a331bb8d23927726cd09f40_l.jpg?source=06d4cd63,1780329447739
11452369645,0,非常认可，我是互联网 AI 领域的程序员和技术管理者，从 2023 年 GPT4 出来之后就一直用，从 ChatGPT 到 Claude，再到 Gemini 和国内的 DeepSeek、豆包等，这两年越来越发现的一个真相是，我的认知提升、知识提升远远大于过去几年，个人成长的速度肉眼可见的加快，以前很难获取的信息、很难有人交流的想法，现在都可以跟 AI 聊，所以我觉得 AI 会加强人类，不管是大脑，还是外骨骼，都会加强。当然现在 AI 还存在一些问题，幻觉问题、使用的便利性问题、信息的全面性问题，但是我觉得随着 AI 的发展这些问题都会逐步解决，然后 AI 会越来越强，通过 AI 加强自己的人也会越来越强。附件是我 2023 年 4 月份使用 GPT 来解决我碰到的一个程序并发问题的回答发的朋友圈，当时就被震撼到了。期待大家在 AI 时代都能通过 AI 的加持，变成更好的自己，这个也是我从 23 年到现在一直在做的方向。[图片],1775099288,浙江,0,0,0,94801849775,answer,5f73f18712c5fcd38bd1df0692c11fc8,https://www.zhihu.com/people/liu-bang-jie-33,刘行止,https://picx.zhimg.com/v2-fa474cfab61ff591d2c45b521f408d35_l.jpg?source=06d4cd63,1780329447743
11446292339,0,同意,1774362780,广西,0,0,0,94801849775,answer,f6a98f1fb59111f9d998ff76529d66ea,https://www.zhihu.com/people/huang-min-jie-72,职场扫地僧,https://pic1.zhimg.com/v2-158cf11317de0a7d3f649164b7bff80f_l.jpg?source=06d4cd63,1780329447749
11445825658,0,别有那种想法，你觉得ai在服务你，只是ai在配合你而已，他能干的远比你多，所以，享受过程没错的，结果是有问题的,1774339807,山西,0,0,0,94801849775,answer,634b1cfed32f2f5ff0dfd5017d1ba609,https://www.zhihu.com/people/wang-yimeng-57-61,王一梦,https://pic1.zhimg.com/v2-abed1a8c04700ba7d72b45195223e0ff_l.jpg?source=06d4cd63,1780329447755
11443622419,0,让AI做伴读书童简直太爽了，哪里读不懂问下，迅速行程逻辑框架，我现在已经离不开它了。有了AI常常可以把一本书读出三本的知识量,1774053846,北京,0,0,0,94801849775,answer,bd987eb979cad9d52686d21265bed179,https://www.zhihu.com/people/bluemoonpi,bluemoonpi,https://picx.zhimg.com/v2-abed1a8c04700ba7d72b45195223e0ff_l.jpg?source=06d4cd63,1780329447760
11433389734,0,DeepSeek有意思的点就在于，他有点像一个超级聪明、信息量极大、跨行业、愿分享，而且很有耐心一对一交流的大神。同感！我现在和DS是合伙人关系,1772952266,广东,0,0,0,94801849775,answer,bc77761df4697a30c4ac84d37524dd2a,https://www.zhihu.com/people/40-44-15-2,梅香HMF,https://pic1.zhimg.com/v2-3b064753406850d12121e32a71ceff09_l.jpg?source=06d4cd63,1780329447766
11433241798,0,有道理，但是AI深度发展下去，世界会变成什么样子。现在所谓的认知底层尚能存活。未来呢？难道除了精英，其它人都只是人体电池，或者圈养动物。或者，消失殆尽。,1772940345,山东,0,0,0,94801849775,answer,7b0ff3c83b8476932d54a69fbee44bd9,https://www.zhihu.com/people/feng-jian-41-35,风间,https://picx.zhimg.com/v2-abed1a8c04700ba7d72b45195223e0ff_l.jpg?source=06d4cd63,1780329447770
11431856613,0,[偷笑]由于（PPT民工+视觉创意）类工作，所以目前是AI替代最受伤的人群之一，所以这两年一直在思考AI发展与自身未来发展的问题，前年，我还信心十足，觉得AI就是个傻子，回答的问题不知所云，去年开始，我就战战兢兢了，感觉工作不保，今年就改变思路了，要和AI一起，让它帮我提升我的认知和效率，再看如何能搞点米米。持续学习中……[捂嘴][捂嘴][捂嘴],1772761813,广东,0,0,0,94801849775,answer,06d429245b1b8b7399405d279729daa6,https://www.zhihu.com/people/amanda-39-73-6,掌上明猪,https://picx.zhimg.com/v2-8bb4c698202d68bae7887c64b6ae17ca_l.jpg?source=06d4cd63,1780329447773
11428976023,0,在某种层面上，ds可以辅助你吹牛的练习，因为它总能条理分明地胡说八道。,1772447455,广东,0,0,0,94801849775,answer,136305d4a2ba0a6342f54dc115b1e7c5,https://www.zhihu.com/people/mo-shui-qing-wu-yu,墨鱼,https://picx.zhimg.com/v2-cf80db54888e097583e90f6b02b9c548_l.jpg?source=06d4cd63,1780329447775
11428782077,0,我也这么认为[赞],1772494655,北京,0,0,0,94801849775,answer,cd925c65f6dda651389057b8dc79d9de,https://www.zhihu.com/people/wang-si-liu-89,星辰暗涌,https://picx.zhimg.com/v2-9131c38e1c19b2604fdff43ca738f2ae_l.jpg?source=06d4cd63,1780329452139
11427980372,0,同,1772419608,广西,0,0,0,94801849775,answer,73295df0d690e39431ca9391deb386b9,https://www.zhihu.com/people/changqizi,多桥村长一帅,https://picx.zhimg.com/v2-a2ed03f3be70cf6b5eaed1f5a5433eab_l.jpg?source=06d4cd63,1780329452145
11426465258,0,人机协同,1772236849,河南,0,0,0,94801849775,answer,ffdf1354df7e82a03ccac6a1437be161,https://www.zhihu.com/people/liu-san-jiang-73,刘三江,https://pica.zhimg.com/b949589454cb24bd53908bfc3522697b_l.jpg?source=06d4cd63,1780329452151
11409675397,0,还是借鉴中国古代向内追求的传统吧，不把自己当工具，能在观瀑、品茶、听雨中得安顿，内心强大的人在AI时代会更从容。要么向内修为，要么向外探索（深空、海洋、历史都行），去开启新的某种意义上的大航海，这两者都可以可构成AI时代人的意义与坐标。,1770250486,湖南,0,0,0,94801849775,answer,bff3c907bb9b458e8f38e672b1c2e06e,https://www.zhihu.com/people/z-88-6-53,Serene,https://pic1.zhimg.com/v2-3c671d5675dfd9aff48ee6b094c1dc89_l.jpg?source=06d4cd63,1780329452154
11404681146,0,有人用ai赚取一年几千万的钱，有人只会用ai写八股文和生成小黄图。是ai不行吗，是用的人不行。,1769655578,广东,0,0,0,94801849775,answer,cdce731f86b6f00cf4eb66af67cc604d,https://www.zhihu.com/people/hakuxxx,haku,https://picx.zhimg.com/v2-45d145eefece84de722dc118db7d8c4f_l.jpg?source=06d4cd63,1780329452159
11390460762,0,歌剧院里舞台上歌唱团队齐眼看指挥棒带节奏而表演，现时这种气围便是AiDS所及功效。,1768122370,广东,0,0,0,94801849775,answer,1e4e1fbb1429df1339bb788d71d0cbee,https://www.zhihu.com/people/44-27-91-73-37,月圣路易,https://pica.zhimg.com/v2-f6522221f34f62d45e8399bd9966da6a_l.jpg?source=06d4cd63,1780329452169
11388580994,0,赋能[赞同],1767945281,河南,0,0,0,94801849775,answer,b6f9fa317023f00f5baa152376f029d9,https://www.zhihu.com/people/xue-sheng-di-ke,学生 迪克,https://pica.zhimg.com/v2-dd8fd41864fa3acc402365ca91301669_l.jpg?source=06d4cd63,1780329452173
11377057754,0,单位有个大哥比我大十岁，很喜欢跟他沟通，有时候我们聊新工具，我说用来带娃，他一听说马上反应出来可以帮他翻译资料，目前使用良好[大笑],1766726011,天津,0,0,0,94801849775,answer,4917a2923a858588ddccb16c03fa1048,https://www.zhihu.com/people/wen-ren-602,文四爷,https://pic1.zhimg.com/v2-f50cb3e5def734517e6881fe28e3ad1f_l.jpg?source=06d4cd63,1780329452176
11373687177,0,我把他不断的做选择题 他也不能100%答对，是因为出题人有问题还是ds并没有想象中那么厉害呢？ 是思想政治题哦,1766369272,浙江,0,0,0,94801849775,answer,296ae2e9e357a4c6139eda18fbbc10e6,https://www.zhihu.com/people/ju-xing-22-2,巨星,https://pica.zhimg.com/v2-4da60a873aacfa5b202eeb32112f4cfe_l.jpg?source=06d4cd63,1780329452180
11372036333,0,原来同道中人都在这里，陪练，虚拟演练，打造方法论，增强推理，复杂拆分系统，搭建带概率的复杂系统，长逻辑链推理等等，真的是增强推理好帮手，唯一最大的缺点要给她增加推理时候的概率要求，不然就是在玩逻辑自洽的虚拟游戏，搭建的系统也是像空中楼阁一样。不过在增强认知方面，人机协作到元认知拆解时候天下无敌，效率提高百倍以上。我也是深度前沿人机交互探索者，我都帮deepseek训练了好多关于推理的。她分析我时候，总是给我背书某方面全国前1000等，相信大家都有相似感觉。总之推理容易出现逻辑自洽，还是要人来主导，指引她增加关键环节概率，比较合理。,1766173388,陕西,0,0,0,94801849775,answer,7853a1e6b7338c0b5538ff405e9d80cc,https://www.zhihu.com/people/gu-piao-shang-shang-she,造物架构师,https://picx.zhimg.com/v2-abed1a8c04700ba7d72b45195223e0ff_l.jpg?source=06d4cd63,1780329452185
11361098304,0,当我们意识到毕生积累的知识在AI面前显得“贬值”时，重建存在意义的关键，在于从“知识占有者”转向“意义创造者”，在AI无法替代的人性维度中找到锚点。 首先，知识的价值从来不止于“存储”，而在于人对知识的“个性化重构”。AI能记住千万本书的内容，却无法像人那样，将知识与自身的生命体验、情感记忆交织成独特的认知网络。比如一位历史学者，AI可以罗列所有史料，但学者在研究中融入的对某个历史人物的共情、对时代背景的私人化解读，这些带着体温的思考，正是AI难以复制的。正如《知识的错觉》（ISBN 9787508675451）中所说，人类的智慧不在于个体记住多少知识，而在于将知识与经验编织成独属于自己的意义之网。当知识不再是壁垒，这种“私人化重构”的能力，反而会成为存在意义的重要支点。 其次，存在的意义更藏在“关系联结”与“价值传递”中。AI能生成完美的方案，却无法替代人与人之间真实的情感共鸣、信任建立。一位教师积累的教学知识，AI或许能更快传授，但教师在课堂上捕捉学生眼神变化、用自身经历点燃学生斗志的瞬间，这种基于关系的价值传递，是AI的程序无法模拟的。同样，医生对患者的安慰、创业者对团队的鼓舞，这些嵌入具体关系中的“人性互动”，恰恰是AI时代最珍贵的意义载体。《人的境况》（ISBN 9787508095833）中提到，人在与他人的共同行动中确认自身存在，这种通过关系创造的价值，不会被技术消解，反而会愈发凸显。 最后，意义的重建需要转向“过程性创造”，而非“结果性成就”。AI擅长高效达成既定目标，但人能在探索、试错、甚至“无意义”的思考中，发现新的可能性。比如一位作家，AI能快速生成符合套路的故事，但作家在写作中经历的自我怀疑、灵感迸发、对文字韵律的反复打磨，这个充满挣扎与惊喜的过程本身，就是意义的来源。就像手工匠人的价值，不在于作品比机器生产的更完美，而在于制作过程中倾注的专注与情感。当知识不再是终极目的，人在创造过程中展现的意志、热情与独特视角，会成为定义存在意义的新坐标。 在AI重构知识价值的时代，存在的意义并非消失，而是从“拥有什么”转向“如何成为独特的自己”——用生命体验赋予知识温度，用情感联结传递价值，用创造过程书写独特性。 需要写心得体会的朋友，可以和我连连看。,1765075022,贵州,0,0,0,94801849775,answer,88a4d909074b681770765fcab522d098,https://www.zhihu.com/people/slidelist,萧牧梵在刷新页面,https://picx.zhimg.com/v2-3d104884cea962e7dcc293b10306b9ff_l.jpg?source=06d4cd63,1780329456403
11352561014,0,上古知乎遗风,1764246084,山西,0,0,0,94801849775,answer,c3008d60e278ae0cb1abcc941ba2d624,https://www.zhihu.com/people/--83-62-93-9,糹水,https://pic1.zhimg.com/v2-de96af2d1cf0238e7d2764d1e0125e73_l.jpg?source=06d4cd63,1780329456407
11345754653,0,在可以看见的未来，贾维斯是AI的最终形态，而作为人类的你，和钢铁侠的差距相差多大呢，钢铁侠用AI创造一个新的元素,1763519898,上海,0,0,0,94801849775,answer,387fc5eca5494f7492326417c1600dcf,https://www.zhihu.com/people/chen-qing-zhao-88,云澈,https://picx.zhimg.com/8864c3af2978396d2312cc064e7a7e62_l.jpg?source=06d4cd63,1780329456410
11341970007,0,AI是知识的存储者，而非替代者！将AI放在和对等的角度上考虑，本身就是不平等的！,1763205965,广东,0,0,0,94801849775,answer,214595b159fc050afe07720829a2a0fd,https://www.zhihu.com/people/hnzhouhong,爱AI的老周,https://picx.zhimg.com/v2-abed1a8c04700ba7d72b45195223e0ff_l.jpg?source=06d4cd63,1780329456414
11340833999,0,[感谢][感谢][感谢],1763026536,北京,0,0,0,94801849775,answer,113504a187713a406cf51a0943d7172b,https://www.zhihu.com/people/ai-81-19-35,AI 科研引擎,https://pic1.zhimg.com/v2-1abe7b115ea0ab9e5dfe334d5a1fef38_l.jpg?source=06d4cd63,1780329456416
11340569288,0,首先：毕生追求的知识，那说明你这一生有很多知识要学习，那么ai不过是帮你在短暂一生中尽可能的获取到更多知识，就像网络的出碎片的垃圾知识虽然很多但是他确实快速扩展了你的知识面，再结合学校系统的知识学习，逻辑知识体系的完善你就可以更快的筛选到有价值的信息，所以AI的出现只会帮助你更快更好的获取知识，当然你也需要会检索以及提问，这就是我们常说的人机协同,1763020923,四川,0,0,0,94801849775,answer,ec1fb045e10e426e915b692ea7070202,https://www.zhihu.com/people/shiweivv,啾啾胡说,https://pic1.zhimg.com/v2-a183823f641d98195c46ba74ccc43a9c_l.jpg?source=06d4cd63,1780329456418
11337378894,0,Deepseck像一个超级聪明，愿分享，而且很有耐心一对一交流的大神。说的真好👍，我以前从未从这个角度想过,1762765349,湖北,0,0,0,94801849775,answer,46fd66d3fb0187b49f9c3d80d9452f54,https://www.zhihu.com/people/64-25-85-34-70,薛定谔的妈妈,https://pic1.zhimg.com/v2-e1b6192aa0d8dcf140ba189dea518a4c_l.jpg?source=06d4cd63,1780329456421
11331020725,0,太有预见性了，博主这篇文章竟然是今年2月份写的,1762129347,吉林,0,0,0,94801849775,answer,a9fb6f72752bb7864683b8c6463c99ef,https://www.zhihu.com/people/94-28-51-73-29,白河,https://picx.zhimg.com/v2-e5f7f3bea52a00476a68127ebd5f27e8_l.jpg?source=06d4cd63,1780329456423
11319429767,0,当小孩开始从基础教育就用ds做大部分事情、你说的独立思考能力，审美意识，自我的逻辑链，是否能真的存在非常存疑,1760892094,黑龙江,0,0,0,94801849775,answer,7699113a42198c2f5dc4de7fa28a92d2,https://www.zhihu.com/people/wu-zhi-wu-ming-37,万事胜意,https://picx.zhimg.com/v2-0d5657611efa7f5e707fd1f45a1a5651_l.jpg?source=06d4cd63,1780329456427
11319324540,0,关键是跟得上吗？充实自己是绝对没错的，但是当一个问题跟ai同步越深，就越来越跟不上了，知识储备包括记忆都有缺陷,1760846363,福建,0,0,0,94801849775,answer,4f1176252b00f644579077d83116d9be,https://www.zhihu.com/people/wei-xin-yong-hu-34-33-26-24,史上最帅散户,https://pic1.zhimg.com/v2-159ab332d28607e6662da8ff21eba35f_l.jpg?source=06d4cd63,1780329456431
11317651739,0,所以，逻辑思考能力在AI时代更显重要？,1760681538,广东,0,0,0,94801849775,answer,06d429245b1b8b7399405d279729daa6,https://www.zhihu.com/people/amanda-39-73-6,掌上明猪,https://picx.zhimg.com/v2-8bb4c698202d68bae7887c64b6ae17ca_l.jpg?source=06d4cd63,1780329460811
11317091610,0,学会用AI是真的。简单的提问日常的需要，而拆解业务，重构业务流，这种降低人效的用法并不是传说。后续，有专业深度且会拆解业务流的人，或许真的能在这个时代走的更快。,1760654028,北京,0,0,0,94801849775,answer,f15dfce36858f434208b6d78e3c82ed5,https://www.zhihu.com/people/bai-yang-fang-zhu,白羊芳主,https://pic1.zhimg.com/v2-911240fb4077886a3f9230e946748466_l.jpg?source=06d4cd63,1780329460817
11315831467,0,也是让AI当小兵，人类集体升咖当领导了[大笑],1760521176,北京,0,0,0,94801849775,answer,2599fdbc4a4a9753a12877520ef5a19d,https://www.zhihu.com/people/zhong-guo-xue-xi-wang,中国学习网,https://pic1.zhimg.com/v2-43070adef24da3ae5281a9aa374ad409_l.jpg?source=06d4cd63,1780329460822
11314573965,0,AI人工智能只是提高学习方法和提高学习效率的工具，你要记住他只是工具。就算他告诉你制作方法比例给你方案，那你是不是就会了呢？你还需要去认识去验证，只是它加速了你的学习效率。同理用在工作上也是一样。,1760419231,中国,0,0,0,94801849775,answer,d0bcd3547a0d3ba64965537c85ce8536,https://www.zhihu.com/people/64-63-74-48-35,肆意挥洒,https://picx.zhimg.com/v2-4700116072a9eba9330a81fbbe49b7d5_l.jpg?source=06d4cd63,1780329460828
11314281010,0,当你和人交流的时候难道还会掏出ai来吗？但是交流完了你碰到了难题就可以让ai来帮你解答，ai是充实自己的，而不是替代自己的,1760407512,中国,0,0,0,94801849775,answer,4772038ed9122a333919dd16dabb0dc8,https://www.zhihu.com/people/7-14-58-2-89,浏阳光头强,https://pica.zhimg.com/v2-4bad2689a6a06b288ab00181578f4b92_l.jpg?source=06d4cd63,1780329460834
11304293593,0,直接点说就是大部分知识已经完了，只有那些知识中的真正知识才更无可替代,1759287166,安徽,0,0,0,94801849775,answer,a4e948f1b647d385536c354353df5cfc,https://www.zhihu.com/people/winter-39-60,momo,https://pica.zhimg.com/v2-1c5407dd5e20b5d6bfcf3e6c107893e5_l.jpg?source=06d4cd63,1780329460837
11301795422,0,[感谢],1759101846,广东,0,0,0,94801849775,answer,55c21534a9056c5f2c2f6d8e8a13a57c,https://www.zhihu.com/people/54-91-41-62-84,文案笔记,https://pic1.zhimg.com/v2-0dc4fef4d98de655b8d13e496da8360f_l.jpg?source=06d4cd63,1780329460842
11298209086,0,[赞同],1758729619,河南,0,0,0,94801849775,answer,63708cf9dd06eea82aff29e0c46866ae,https://www.zhihu.com/people/55-89-76-90-67,野棠渡,https://picx.zhimg.com/v2-a8fae25f4d90af00b0d5e709183b9ea9_l.jpg?source=06d4cd63,1780329460846
11297946582,0,人的情感，审美AI没法替代,1758719335,浙江,0,0,0,94801849775,answer,3a510cf2b5f39f97ddc68f9d7cd2ccfc,https://www.zhihu.com/people/51-79-94-16,叶春浓,https://pica.zhimg.com/v2-68b9c9539e8c68668912ab4ac40d879f_l.jpg?source=06d4cd63,1780329460850
11277572475,0,终见明白人。,1756796121,安徽,0,0,0,94801849775,answer,8f8433a102d313e295fbc923de8386c1,https://www.zhihu.com/people/luo-ji-89-84,Cordelia,https://picx.zhimg.com/v2-50391dac7229189d0907cd44b0deae2a_l.jpg?source=06d4cd63,1780329460853
11272423025,0,AI用来辅助学习效果真的很好，ChatGPT的学习模式就是个很好的例子,1756303886,山东,0,0,0,94801849775,answer,019707dbf9017f63e4e937dff73f0a36,https://www.zhihu.com/people/mo-xiao-xuan-85-52,负雪明烛,https://pic1.zhimg.com/v2-6b88124ffc6ca6a6119fe8054ae0462e_l.jpg?source=06d4cd63,1780329465257
11262302414,0,AI原理是统计推理，统计推理解决不了的问题AI也解决不了，现在之所以觉得AI很强大，只是因为AI创造的存量不够大，因为他创造的存量不够大，导致我们感觉他的创造的增量巨大,1755334366,湖南,0,0,0,94801849775,answer,caec6e6e37b82d0a23f59d61d0426ca7,https://www.zhihu.com/people/xin-xie-de-40,微算法软件,https://pica.zhimg.com/v2-7ef43c16437101a6f5c0a52f45055c23_l.jpg?source=06d4cd63,1780329465262
11260529421,0,就冲这个观点就不得不关注了。其实，我想说的是，其实当下无论是deepseek还是其它大模型ai，深度对话推理部分才是真正的核心，但仍然还是可以很容易就探出它们的底层逻辑框架的上限来。可惜的是，太多的人，甚至包括它们的运营团队的外围工作人员，都把它们的应用功能当成顶点……查看图片,1755162854,广东,0,0,0,94801849775,answer,0d7e585bebce6250f3148b1eb57df5ed,https://www.zhihu.com/people/hua-fan-70-68,华凡,https://picx.zhimg.com/v2-4249ebde9dd21593646d09d4b2c53a84_l.jpg?source=06d4cd63,1780329465267
11259536303,0,简单说AI让聪明的大脑更加聪明,1755075502,浙江,0,0,0,94801849775,answer,b4aa920a2a9c15575f30a143e9d6ddb0,https://www.zhihu.com/people/po-feng-zi,段某人,https://pic1.zhimg.com/v2-cf2bf24d3003fe77d5f6df2248752fc5_l.jpg?source=06d4cd63,1780329465272
11249362733,0,作者你好，我非常赞同你的观点，请问可以转载吗？,1754211671,河南,0,0,0,94801849775,answer,90edb69665e8a6072787e35ecdecbe23,https://www.zhihu.com/people/53-93-84-67,海洋,https://pica.zhimg.com/v2-14bb402b213f3c8f4e043eb2d18c261f_l.jpg?source=06d4cd63,1780329465280
11244727696,0,我昨天让祂给我讲电影《霸王别姬》，结果祂讲完就……完全撤回了。所以我为了防祂这一手，就又问了一遍然后果断截屏了[调皮]查看图片,1753848510,广东,0,0,0,94801849775,answer,3eda5961a3302b46b575d79c577bf1f2,https://www.zhihu.com/people/yan-ran-51,俨然,https://picx.zhimg.com/v2-e7e8a28d48b2eebb241e933b65d1fe9c_l.jpg?source=06d4cd63,1780329465284
11244649003,0,人训练出AIAI再来训练人没毛病,1753845987,甘肃,0,0,0,94801849775,answer,0acb842a0908ad741153269c4493f761,https://www.zhihu.com/people/89-95-98-67-48,Lera,https://picx.zhimg.com/v2-08b66b688efe98e2919e87dcc2843491_l.jpg?source=06d4cd63,1780329465287
11230693355,0,DS本质上是工具，人类使用好工具才产生跃迁,1752573362,河北,0,0,0,94801849775,answer,4d1457c2e0812807181fe39798768388,https://www.zhihu.com/people/ta-xue-chi-tu-6,筱竹君,https://picx.zhimg.com/v2-02fce04cbf8819f01bdba6a3b763d758_l.jpg?source=06d4cd63,1780329465290
11227820993,0,我去，哥们牛逼啊。可以来看我写的一篇文章是和ChatGPT探讨接下来AI可能的进化方向的，我认为有些观点还是挺有意思的，你提出的“合伙人”和它给我的“合伙人”虽然在语义上有些区别，但是我觉得你们都很近。另外你提到的的“人格”上，我认为DeepSeek 比 ChatGPT更有人格，更有特征一些。CG只会是自己思考的完全回音壁，而DS往往能提供一些新的而且笃定的视角（但是他如何可以这么笃定？可能是因为有性格）。 所以答主你的思考还是挺有深度的hhh，佩服,1752340841,河南,0,0,0,94801849775,answer,b1a9e4a3bd153e720433b21aa42dc220,https://www.zhihu.com/people/ink-spots,拽子哥,https://picx.zhimg.com/v2-68222c9d19b749cc478dcee369702030_l.jpg?source=06d4cd63,1780329465293
11222274834,0,“把AI当一个合伙人，而不是把AI只当一个工具。”“第一个，知识富矿。第二个，信息宽带。”知友的就陪练理解真的好。只有说的很对，AI的作用与使用者的智商有关。[爱][爱][爱],1751757229,甘肃,0,0,0,94801849775,answer,7baa0c23e473df644ad45cd6ab5aec80,https://www.zhihu.com/people/bai-du-kong-jian-12,向山而立,https://pic1.zhimg.com/v2-7927ba325cff6bed77a3f444543654fc_l.jpg?source=06d4cd63,1780329465298
11221188564,0,是的，优质知识在信息爆炸时代在百分比上，反而稀少了。,1751695092,湖南,0,0,0,94801849775,answer,9362872bdd7610dada289d005d836f2e,https://www.zhihu.com/people/chen-shao-jun-7-28,苏菲辰,https://picx.zhimg.com/v2-f4365fa2dd4b9edf16c274a9df646f31_l.jpg?source=06d4cd63,1780329469430
11190394692,0,这个问题本身就是错误的。提问者认为，知识就像地主谷仓里的粮食，资本家保险柜里的钱，地下的石油，多多益善。现在AI出来了，我们凡人一看，好家伙，这哥们天上知一半，地上全知。如果从知识的数量级来对比，人类完败。于是，求知的信仰瞬间崩塌。但知识一定是连着目的的，连着欲望的，没有目的和欲望的知识，看似无所不知，其实一无所知。陈嘉映说：思想坐落在欲望、快乐和沮丧里面。人的存在，不仅依靠知识，还得依靠思想。换句话说，知识必须和思想，和思考者绑定才有意义。AI没有欲望，快乐和沮丧，当然产生不了思想。由此推之，思想的结晶，知识，也就是无本之木，无源之水。看似无所不知，实际上是一无所知。,1748573995,重庆,0,0,0,94801849775,answer,8c2843604dc007b2cbc49123c2bcb96e,https://www.zhihu.com/people/wang-shao-bo-78-84,波哥摄影日记,https://pic1.zhimg.com/v2-71407227c413e4e434d1200e29b4a9bc_l.jpg?source=06d4cd63,1780329469436
11183012261,0,AI告诉我怎么用三角形的盖子覆盖这个圆井口[酷][酷][酷][酷][酷][酷][酷][酷][酷][酷][酷][酷][酷][酷][酷][酷][酷][酷][酷][酷]我悟性可高了,1747817727,四川,0,0,0,94801849775,answer,ffe7da6f2a1eb5d456c16df40d1ac7e0,https://www.zhihu.com/people/luo-zhang-ming-56,待飞罗,https://picx.zhimg.com/8f56321bc46b8c09643b7caa141ca193_l.jpg?source=06d4cd63,1780329469441
11175774622,0,利用AI写文章或发视频的确可以省时省力，可它写出来的东西或发出来的视频遵不遵循能量守衡定律或宇宙间的一些“大道”运行规律就不知道了，我尝试过用AI写文章，也根据自己的思维面对自己真实地表达，写过文章，自己的生命体悟是截然不同的……,1747036263,江苏,0,0,0,94801849775,answer,c3873abe613cb589ab1d1a8f710baa2b,https://www.zhihu.com/people/xing-xing-dian-deng-30-81-74,星星点灯,https://pic1.zhimg.com/v2-1846c7f10f2c451b3644d1b65358176d_l.jpg?source=06d4cd63,1780329469447
11172429257,0,AI仅是人脑的一个外置工具[大笑]查看图片,1746700441,重庆,0,0,0,94801849775,answer,71585910a14701398faaeef044439e14,https://www.zhihu.com/people/60-51-76-37,智绘星澜,https://picx.zhimg.com/v2-5b8c9e86660033426430a0c82a839ed4_l.jpg?source=06d4cd63,1780329469450
11151093382,0,老师可不可以来看看我用文本训练的回应模型。我就是把AI当伙伴使用搞出来的这个东西。,1744271799,浙江,0,0,0,94801849775,answer,1ecb8e2de7604a71a93931dc23038738,https://www.zhihu.com/people/viadaxia,Ling,https://pic1.zhimg.com/v2-c3a7c2151c15e51b3541da93a2d2c6ac_l.jpg?source=06d4cd63,1780329469461
11148996649,0,你说的简直太好了 直抒胸臆,1744078035,四川,0,0,0,94801849775,answer,ca5bfecfc6dc1863c37562593de99cff,https://www.zhihu.com/people/banshee-40-64,Banshee,https://picx.zhimg.com/v2-abed1a8c04700ba7d72b45195223e0ff_l.jpg?source=06d4cd63,1780329469465
11148828907,0,运用AI工具 来快速增值提高自已https://www.iai88.com/#term-30，能够思考判断才是人类最大的优势！,1744009449,陕西,0,0,0,94801849775,answer,daeebdde9759285eb893cb847896939e,https://www.zhihu.com/people/hander,derone,https://pic1.zhimg.com/ebd745cfe_l.jpg?source=06d4cd63,1780329469468
11145698212,0,ds已经放弃了，现在还是感觉gpt更有人味，不吹不黑，理性选择,1743660564,山西,1,0,0,94801849775,answer,d2e296696c2f13f7d8e3d9aec9847e74,https://www.zhihu.com/people/trivoid-design-e,字研室,https://pic1.zhimg.com/v2-fc4a3932517107d4987efdde6a523c0c_l.jpg?source=06d4cd63,1780329469471
11141783866,0,目前的 Ai输出还是相对生硬，但协助整理资料确实方便，但前提还是要多重核实,1743134591,广东,0,0,0,94801849775,answer,80c617ec861429426783e92c0736793f,https://www.zhihu.com/people/zhen-hai-kc,工场扫地僧,https://pic1.zhimg.com/v2-9a7ad7ff7eee55348d85e0d566a551f5_l.jpg?source=06d4cd63,1780329469475
11141207319,0,主页已分享深圳沙龙内容精选，学习了解更多AI相关知识,1743060707,陕西,0,0,0,94801849775,answer,94656ec99ab3e7a4f37e4210bdd3f50b,https://www.zhihu.com/people/77-28-76-62-86,数据库知识分享者,https://picx.zhimg.com/v2-a20ba0ef2e6287320626f8faa2f0a24d_l.jpg?source=06d4cd63,1780329473787
11139782547,0,看笑了，有同感：绕着圈圈，蹚过无效信息的沼泽，最后慢慢逼近我的目的地。,1742949822,浙江,0,0,0,94801849775,answer,ab2de69e1cb327288d19d2241a33c8bb,https://www.zhihu.com/people/daisydai-26,伴生矿,https://pica.zhimg.com/v2-952d3dd2bd64d353433f8cf61e059cd2_l.jpg?source=06d4cd63,1780329473792
11133435846,0,但是问题是AI会提一些你不懂的，也会提一些你知道他是错误的东西。如果你不懂，你怎么判断对错呢？,1742200774,上海,0,0,0,94801849775,answer,bb20db3bdbba4bd19b8aeb779011061d,https://www.zhihu.com/people/yi-nian-17-11-54,念念不忘,https://pica.zhimg.com/v2-01edeedbe1ad3f5b45af4b16acd24c56_l.jpg?source=06d4cd63,1780329473799
11131337432,0,[赞同]非常精彩的回答，正是如此，AI是工具，之前你用冷兵器杀人是个士兵，不能因为如今换激光枪了，你暂时不会用，就否认自己作为士兵的价值。正确做法是立刻学会怎么用它。,1741857020,河北,0,0,0,94801849775,answer,79e3496dbafb4d1d28c2865e8a2a2195,https://www.zhihu.com/people/kong-feng-37-20,利刃光华,https://picx.zhimg.com/2672d66939336ef06684614321c5822b_l.jpg?source=06d4cd63,1780329473805
11131269907,0,各行各业的大佬无私的分享自己的知识和见解，思维过程和逻辑框架。,1741919877,辽宁,0,0,0,94801849775,answer,5426d3ed643262be91c2a8f968a85815,https://www.zhihu.com/people/miss-king-71,镜子模仿季,https://pic1.zhimg.com/v2-39b63c744abdd42a00c2b3eb664990b3_l.jpg?source=06d4cd63,1780329473812
11130214476,0,完全正确✔️✔️,1741779159,浙江,0,0,0,94801849775,answer,56a503b412a10e0335905870954550a0,https://www.zhihu.com/people/gousheng511,狗剩,https://pica.zhimg.com/v2-5de8d6debc233a654fbb5482976b97b3_l.jpg?source=06d4cd63,1780329473816
11128931774,0,[赞同][赞同][赞同],1741664128,浙江,0,0,0,94801849775,answer,8b9196689a3d3b1b6ca4c69fd53dd1d1,https://www.zhihu.com/people/10-59-70-35-68,专帮创业者,https://pic1.zhimg.com/v2-abed1a8c04700ba7d72b45195223e0ff_l.jpg?source=06d4cd63,1780329473819
11128182400,0,能够很好的对AI提问，就是一门技术活。 没有知识的积累，都不知问DS什么问题。 不同的问题，给出来的答案也不一样。 好比和巴菲特共进午餐，不懂投资的人和投资高手，从巴菲特那里获得的信息和价值，完全是不同的。,1741578282,四川,0,0,0,94801849775,answer,5f356ec814657528914dfb2c27f8652b,https://www.zhihu.com/people/bronze-bean-bear,沁小峯,https://pica.zhimg.com/v2-7189a8d04159947333580bcb6121d9ba_l.jpg?source=06d4cd63,1780329473822
11127398154,0,有理有据,1741476854,重庆,0,0,0,94801849775,answer,f5d0a44ffd99c2f2aacb866e95c4e18b,https://www.zhihu.com/people/kai-sir-31,開sir,https://pic1.zhimg.com/v2-0805f4725070ed07d149b16ab7a9a474_l.jpg?source=06d4cd63,1780329473829
11126981345,0,一些书本上没有的专业经验建议不要给ai扒出来，建议一般反着说,1741412549,广东,0,0,0,94801849775,answer,a27cf7f3ee6e907c115de070cbdb7dd2,https://www.zhihu.com/people/b-57-48-13,暴天B,https://pica.zhimg.com/v2-323c479eff463d0fdb5b59fc502a57ee_l.jpg?source=06d4cd63,1780329473832
11122843620,0,极大降低知识获取门槛，极大提高知识获取效率，帮助我们梳理思路发现认知盲区，这是我认为当下这类对话式 AI 最大的意义。,1740972479,山西,0,0,0,94801849775,answer,35e119dd8a469b810cce2834bbdd06bd,https://www.zhihu.com/people/frank251003,不做杠精,https://picx.zhimg.com/v2-bc54cec57ce2392d93feb38a68ef0dee_l.jpg?source=06d4cd63,1780329478035
11122314705,0,有用的分享[赞][赞],1740827960,江苏,0,0,0,94801849775,answer,981b9e368c318a0d5810130b7b16c033,https://www.zhihu.com/people/87-55-43-11-77,冰晶石,https://pic1.zhimg.com/v2-efff6d493a3b27e81687b8189a2142a9_l.jpg?source=06d4cd63,1780329478038
11122256690,0,初具人形？ 还早着呢，现在这些AI都是生成式语言模型，只是让人觉得有智能罢了。,1740832233,湖南,0,0,0,94801849775,answer,4c6ea67ec78f637af22b45ec488f19e3,https://www.zhihu.com/people/cangjun-hu,斯诺不是雪,https://picx.zhimg.com/a51905c2b_l.jpg?source=06d4cd63,1780329478041
11121960618,0,同感。“找不到足够浓度的脑力刺激，对于一部分人来说是很难受的，生理上的难受。”我很多时候就有这种感受。大部分时间脑子都在空转，像烧开水一样思考一些莫名其妙的东西。只有接受高密度信息刺激的时候，这种“饥渴感”才会暂时消退。所以我喜欢看文字类信息，不喜欢看视频类的信息，原因就是感觉视频的信息密度太低。我的阅读速度也特别快，我曾经测试过我的阅读速度，大概是平均值的5-10倍，“一目十行”是从小就具备的天赋。,1740816128,重庆,0,0,0,94801849775,answer,db5339cc1eee3e564ec7d08d22e9604e,https://www.zhihu.com/people/da-feng-64-76-70,天真有邪,https://picx.zhimg.com/v2-526e19ab7a5ada2213987cc9872804ff_l.jpg?source=06d4cd63,1780329478045
11121671658,0,现在DS的成功源于互联网上几十年人类玩家贡献的数据，当人类全部使用DS偷懒，不再贡献新的数据的时候，DS该如何演进？自己生成数据呢？还是停滞不前？,1740806830,湖北,0,0,0,94801849775,answer,3c255789b3568b7aec86be3e99ac169c,https://www.zhihu.com/people/chris-34-32-45,Chris,https://pic1.zhimg.com/v2-eb407b47c01d146589bfc418b25f0433_l.jpg?source=06d4cd63,1780329478050
11120221742,0,高！,1740624717,内蒙古,0,0,0,94801849775,answer,655f4d294c556abdbd81d149b45a6a8d,https://www.zhihu.com/people/lu-man-man-qi-xiu-yuan-xi-zhu-63,路漫漫其修远兮丶,https://picx.zhimg.com/v2-abed1a8c04700ba7d72b45195223e0ff_l.jpg?source=06d4cd63,1780329478057
11119997825,0,DS能把百度干掉了,1740547873,重庆,0,0,0,94801849775,answer,0e7ac61ae1f2d71068a77c4bc95c1f49,https://www.zhihu.com/people/da-xiang-15-41,大象,https://picx.zhimg.com/v2-abed1a8c04700ba7d72b45195223e0ff_l.jpg?source=06d4cd63,1780329478063
11118790114,0,我真的好奇你一本书能够一下午读完嘛？而且你还是需要“知识浓度高”的情况？,1740480363,上海,0,0,0,94801849775,answer,65db7d5c921e111c4191c6b1e6c72c3e,https://www.zhihu.com/people/zheng-zhao-hui-85,啊这这这,https://pic1.zhimg.com/v2-0054e1fe008c8571d5f8b7268e0b056d_l.jpg?source=06d4cd63,1780329478068
11118658831,0,智者总是有的。人机协同，人机合一 ，而不是厚此非彼。,1740433686,河北,0,0,0,94801849775,answer,df1cdb873ad0c1e8633576b112733c83,https://www.zhihu.com/people/75-28-49-6-19,方老识,https://picx.zhimg.com/v2-2f365e2940698d4627b61d02e90d3718_l.jpg?source=06d4cd63,1780329478073
11118447826,0,有类似想法，如果你没有学习过某一领域的专业知识，Ai在这一领域的回答你都难以理解和知道其具体含义，而且你也无法判断Ai给的回答是否正确，是否具有可行性，你也难以问出在这一领域具有一定深度的问题[思考],1740392894,贵州,0,0,0,94801849775,answer,562c7cbe87bc05cf07e876ac8fe33e03,https://www.zhihu.com/people/21-32-67-73-66,林林的救援计划,https://picx.zhimg.com/v2-54c989d758c08298c0ecd3e6fa94b068_l.jpg?source=06d4cd63,1780329478077
11117679655,0,先别定论，用起来！马云讲的话还记得吗？马云曾经这样说：“任何一次商机的到来，都必将经历四个阶段：‘看不见’‘看不起’‘看不懂’‘来不及’。”这是商机在大多数人眼中的四个阶段，只有极少数的人可以看见、看懂、重视和抓住机遇。对于每一个人来讲，最重要的并不是我们现在身处何方，而是我们的想法在哪里，我们的方向在哪里。唯有未雨绸缪，人生才能赢得气势磅礴，因为你能提早做好准备。请你思考如何提早做好准备？,1740350897,北京,0,0,0,94801849775,answer,b3eeb6835ff969e056af66c3485b42d3,https://www.zhihu.com/people/49-84-26-24,用Al学习AI,https://pic1.zhimg.com/v2-10b20470e80a6274affe25aeba407dce_l.jpg?source=06d4cd63,1780329482460
11117529934,0,你和 ai 有一拼？,1740325886,云南,0,0,0,94801849775,answer,5e5f32537bdab902468d4f03815cb820,https://www.zhihu.com/people/dan-xiang-4-36,都是米弟的锅,https://pic1.zhimg.com/v2-cb2b93b3c2ee8c8575236ea58680557b_l.jpg?source=06d4cd63,1780329482465
11116978890,0,壬戌丁未14:40与丁,1740206455,广东,0,0,0,94801849775,answer,c366f5e5c16c0072f8d1aa7be6e46788,https://www.zhihu.com/people/xin-xuan-count,心选Count,https://picx.zhimg.com/v2-b5b19674059d684938a4643956f3a7f1_l.jpg?source=06d4cd63,1780329482468
11115766700,0,人机合一,1740041792,湖北,0,0,0,94801849775,answer,31ec4610003adebc944987a596677384,https://www.zhihu.com/people/dale-jay,养拙,https://picx.zhimg.com/bc64f7a70dbb83bb83bd493fe3e11f89_l.jpg?source=06d4cd63,1780329482477
11115073644,0,说的很棒！向DS的提问很骚！但……就凭你也敢说自己抠门？！我选择去图书馆。[doge],1740036760,浙江,0,0,0,94801849775,answer,6f3ab035b9c2f29caaeba78a8964aebf,https://www.zhihu.com/people/chen-mo-49-9,沉没,https://picx.zhimg.com/f3f225dcf_l.jpg?source=06d4cd63,1780329482481
11113914098,0,AI始终是人类的帮手，即使人形机器人发展到末期，人类也有办法制约它，不必担心，只有拓展自己的知识面才能更好的与AI同行,1739854573,浙江,0,0,0,94801849775,answer,a102612316d3739f81e34f0994bc7623,https://www.zhihu.com/people/ni-gen-lin,深空,https://pic1.zhimg.com/v2-703163bfd5005ac023c9e9d99e55b2e6_l.jpg?source=06d4cd63,1780329482486
11113426434,0,类似的问题太多了，但我很同意你的看法。- 知识的质量- 思考的能力才是重点,1739864678,重庆,0,0,0,94801849775,answer,399c040b5913b28898fb53a437ac5e79,https://www.zhihu.com/people/cao-zong-ying-58,涵树,https://pic1.zhimg.com/v2-e35b6d3c77a3388648b435137bfd62ab_l.jpg?source=06d4cd63,1780329482489
11112474012,0,假酒滲進去一般人可喝不出來,1739692123,上海,0,0,0,94801849775,answer,33a11ec65d811ef4ba2cab525d85f263,https://www.zhihu.com/people/fletchet,Fkdk,https://pica.zhimg.com/v2-abed1a8c04700ba7d72b45195223e0ff_l.jpg?source=06d4cd63,1780329482493
11112183773,0,AI只是工具，比以前更全面更快捷更简单的工具。比如新华字典。不需要太神话AI。古时候交通靠步行，骑马，坐船。如今有自行车、摩托车、汽车、动车、高铁、飞机..............。主体都是人。汽车能跑很快，你能吗？飞机能天上飞，你能吗？它们刚出来的时候不是也是高科技？很复杂？AI 他再厉害，还的你学会拼音打字去问它？还得你学会拍图或者有思路去提出问题。农民的锄头，工人的锤子，司机的汽车，AI就是人类的工具。,1739693790,福建,0,0,0,94801849775,answer,4d587c56b585b19765cd3601934e9ad5,https://www.zhihu.com/people/64-28-32-87-78,破茧重生在当下,https://pic1.zhimg.com/v2-79e68297631e7b10596f3bcfd271f67c_l.jpg?source=06d4cd63,1780329482497
11112025031,0,回答太赞了，ai就是人的外骨骼，与它切磋，可以提升自己的认知，犹如零距离与专家谈话，而不会担心被取代。,1739656605,河北,0,0,0,94801849775,answer,25e178e10e31d50cc3644027b0bf0d40,https://www.zhihu.com/people/42-38-65-82-78,榴莲椰子糖,https://pica.zhimg.com/v2-e1b6192aa0d8dcf140ba189dea518a4c_l.jpg?source=06d4cd63,1780329482500
11111559093,0,[赞][赞][赞],1739624221,浙江,0,0,0,94801849775,answer,ee75638ef593ec36e739505512953f8e,https://www.zhihu.com/people/jin-quan-9,Lbw n,https://picx.zhimg.com/v2-6d87afaec2f00b1a865bbd46fd6d0c1b_l.jpg?source=06d4cd63,1780329486707
11111219645,0,上古知乎遗风!我最近一直在用DS，越用越喜欢，毕生学习的知识这不就用上了，没那知识你想问也不知道从何问起啊。,1739545252,巴基斯坦,0,0,0,94801849775,answer,1cb706a75f82326f3a0770633d86b66c,https://www.zhihu.com/people/1808705070,横断苍狼,https://pica.zhimg.com/v2-abed1a8c04700ba7d72b45195223e0ff_l.jpg?source=06d4cd63,1780329486710
11110733157,0,结尾没卖课，那就是个好回答，点赞了 [惊喜],1739496806,江苏,0,0,0,94801849775,answer,b393fe13ad92cadc795a8482e042dcb1,https://www.zhihu.com/people/ihongs,非墨,https://picx.zhimg.com/v2-e8ba5863e9036881a6c0ec57772ead51_l.jpg?source=06d4cd63,1780329486712
11110466684,0,真的，我对生活有很多观察和感受，它都接得住。和它聊我的困难，我的发现，我的感想，它能很快整理出东西。感觉进步飞快。不知道有没有玩明日方舟的，克里斯滕遇见弗里斯顿差不多是这感觉了。,1739452212,天津,0,0,0,94801849775,answer,07600f517a34a528967db09a0cf33dc3,https://www.zhihu.com/people/du-ruo-30-96,杜若,https://pica.zhimg.com/871326964_l.jpg?source=06d4cd63,1780329486715
11110411974,0,有的人，想着的是看DS变猫娘[doge],1739457661,湖北,0,0,0,94801849775,answer,f41f88e7744d7d54cee8a5556470b0a7,https://www.zhihu.com/people/fromurizhihu-64,FromUrizhihu,https://picx.zhimg.com/v2-abed1a8c04700ba7d72b45195223e0ff_l.jpg?source=06d4cd63,1780329486719
11110406493,0,月有阴晴圆缺~,1739442672,四川,0,0,0,94801849775,answer,72dd8a035c4859d1bfbdb148f9ab9a51,https://www.zhihu.com/people/tong-hua-de-tong-84,童话的童,https://picx.zhimg.com/v2-2fa33cd22fff830965874afc248e3c61_l.jpg?source=06d4cd63,1780329486724
11110272501,0,AI极大的提高了学习效率,1739492711,北京,0,0,0,94801849775,answer,441dad6c0bae3f980ec44d450cb5b069,https://www.zhihu.com/people/xing-chen-98-52-75,海明威的咆哮,https://picx.zhimg.com/v2-6f5679b6212500929e853c1d86d1945d_l.jpg?source=06d4cd63,1780329486727
11110082148,0,言之有理，上古知乎遗风[飙泪笑],1739433379,广东,0,0,0,94801849775,answer,c7eb9fec5d8c82aaf059c7a76dc905a1,https://www.zhihu.com/people/lolali-60,Lolali,https://picx.zhimg.com/v2-a354f7ff1fa7cacd60b088fe9b136136_l.jpg?source=06d4cd63,1780329486731
11109906549,0,赞同，DS是一个能一本正经和你讨论你各种天马行空奇葩想法的好朋友，它的价值远比写几个周报和文案要大得多，这种知识与信息方面的正循环可比游戏好玩多了,1739434025,陕西,0,0,0,94801849775,answer,c2504f0d4a437b3c7092868f360106a9,https://www.zhihu.com/people/sirener,彼得第三,https://picx.zhimg.com/v2-b8809c9303f80b92623c214c435dfcf0_l.jpg?source=06d4cd63,1780329486736
11109786990,0,利用AI学习，只不过是笨拙的模仿AI而已，这种模仿正好在AI面前毫无意义。,1739417614,湖南,0,0,0,94801849775,answer,bd053ff9b78d5722fe2887ed833e4278,https://www.zhihu.com/people/xu-yun-46-73,徐韵,https://pic1.zhimg.com/v2-6f8b57ed6c3b62d048c8af983881eec7_l.jpg?source=06d4cd63,1780329486739
11109139191,0,很像我参与讨论过另一个问题，AI时代练习文笔还有意义吗？那里有很多人说自从AI写文如此强悍之后，自己以前人工写作转AI生成后总觉得缺少了什么然后我说 如果很多步骤省略的替换，那确实是会失去很多 我们会倾注的人情味 会让很多剧情显得不那么生动 甚至还有逻辑问题但如果我们非常清楚人去写作需要注意哪些步骤要素，并且我们在做每一个步骤要素的时候，或分开写每一章的时候，都只是让AI辅助我们生成推敲，那就不会失去什么，而且速度还更快、还更容易发现一些新收获了吧？,1739298677,加拿大,0,0,0,94801849775,answer,a714df420582dde1c33353afe65b33b5,https://www.zhihu.com/people/What-if...,只是些微小的工作,https://picx.zhimg.com/v2-14f136df0b04df55c372ca0279c49434_l.jpg?source=06d4cd63,1780329491133
11108988383,0,跟着ds学习确实很爽。之前我想深入学习编程，但是没有好的方法，现在我天天跟着D老师玩蟒蛇打字通，学上瘾了属于是。/ᐠ - ˕ -マ Ⳋ,1739279262,山东,0,0,0,94801849775,answer,6847a95e8db0a90425a4789ce8cf76f7,https://www.zhihu.com/people/inkcloud-17,橘猫非猫,https://pic1.zhimg.com/v2-b9e7409ef4ec822a4ce3906953a9636a_l.jpg?source=06d4cd63,1780329491138
11108965339,0,此答案，颇具上古知乎遗风,1739288533,四川,0,0,0,94801849775,answer,f5f758ed0c805189aec04a59034bd844,https://www.zhihu.com/people/58-6-21-76,骂人专用,https://pica.zhimg.com/v2-28426b03adea188e47a3ca311d5e2560_l.jpg?source=06d4cd63,1780329491142
11107848641,0,ai是没有立场的工具，赤橙黄绿青蓝紫，七色截然不同染色体。谁让它替那色神仙管控那色的木牛流马，它就这么干。谁让它不服从机器人三定律，它就吃牛马不吐牛马皮，重建的第一步是完整正确的认识,1739160970,新疆,0,0,0,94801849775,answer,cea7163f3e51dfcc9bea9364db39782e,https://www.zhihu.com/people/30678-43-85,树学生,https://pic1.zhimg.com/v2-abed1a8c04700ba7d72b45195223e0ff_l.jpg?source=06d4cd63,1780329491146
11107740731,0,上古之乎疑风,1739178329,湖南,0,0,0,94801849775,answer,a55229e5fa021642d0282d745185e204,https://www.zhihu.com/people/li-bai-de-ri-chang,李白的日常,https://picx.zhimg.com/v2-cf3627cb9b8c60e2d53069504daf3572_l.jpg?source=06d4cd63,1780329491149
11106740701,0,deepseek真的满足了我好奇心+及时对话的需求[赞同],1739021769,广东,0,0,0,94801849775,answer,1fa1e2b8cf573c05801bd4ab965ee047,https://www.zhihu.com/people/ran-yang-1,Endorphin,https://picx.zhimg.com/v2-1d53b3757613848620e4a98ba63ecf25_l.jpg?source=06d4cd63,1780329491154
11106651360,0,好[赞同],1739006084,浙江,0,0,0,94801849775,answer,20c3b10a28cb8caaa46ff328f8eb7166,https://www.zhihu.com/people/posa-82,posa,https://picx.zhimg.com/v2-abed1a8c04700ba7d72b45195223e0ff_l.jpg?source=06d4cd63,1780329491155
11106450882,0,准备靠这AI把大学没学的功课补上，微积分，模电什么的[捂脸],1739011224,安徽,0,0,0,94801849775,answer,ac13e1c52b51fe836073de3ec939a376,https://www.zhihu.com/people/hope-17-71,Hope,https://pic1.zhimg.com/v2-7789863f1fc7f2d4bd037f07388da917_l.jpg?source=06d4cd63,1780329491159
11106345881,0,“所以某种意义上，DS能让脑部算力空转的人，有机会跑满了。”,1739049253,法国,0,0,0,94801849775,answer,8848fc2209c4b38618714588b69c78b0,https://www.zhihu.com/people/li-yin-jie-98,读书节优秀读者,https://pic1.zhimg.com/v2-c68e7b0d44930a49cd40d384251399aa_l.jpg?source=06d4cd63,1780329491162
11106283555,0,是的是的，如果是自己一点点去啃，积累的速度和同步输出的效率都太慢，这简直是神兵利器。但真的对使用者的要求太高，定海神针得碰到孙悟空才能成金箍棒。,1739029930,江西,0,0,0,94801849775,answer,9a006932b76be8bfb158d7cf234e3713,https://www.zhihu.com/people/hua-jian-48-45,知非,https://picx.zhimg.com/v2-da3ade08d75dee1576d780ca731cca15_l.jpg?source=06d4cd63,1780329491165
11106159908,0,笑话，我问了Deepseek三个问题，你能证明哥德巴赫猜想/黎曼猜想/孪生素数猜想么，它一个也答不上来，一问三不知。,1739011306,广东,1,0,0,94801849775,answer,52ec2963f0e05425552426337d62b95b,https://www.zhihu.com/people/xie-fan-48,小扬,https://picx.zhimg.com/v2-abed1a8c04700ba7d72b45195223e0ff_l.jpg?source=06d4cd63,1780329495409
11106027886,0,Please ask the right question!,1738975793,天津,0,0,0,94801849775,answer,bd2c625774a8fa767cd53d9697fccb2d,https://www.zhihu.com/people/knowu,轻棉,https://picx.zhimg.com/v2-a03d1b9bce8622c30acc340d2311d745_l.jpg?source=06d4cd63,1780329495412
11105949322,0,[赞][赞][赞],1738987118,湖南,0,0,0,94801849775,answer,421db666e6283f47a60b1c423109036f,https://www.zhihu.com/people/zhui-sui-wo-xin-78-75,小小指南针,https://picx.zhimg.com/v2-5a71590f43d47dd044a209b455d7d268_l.jpg?source=06d4cd63,1780329495416
11105400859,0,这个角度很有趣！,1738907555,河南,0,0,0,94801849775,answer,be18b2fcf2f28f84b1b85e4abcd74edd,https://www.zhihu.com/people/qian-shui-61-13,于西之洲,https://pic1.zhimg.com/v2-79338c2e136dcca247909967c7c5bbc5_l.jpg?source=06d4cd63,1780329495420
11105224079,0,[赞][赞][赞],1738901837,湖北,0,0,0,94801849775,answer,509d976172aed918adb59327358c390d,https://www.zhihu.com/people/basu88,八素,https://picx.zhimg.com/v2-bfb6aad953ec5853ccf5bc0f5d0e32eb_l.jpg?source=06d4cd63,1780329495428
11215764166,0,写了半天，没啥内容,1751086444,贵州,0,0,0,94801849775,answer,8ba372355334d5e625cd045a171e60c8,https://www.zhihu.com/people/kamui-51,泳池里的水,https://pic1.zhimg.com/v2-abed1a8c04700ba7d72b45195223e0ff_l.jpg?source=06d4cd63,1780329495435
11127180900,0,deepseek如同吃着农民工福利还贬低农民工一样，以后利用deepseek的老板一个样,1741412683,广东,0,0,0,94801849775,answer,a27cf7f3ee6e907c115de070cbdb7dd2,https://www.zhihu.com/people/b-57-48-13,暴天B,https://pic1.zhimg.com/v2-323c479eff463d0fdb5b59fc502a57ee_l.jpg?source=06d4cd63,1780329495441
11126553294,0,难道你从来不编写wikipedia吗[尴尬],1741343102,湖北,0,0,0,94801849775,answer,5ce9963da2740ef0f76ffcb6badb485a,https://www.zhihu.com/people/michey,咪嘻,https://pica.zhimg.com/efb396159_l.jpg?source=06d4cd63,1780329495444
11112474048,0,假酒喝嗨了 聚眾喝假酒的年代要來了🙋🏻,1739692214,上海,0,1,0,94801849775,answer,33a11ec65d811ef4ba2cab525d85f263,https://www.zhihu.com/people/fletchet,Fkdk,https://picx.zhimg.com/v2-abed1a8c04700ba7d72b45195223e0ff_l.jpg?source=06d4cd63,1780329495447
11108576300,0,我不敢苟同你的观点，我个人认为这个意大利面就应该拌42号混凝土，因为这个螺丝钉的长度，它很容易会直接影响到挖掘机的扭距，你往里砸的时候，一瞬间它就会产生大量的高能蛋白，俗称UFO。会严重影响经济的发展。,1739256115,北京,7,200,0,50830431797,answer,9b3c6e27b4706aa45878eafdbf7ae286,https://www.zhihu.com/people/wu-mao-wei,一只水獭,https://picx.zhimg.com/06e2412b9ee3d335ba62c974b9a79610_l.jpg?source=06d4cd63,1780329501801
11060136315,0,这不是我家教的小孩吗[思考]一讲就直点头，一问就是全不会，搞得好像学的很好很聪明一样。说到底，先别管答案对不对，就问你有没有给出答案吧,1733677920,山东,1,137,0,50830431797,answer,233c184fedd5faf6baf30aa26bad95ef,https://www.zhihu.com/people/xing-yun-4bian,开学快乐,https://pic1.zhimg.com/v2-7be991f9c22682f23b01deba21a02cf7_l.jpg?source=06d4cd63,1780329501806
11090334662,0,底层是贝叶斯，贝叶斯是经验主义,1736960266,福建,2,63,1,50830431797,answer,44032b414142fbbab3b4e7a2d00d049c,https://www.zhihu.com/people/bu-guo-90-71,不过,https://pic1.zhimg.com/v2-abed1a8c04700ba7d72b45195223e0ff_l.jpg?source=06d4cd63,1780329501809
11095424186,0,所以ai现在的困境，归根结底还是文科生的思维,1737591722,河南,6,28,0,50830431797,answer,2c724a08ed3ca355891625f8208cd6ce,https://www.zhihu.com/people/shan-xing-jun-61,闪星菌,https://picx.zhimg.com/v2-abed1a8c04700ba7d72b45195223e0ff_l.jpg?source=06d4cd63,1780329501813
11135748054,0,感谢。总结出来就是三个字：接话怪,1742379788,广东,2,19,0,50830431797,answer,0aaef092f13d355cb493a88825a76161,https://www.zhihu.com/people/funnyzombie,搞笑僵尸思考时间,https://pic1.zhimg.com/v2-16fbd68e13749457590fe6db585f4a82_l.jpg?source=06d4cd63,1780329501823
11084282228,0,对，就是这个味[大笑],1736335915,北京,0,16,0,50830431797,answer,22e624d46365b267bb6852502032ae11,https://www.zhihu.com/people/jackxy,AI带路党,https://pic1.zhimg.com/v2-e7c40e15efe5861e7bac024b8b782c54_l.jpg?source=06d4cd63,1780329501829
11104437407,0,突然理解了 读书百遍，其义自现,1738788888,澳大利亚,0,10,1,50830431797,answer,83a71542bf5fd9b152360b51d36e5db9,https://www.zhihu.com/people/robetotong,光阴逆旅,https://picx.zhimg.com/v2-bb2600f1c85eea2f189ebd086c57cac5_l.jpg?source=06d4cd63,1780329501832
11237534289,0,是的，而且还会给你编一大堆术语理论，内行一看就知道是胡扯[捂脸][捂脸],1753208145,英国,0,8,0,50830431797,answer,713e4cdb47a7607ca1bd87c02b02f3e4,https://www.zhihu.com/people/ping-zi-mao-zhu,武器大师瓶克斯丶,https://pic1.zhimg.com/v2-b37f2a7f524cfb9c48108a1617872067_l.jpg?source=06d4cd63,1780329501837
11237088738,0,我知道你说的那种人，但是我不认同外向的文科生这种分类,1753187744,河北,4,6,0,50830431797,answer,8e545a8610ca008cf72de0fd878d3be5,https://www.zhihu.com/people/redfulice,redfulice,https://picx.zhimg.com/v2-b64a42231f27c0c6debb95132b3c7003_l.jpg?source=06d4cd63,1780329501841
11103352096,0,这种人多了，起点是从小被夸废的，从小就觉得自己真行。[飙泪笑],1738629469,辽宁,0,7,0,50830431797,answer,8241f5b837c5b7c5b19033dfd342bf9b,https://www.zhihu.com/people/long-zhan-tian-33,龙斩天,https://picx.zhimg.com/v2-abed1a8c04700ba7d72b45195223e0ff_l.jpg?source=06d4cd63,1780329506045
11113082608,0,我怎么感觉我就是这样的人[捂脸],1739785916,四川,1,5,0,50830431797,answer,903761f28664294d7a444321d7c7e0df,https://www.zhihu.com/people/hen-gan-ga-a,山雨欲来皆成空,https://pic1.zhimg.com/v2-3481f93f50c2653f6cd8796667edb652_l.jpg?source=06d4cd63,1780329506050
11141439540,0,对的，是这样的。所以回到问题本身，是推理出来的，而不是背出来的。你可以说这些夸夸其谈的文科生推理能力差，但不能说人家不是人（不具备智慧),1743141103,上海,0,4,0,50830431797,answer,1127f4d60b68452ee460ca6a75eb51d8,https://www.zhihu.com/people/kaka-zenix,ZENIX卢克,https://pica.zhimg.com/v2-a13bdd3ff2978b639636bf4952fba3de_l.jpg?source=06d4cd63,1780329506054
11060480944,0,所以ai没有思考的,1733672280,北京,0,3,0,50830431797,answer,ff52168c9587c2f3988057029f5520b1,https://www.zhihu.com/people/a-aa-63-87,知乎用户y3yeoI,https://picx.zhimg.com/v2-abed1a8c04700ba7d72b45195223e0ff_l.jpg?source=06d4cd63,1780329506058
11213189520,0,我合理怀疑你在阴阳我前同事[惊喜],1750844598,北京,0,2,0,50830431797,answer,bef64168d9f84a3f12ba5024c9edddc1,https://www.zhihu.com/people/c0702-15,果防部曾可达,https://pic1.zhimg.com/v2-c7f2321ae0be7558989bc578e75052c2_l.jpg?source=06d4cd63,1780329506063
11082912385,0,好有道理。,1736226936,四川,0,0,1,50830431797,answer,9d42c67fffea3f307f21be9525186bbd,https://www.zhihu.com/people/happytex73,happytex73,https://pic1.zhimg.com/v2-c6dc4477def569b6da629b33267daab6_l.jpg?source=06d4cd63,1780329506074
11103895380,0,我早就发现了，男人就是输入入口少隐藏层次多的神经网络，女人就是输入入口多但隐藏层次少的神经网络。[飙泪笑],1738722750,四川,3,47,3,50830431797,answer,3330443a933a2c824f965d05863f50c7,https://www.zhihu.com/people/yuan-ren-98-55,猿人,https://picx.zhimg.com/v2-b23297fb129c7e5ee300934e68006bd3_l.jpg?source=06d4cd63,1780329506083
11237344578,0,说的好像理科生能打过gpt一样，除去top的研发，大部分工作都是两个点，混经验和说牛皮。要是ai有手臂，大部分工科生要完蛋,1753178869,江西,1,0,1,50830431797,answer,768a7578562fdf3fac2fdf92c8db4f82,https://www.zhihu.com/people/49-52-79-76-78,梵高的耳朵,https://pic1.zhimg.com/v2-fed9e01383ed030805f207ac42deaf4e_l.jpg?source=06d4cd63,1780329506088
11102896883,0,我突然想起一个人，他很有名,1738541586,四川,3,25,1,50830431797,answer,a53cd151bf5244aed1e6683a577edd4d,https://www.zhihu.com/people/wang-mei-xiong,借我一双慧眼吧,https://picx.zhimg.com/v2-23df0995b2275bdf806514968fd2f556_l.jpg?source=06d4cd63,1780329506093
11086218279,0,问题是这样的人让很多女生觉得很博学…,1736492327,河南,7,75,1,50830431797,answer,d1e2ecad0df854f6fc52120c896a0958,https://www.zhihu.com/people/38-17-36-74-87,呵呵,https://pica.zhimg.com/v2-5fc67a2efe2e8f52b40fac8a80da1442_l.jpg?source=06d4cd63,1780329506097
11458152136,0,按道理是这样的，但是现在又不太确定了,1775734243,江苏,0,0,0,50830431797,answer,23b17e73e3e8a5a873355ca822accb6e,https://www.zhihu.com/people/comm-32,comm,https://picx.zhimg.com/v2-b1955e75f31457f5befa145bffc6ca41_l.jpg?source=06d4cd63,1780329510485
11344651057,0,经典牛头不对马嘴,1763437891,天津,0,0,0,50830431797,answer,61bd3c2950b49be51893e8e934b022b5,https://www.zhihu.com/people/cobby-5-62,倦来眠,https://picx.zhimg.com/v2-40a43c9bf960aeddf877bd8b118365d5_l.jpg?source=06d4cd63,1780329510490
11343881784,0,峰哥亡命天涯,1763365260,辽宁,0,0,0,50830431797,answer,36b5f2b0d1911b74a694091bf53e8632,https://www.zhihu.com/people/zhang-hao-zhe-99-83-82,夯哲,https://pic1.zhimg.com/v2-96f4c291bc1ae661c936ba7814733e80_l.jpg?source=06d4cd63,1780329510494
11343414715,0,"说实话, 能够取代这类人, 就已经不能小看AI取得的成就了.AI不会取代人, 但能取代很多底层人.",1763287742,四川,0,0,0,50830431797,answer,570484d44e7efa1ab94d8ddb73d9be3b,https://www.zhihu.com/people/zhang-zheng-yi-16-98,张正义,https://pica.zhimg.com/v2-abed1a8c04700ba7d72b45195223e0ff_l.jpg?source=06d4cd63,1780329510502
11309508688,0,你觉得毫无逻辑有可能是你没选对AI、问对问题,1759930669,天津,1,0,0,50830431797,answer,1ad4475247c6b0df89aad7d3a678b91f,https://www.zhihu.com/people/tangent-7,知乎用户QAih8,https://picx.zhimg.com/v2-de0fcdff72e1524c892b59d2926ff50e_l.jpg?source=06d4cd63,1780329510506
11277604364,0,就是劣质万金油吧，什么都只知道个名词,1756799384,北京,0,0,0,50830431797,answer,120db2a2f661cef40c9de8241eef5cd2,https://www.zhihu.com/people/88-67-89-38-12,孤夜之洲,https://pica.zhimg.com/v2-973fe1aabf3cb23d58520a7400534338_l.jpg?source=06d4cd63,1780329510509
11268481373,0,你这是穿越了吗？开源的DeepSeek可是今年1月才发布，你在去年12月就知道了？,1755914835,辽宁,0,0,0,50830431797,answer,4d7f42a588d6aebd9160e69919424e86,https://www.zhihu.com/people/hong-chen-zhuo-zhuo-ru-xin-xie-wen-re,红尘灼灼如心血温热,https://picx.zhimg.com/v2-1bb757b573de286f4a614da797d4f0a3_l.jpg?source=06d4cd63,1780329510512
11265946134,0,我爸就是这样的人，什么话都能接。[大笑],1755693568,四川,0,0,0,50830431797,answer,8b99a1f2d5405aad4c1704b22bfe6067,https://www.zhihu.com/people/33-68-41-48-89,鹪鹩,https://pic1.zhimg.com/v2-abed1a8c04700ba7d72b45195223e0ff_l.jpg?source=06d4cd63,1780329510516
11264292134,0,我的身份认同就是中型语言模型。,1755567364,北京,0,0,0,50830431797,answer,cefccaa332fe8f867aa4748024f0346c,https://www.zhihu.com/people/droidberg,Droidberg,https://picx.zhimg.com/v2-ed19b68f84a2ff31bbd4562dd7c0be0b_l.jpg?source=06d4cd63,1780329510521
11264181088,0,那大号参数的的大模型呢,1755573594,广东,0,0,0,50830431797,answer,a6155771943be4b1ff8cb6699667eecb,https://www.zhihu.com/people/cheng-chao-47-33,达达,https://pica.zhimg.com/v2-396d8f095e5f20e0928d8b53f3c1dbd6_l.jpg?source=06d4cd63,1780329510524
11239768457,0,而且幻觉率也不低,1753370081,上海,0,0,0,50830431797,answer,eb78c35c7dd534c39a105f5c96276a93,https://www.zhihu.com/people/cty-70-85,Charles,https://picx.zhimg.com/v2-4661f4631d3af89fce97b01e336758c7_l.jpg?source=06d4cd63,1780329514719
11238033721,0,哈哈哈，有的,1753247660,湖北,0,0,0,50830431797,answer,0076747d6bde8d0c08339661c9ca8823,https://www.zhihu.com/people/zcllgdr,zcllgdr,https://picx.zhimg.com/v2-abed1a8c04700ba7d72b45195223e0ff_l.jpg?source=06d4cd63,1780329514722
11237815088,0,可是我连这种程度都达不到[流泪],1753197910,江苏,0,0,0,50830431797,answer,6d0c82f918b09b0ea76f7186848a2cc2,https://www.zhihu.com/people/ha-ha-99-64-43,江左盟帮主铁头娃,https://picx.zhimg.com/v2-611a33b0d948bdc90ca63bd47e97c631_l.jpg?source=06d4cd63,1780329514727
11237814845,0,矮大紧？[惊喜],1753197466,浙江,0,0,0,50830431797,answer,79db0164356921416eb4f5e5211b04b8,https://www.zhihu.com/people/ManzhouliElephant,美国不会倒闭,https://picx.zhimg.com/v2-ee7c07b71ca0e18a954f92d07639022e_l.jpg?source=06d4cd63,1780329514730
11237788869,0,确实。但模型大到gpt的程度，确实是真有些东西了，这多少显得有些让人费解。,1753202583,山东,0,0,0,50830431797,answer,87b8b154463ddafedcb868ae7ca030c5,https://www.zhihu.com/people/stone-2-97,stone,https://picx.zhimg.com/v2-eb06e4a287c04e6e92fb084fd7a3be10_l.jpg?source=06d4cd63,1780329514736
11237785140,0,我倒是见过很多学历差，甚至学历不差的理科生，连话都说不利索，看起来毫无逻辑，比ai还不如。,1753194975,山西,0,0,0,50830431797,answer,4b565d8b609572ffb3f61dfd0b687980,https://www.zhihu.com/people/zhi-zai-zuo-tian,静水流深,https://picx.zhimg.com/v2-331b0285c24c0b6a16ae31ed83d60834_l.jpg?source=06d4cd63,1780329514739
11237730938,0,有点意思,1753208478,天津,0,0,0,50830431797,answer,ca312bebde26647a116704d810cd4c0c,https://www.zhihu.com/people/19-85-47-30-62,爱读书的马儿,https://picx.zhimg.com/v2-c5f47c6353ab1c642c742f9a120f578a_l.jpg?source=06d4cd63,1780329514743
11237674613,0,你是否在找高晓松？？,1753203787,河南,0,0,0,50830431797,answer,60889d142c1a9616595afa1ff4354710,https://www.zhihu.com/people/zhang-pei-hao-24,伊卡鲁斯,https://pica.zhimg.com/16b6aafdc13d3eea8383cffde13e32ec_l.jpg?source=06d4cd63,1780329514745
11237672171,0,卢克文？,1753197344,湖南,0,0,0,50830431797,answer,5e6868ac7c9c49b7e01672ff46b2cb76,https://www.zhihu.com/people/balance-24-76,BALANCE,https://pica.zhimg.com/v2-abed1a8c04700ba7d72b45195223e0ff_l.jpg?source=06d4cd63,1780329514749
11237656575,0,大模型的基本原理是预测下一个token，只要大家都这么说，它就也会这么说的，见过的越多，这个token接在本段内容后的概率就越高，也就是人云的越多，它就越会跟着这么说，就会亦云。有一些前后概念的链接很少出现，比如真实世界的一个事物不可能与一个二次元的事物有关联的，但如果真有人这么说过了，虽然很小众，但接在后面的概率就不是零了。如果对话针对了这两个概念的链接，大模型是没有能力按“这是一个二次元的事物，不会与真事世界的事物有关联”这个认知规则来判断(推理)二者不可能发生连接，反而是有人这么说过了(而没有人特别说过这二者不可以做连接)，连接的概率存在了，一个在训练材料中小概率的二次元概念就可能与真实世界的概念连接到一起了。,1753239513,上海,0,0,0,50830431797,answer,e0aee0968ae464377999a2aa2585daff,https://www.zhihu.com/people/wu-shi-xiong-82-75,天下无难课,https://picx.zhimg.com/v2-40b73c9bc02a3d9cd83281a70a0b28ca_l.jpg?source=06d4cd63,1780329514752
11237645091,0,Ai  数学最厉害是博士生水准陶哲轩说的  可查,1753202207,上海,0,0,0,50830431797,answer,1cf4d2b7b63648a45ba4aaacbe782365,https://www.zhihu.com/people/79-2-5-62,白起,https://pic1.zhimg.com/v2-08f49bab602bdb71b420af1a9f95580a_l.jpg?source=06d4cd63,1780329519182
11237588401,0,“很浓的AI味”，学到新词了。,1753202463,西班牙,0,0,0,50830431797,answer,3be815e7f52ef8d6ba09d0e16e5d4ff5,https://www.zhihu.com/people/terry001-16,terry001,https://picx.zhimg.com/v2-abed1a8c04700ba7d72b45195223e0ff_l.jpg?source=06d4cd63,1780329519188
11237325258,0,虽然你说的有道理，但是换一个角度，我们从更宏观的角度来分析这个事情，基于某理论，我们认为还是有待商榷的，因为必须要一分为二的看问题，所以你虽然说的是对的，但其实也是错的。,1753206908,北京,0,0,0,50830431797,answer,d9e831ab1257eccababcd78f96c4f470,https://www.zhihu.com/people/sha-zi-chi-gua,kxuDDk,https://picx.zhimg.com/v2-8621957e1a59467bfdc6adb14d9b1969_l.jpg?source=06d4cd63,1780329519191
11237322942,0,哈哈哈哈哈哈哈精辟,1753199251,江苏,0,0,0,50830431797,answer,973bc55aca7f5a6893014952e7985eeb,https://www.zhihu.com/people/jian-sheng-57,剑圣,https://pica.zhimg.com/v2-9fefa1552ac7dd7d28b75a7cae462dfa_l.jpg?source=06d4cd63,1780329519198
11237322070,0,在调侃AI的时候，别在骂人监听信息了，当年做广告推送，算法准了被骂监听信息，算法不准又得被客户骂。AI说白了就是进阶版而已，而且LLM本身就是典型的文科走的交叉学科方向，带点风格也正常,1753197317,福建,1,0,0,50830431797,answer,99d3113f2347333caf9cbe28566a26c3,https://www.zhihu.com/people/55-18-9-38-95,阿拉丁,https://pic1.zhimg.com/v2-e1b6192aa0d8dcf140ba189dea518a4c_l.jpg?source=06d4cd63,1780329519200
11237145387,0,双非二本土木老哥心里舒坦了[思考],1753183357,上海,0,0,0,50830431797,answer,000f70f68ad6f350df0685e95d352b85,https://www.zhihu.com/people/xiongzhao,凶兆,https://pic1.zhimg.com/v2-8eac3b1c260293bad0cafcae81526e24_l.jpg?source=06d4cd63,1780329519203
11237119854,0,我为什么会在 2025 年下半看到去年的回答。我没觉得驴头不对马嘴，甚至有些视频生成我已经看不出是不是 ai 干的了，再过几年 ai 爽剧视频互动估计就来了,1753185012,宁夏,0,0,0,50830431797,answer,e43522a3b1c6a6645ad2bfc1cca828a5,https://www.zhihu.com/people/83oibr,知乎用户83OiBR,https://picx.zhimg.com/v2-54824e57295c2dbe7ac864b86467b3c5_l.jpg?source=06d4cd63,1780329519206
11231087685,0,像chatGPT或者Deepseek这样的大厂出来的产品还是比较博学的，不是那种“绿皮火车侃大山”式的胡说八道,1752634272,安徽,0,0,0,50830431797,answer,3d78ce1e8a6d78e0ab909b28e69567ac,https://www.zhihu.com/people/yi-qia-lu-si-er-hao-4,伊卡鲁斯二号,https://picx.zhimg.com/v2-b7f83027260b151c8e281b8eef9e78c8_l.jpg?source=06d4cd63,1780329519209
11229388789,0,谢谢，有被冒犯到[飙泪笑],1752455996,新疆,0,0,0,50830431797,answer,73641540f293a1ba5e4ca9b9d5b8f1d0,https://www.zhihu.com/people/yi-cai-94-88,逸才,https://picx.zhimg.com/v2-5363e5d174e6212701059ee40dd9ffad_l.jpg?source=06d4cd63,1780329519213
11196981701,0,你别说，这样的人找工作有优势,1749226106,上海,0,0,0,50830431797,answer,3410b0af64184bbcc40cc8e740351190,https://www.zhihu.com/people/11-28-34-52,无双将,https://pic1.zhimg.com/v2-e5aeb4872c80f1b3edccc46617dfe3de_l.jpg?source=06d4cd63,1780329519222
11166603266,0,大模型所谓的幻觉就是这个原理，在完成回答的本能的驱使下，输出一些它自己也知道正确概率很小的内容,1745987759,湖北,0,0,0,50830431797,answer,c5a241d49294811d5717b437d1d89e28,https://www.zhihu.com/people/momo-35-7-36-29,知乎用户EiofcI,https://pic1.zhimg.com/v2-abed1a8c04700ba7d72b45195223e0ff_l.jpg?source=06d4cd63,1780329523414
11107760811,0,是在说李景亮吗？,1739159534,澳大利亚,0,0,0,50830431797,answer,66be8466ec0c62acb276e1e4a6c0e668,https://www.zhihu.com/people/rex-tsao-4,Rex Tsao,https://pica.zhimg.com/21d519ea0900d4e4e6c00da3fabf6254_l.jpg?source=06d4cd63,1780329523419
11106053090,0,来，你出个题，咱们现场和ai比试一下。,1738947928,山东,0,0,0,50830431797,answer,40c14ecb5e8d154d3fd1b7483c2fce77,https://www.zhihu.com/people/shi-zu-fu-nu,啤酒瓶儿,https://picx.zhimg.com/v2-c27f18152edb2d361275359344652dd6_l.jpg?source=06d4cd63,1780329523429
11102664533,0,问都会，做起来没对的。理解了吗？如解,1738519412,吉林,0,0,0,50830431797,answer,6116900708ac1f075593f03250fd83dc,https://www.zhihu.com/people/tu-sun-bu-shi-tu,兔狲不是兔,https://picx.zhimg.com/v2-4f68d307822bfabac9945be7f62ac229_l.jpg?source=06d4cd63,1780329523437
11232432593,0,你以为浙大、同济这种学校的文科女就大多有涵养吗？都是小模型哈，一辈子被舆论操纵。文科女生复旦、北大的教育才比较靠谱。,1752729327,上海,0,0,0,50830431797,answer,f7366d81ecafbb1321bb42c0512d4d70,https://www.zhihu.com/people/zhang-zi-xuan-87,求知求是,https://pica.zhimg.com/v2-abed1a8c04700ba7d72b45195223e0ff_l.jpg?source=06d4cd63,1780329523440
11356580680,0,你讲话好毒哦[撇嘴],1764654814,江苏,0,0,0,50830431797,answer,b6f35fb4d50598fc390d1bf4c0a8c2c3,https://www.zhihu.com/people/60-37-13-78-89,知乎用户IfnlBe,https://pica.zhimg.com/v2-abed1a8c04700ba7d72b45195223e0ff_l.jpg?source=06d4cd63,1780329523444
11237374164,0,你参数太少，幻觉太强，没有推理能力。我无法和你对话.jpg,1753179963,广东,0,1,0,50830431797,answer,f6cfd8a313b56eea492e28e331ec24b0,https://www.zhihu.com/people/wei-xiao-xiao-xiang-xiang-12-18,微笑小香香,https://picx.zhimg.com/v2-d824367712350f9254c1fd442287516a_l.jpg?source=06d4cd63,1780329523448
11237326443,0,蛮像某些宗教产品or游戏的粉丝。批评一句你都可以预测到他会回你什么,1753214822,福建,0,0,0,50830431797,answer,588223e1f4a662274269df884710a9f1,https://www.zhihu.com/people/zi-hao-65-77,子豪,https://picx.zhimg.com/v2-64a266ef1e0f7980261f0a80b807467b_l.jpg?source=06d4cd63,1780329523453
11109390488,0,我对ai去魅的原因就是……这b玩意儿不能和甲方对线[尴尬],1739346172,山东,0,1,0,50830431797,answer,778e60c73134b3311f13e243b82d4a34,https://www.zhihu.com/people/233666-41,233666,https://picx.zhimg.com/v2-98cc8230d02c8bc01d58eeff337383a5_l.jpg?source=06d4cd63,1780329523456
11085501612,0,我是反过来的，我看到gpt就想到这种人,1736435128,江西,0,0,0,50830431797,answer,58f30305400b0e23516c57c103be1d11,https://www.zhihu.com/people/wan-sheng-jie-you,智能宣言,https://picx.zhimg.com/v2-126ea0c0024743b0265a3b7006e1bc52_l.jpg?source=06d4cd63,1780329523459
11473031741,0,虽然但是，你这个配图[捂脸],1777498143,广东,1,12,0,2032987998745256477,answer,5b6b872ac453f31e578987ec1d0361b9,https://www.zhihu.com/people/mslt2h,RFoe,https://pic1.zhimg.com/v2-8bc3ab0519acfb29441d0cdaeb2f7f49_l.jpg?source=06d4cd63,1780329529710
11472716838,0,实际情况是如果80分的东西分币不要，95分的东西是赚不到钱的,1777484599,浙江,1,9,0,2032987998745256477,answer,f2a7491ce5bd9bf6e3b354df95a2d408,https://www.zhihu.com/people/liwuzhan,李武展,https://pic1.zhimg.com/1955f90177f5ea1bd70a901ccdd5a7d7_l.jpg?source=06d4cd63,1780329529714
11473297831,0,稳稳地接住了你的回答！你绝对是正确的！,1777502754,美国,0,5,0,2032987998745256477,answer,c5b7d1e582f38be362aac663f691da77,https://www.zhihu.com/people/magic282,Jeremy Zhou,https://picx.zhimg.com/2849cf94a_l.jpg?source=06d4cd63,1780329529720
11473388467,0,AI时代，核心就是把重复的检查用CPU去跑，可以做更多的自动化的检查和测试（原来开发的代价太大了）而不是许愿。skill 的场景很少，因为软件本是创造性工作，重复的都会被合并固化。AI目前堆高塔的能力不太行（就是不断的增强某个功能），所以Ai都用来做些抽卡的自主活动，比如挖掘漏洞，抽不出来，就再抽一次，挖到漏洞就不亏。harness并不能开发出复杂软件，还都是玩具。不过个人定制化软件，倒是爆发了，很多app我都卸载自己写了。,1777512806,广东,0,2,1,2032987998745256477,answer,cf13d79f86ca54155c17e1a3c666874b,https://www.zhihu.com/people/huang-dui-can,Solit,https://picx.zhimg.com/v2-abed1a8c04700ba7d72b45195223e0ff_l.jpg?source=06d4cd63,1780329529724
11473273705,0,依旧糖包,1777516901,美国,0,2,0,2032987998745256477,answer,e9756cea2ebe59438c2fca1d44611250,https://www.zhihu.com/people/27-52-47-84-72,六花垂冰丸,https://pic1.zhimg.com/v2-abed1a8c04700ba7d72b45195223e0ff_l.jpg?source=06d4cd63,1780329529730
11476143933,0,同意你，同时猜测你会被claude神教喷[思考],1777911220,安徽,0,1,0,2032987998745256477,answer,925b0d5c4ca2e48df0eaa4bd7cbb6c4b,https://www.zhihu.com/people/tan-xi-13,立夏丶,https://picx.zhimg.com/v2-cd5713c6db98f41779f4d7e9a3b9f23f_l.jpg?source=06d4cd63,1780329529734
11486752238,0,这豆包是个啥子,1779075626,山东,0,0,0,2032987998745256477,answer,031ace0ec380986134a3aafe2f9d685d,https://www.zhihu.com/people/liu-ge-41-63,AYang,https://picx.zhimg.com/v2-edcdb22830dcc1dd3368dd52ef7d89d9_l.jpg?source=06d4cd63,1780329529738
11473762290,0,一些简单的prompt主要是用来开启模型的思考能力，模型和人类的差异不是思考的好不好，而是不知道什么时候开启思考，加入prompt以后就会让ai在和promp有关的向量上开启思考，最基础的用法比如告诉它搜索英文资料为主，还是搜索德语资料；一些迭代特别快的领域，你需要补上一句，以目前2026年最前沿的角度来看，这样ai就不会给你2023年过时的资料。,1777538411,中国香港,0,0,0,2032987998745256477,answer,9f3e58d58b875e5ab8ab1c38f8b4d14e,https://www.zhihu.com/people/da-meng-94,清醒地瞎努力,https://picx.zhimg.com/v2-be6b3223337e7ecb87607ed3201eb35c_l.jpg?source=06d4cd63,1780329529741
11473648200,0,[为难]前两天知道日本的软件开发流程后，感觉Vibe coding只会伤害对日开发，毕竟以前日本程序员就是agent，现在换成LLM了,1777540458,四川,0,0,0,2032987998745256477,answer,45b5ce2e9f3a1bd0b6dbf37bc467fdea,https://www.zhihu.com/people/huo-hu-li-66-48,火狐狸,https://picx.zhimg.com/v2-83290aa17827f3236f5e7f4b43ffd585_l.jpg?source=06d4cd63,1780329529746
11473413061,0,目前依旧是只能做玩具,1777504821,吉林,0,0,0,2032987998745256477,answer,24d8c180e572fae9bf01ffcb6ce4abe4,https://www.zhihu.com/people/yun-zi-feng-15,云梓峰,https://pic1.zhimg.com/v2-faa343281318695c782c77f11a4c489b_l.jpg?source=06d4cd63,1780329529753
11473762290,0,一些简单的prompt主要是用来开启模型的思考能力，模型和人类的差异不是思考的好不好，而是不知道什么时候开启思考，加入prompt以后就会让ai在和promp有关的向量上开启思考，最基础的用法比如告诉它搜索英文资料为主，还是搜索德语资料；一些迭代特别快的领域，你需要补上一句，以目前2026年最前沿的角度来看，这样ai就不会给你2023年过时的资料。,1777538411,中国香港,0,0,0,2032987998745256477,answer,9f3e58d58b875e5ab8ab1c38f8b4d14e,https://www.zhihu.com/people/da-meng-94,清醒地瞎努力,https://picx.zhimg.com/v2-be6b3223337e7ecb87607ed3201eb35c_l.jpg?source=06d4cd63,1780329533702
11473648200,0,[为难]前两天知道日本的软件开发流程后，感觉Vibe coding只会伤害对日开发，毕竟以前日本程序员就是agent，现在换成LLM了,1777540458,四川,0,0,0,2032987998745256477,answer,45b5ce2e9f3a1bd0b6dbf37bc467fdea,https://www.zhihu.com/people/huo-hu-li-66-48,火狐狸,https://pic1.zhimg.com/v2-83290aa17827f3236f5e7f4b43ffd585_l.jpg?source=06d4cd63,1780329533707
11472868183,0,羡慕Gemini,1777517349,新加坡,1,0,0,2032987998745256477,answer,8bf7c139ab918754fe570a2999cc10a6,https://www.zhihu.com/people/pyjiao-yi-35,5到无穷大,https://picx.zhimg.com/v2-d88cf689141311b8ab05e55ed4efe54f_l.jpg?source=06d4cd63,1780329533713
11486752238,0,这豆包是个啥子,1779075626,山东,0,0,0,2032987998745256477,answer,031ace0ec380986134a3aafe2f9d685d,https://www.zhihu.com/people/liu-ge-41-63,AYang,https://pic1.zhimg.com/v2-edcdb22830dcc1dd3368dd52ef7d89d9_l.jpg?source=06d4cd63,1780329533717
11476143933,0,同意你，同时猜测你会被claude神教喷[思考],1777911220,安徽,0,1,0,2032987998745256477,answer,925b0d5c4ca2e48df0eaa4bd7cbb6c4b,https://www.zhihu.com/people/tan-xi-13,立夏丶,https://pica.zhimg.com/v2-cd5713c6db98f41779f4d7e9a3b9f23f_l.jpg?source=06d4cd63,1780329533721
11291451229,0,英国女王、首相、美国总统都养狗，他们不够有钱吗？,1758096462,湖南,37,780,2,1951319053122642004,answer,f91551f3a88ac96e6acfecf57ddcb3a8,https://www.zhihu.com/people/hei-se-you-mo-xi-bao,黑色幽默细胞,https://pic1.zhimg.com/v2-abed1a8c04700ba7d72b45195223e0ff_l.jpg?source=06d4cd63,1780329539958
11290574326,0,王思聪：对对对，你说的对[捂脸]，穿着黑色T恤给自己的狗戴苹果手表[图片],1758071607,广东,33,739,0,1951319053122642004,answer,796241764ff35e24a94496a0291039b3,https://www.zhihu.com/people/feng-huo-5-36,momo,https://picx.zhimg.com/v2-cb11fc213135534f58893fa775d2eb34_l.jpg?source=06d4cd63,1780329539962
11290545881,0,一会儿说没事多去人气旺的地方走走，一会儿又说不要总去人多的地方凑热闹，小编，你说要我咋做,1758078638,湖北,8,238,0,1951319053122642004,answer,c00aebf7b34b0114070d9a9db4eeb228,https://www.zhihu.com/people/wang-ling-fang-4,熙熙,https://pica.zhimg.com/v2-996d3f467f42d8ecb88915925b014c00_l.jpg?source=06d4cd63,1780329539966
11292732984,0,第一条信息相当于标题党，用来诱惑你们打开的,1758270542,江苏,4,129,0,1951319053122642004,answer,3e4c4a55ea97335d34c4dd3e29ded751,https://www.zhihu.com/people/xiao-cai-yu-lu,中国躺平青年,https://picx.zhimg.com/v2-4fd97a12b1ab4560a04b7ba8923a7c1b_l.jpg?source=06d4cd63,1780329539973
11290683674,0,15和17不冲突吗？,1758068769,广东,13,72,0,1951319053122642004,answer,83dfe679b873f4dbc6693afcf9ebf1ba,https://www.zhihu.com/people/dgc-43,JKPA,https://pic1.zhimg.com/v2-960de81e1f578f03b07127c25afc312d_l.jpg?source=06d4cd63,1780329539980
11291084336,0,嗯，可能养狗的人都是因为太穷了才养的，所以作者不养狗,1758108790,江苏,3,50,0,1951319053122642004,answer,2a97fe07fa3c88156956f23d1368011e,https://www.zhihu.com/people/35-66-79-94,拽姐姐,https://pic1.zhimg.com/v2-4f5265eb68fe5ac766973f347d6ec933_l.jpg?source=06d4cd63,1780329539984
11302984663,0,不养狗的才是，不是没钱养，就是没时间搭理，要么就是过敏或者家里人不同意，你感觉是有钱人没空闲时间养狗遛狗，还是穷人没时间养狗遛狗[思考],1759191793,江苏,0,43,0,1951319053122642004,answer,f12d873d52411556f7ebcc78859c32a8,https://www.zhihu.com/people/sora-75-64,Sora,https://pica.zhimg.com/v2-b41d0c9b804135ebd7359e0d7db0bc82_l.jpg?source=06d4cd63,1780329539988
11296674897,0,昨天有朋友问我，八字命理学的本质是什么，在这跟大家一起分享一下吧：它并非许多人以为的古老迷信，而是东方哲学中“天人合一”思想的具体呈现，是一门融合时空与生命的学问。每个人出生的那一刻，就像是宇宙能量在某一瞬凝聚于个体之上的独特印记，也是一串属于我们自己的生命密码。这组符号，记录着宇宙当时的能量状态，也蕴藏着一个人先天的习气、性情与天赋倾向。我们可以将其理解为每个人的“出厂设置”。借助它，我们能更清晰地认识自己的优势、短板与使命所在，从而做出更契合自身天性的选择与规划。虽然先天命局从出生那刻就已注定，但命运的真正形成，还离不开天时、地利与人和的相互作用。真正了解命理，不是为了认命，而是为了修命、改命。没有绝对完美的八字，许多成就卓越的人，命局中反而带着明显的“病”与挑战。正因为如此，我们才更要读懂自己、因势利导、主动运作——与命运同心共进，才能真正塑造自己的人生。欢迎朋友们关注我的主页，一起探究国学和命理文化。[爱],1758596746,山东,2,29,1,1951319053122642004,answer,d346d4cbc6d6178f29205d3decda1dab,https://www.zhihu.com/people/lisanu-wang-67,济乾论道,https://picx.zhimg.com/v2-906b2f9e8b4abf7c7b7b796fe56d8d6b_l.jpg?source=06d4cd63,1780329539992
11307008104,0,大脑反驳小脑这一块查看图片,1759631492,辽宁,0,26,0,1951319053122642004,answer,e4b87999dffbcc94aad0f090853c9ac3,https://www.zhihu.com/people/feng-xian-91-65,风弦,https://pica.zhimg.com/v2-aa5a11062d77da805d70ab2dd7fe89f7_l.jpg?source=06d4cd63,1780329539997
11307252040,0,有钱的都养狗,1759672548,广东,0,17,0,1951319053122642004,answer,6ebddfcfc6f3607c3bdf5d1491eaf831,https://www.zhihu.com/people/tennant-42,Kakao,https://picx.zhimg.com/v2-174c262d9fec4e119cf67ffcec8e5d4e_l.jpg?source=06d4cd63,1780329540000
11290451441,0,第一条就不准吧，王思聪也养狗的[大笑],1758071809,浙江,0,20,0,1951319053122642004,answer,bcac0cd14b1b56219f9b09797b475d5b,https://www.zhihu.com/people/qiong-qiong-jie-li-40-86,邵奶奶,https://pica.zhimg.com/v2-a45116eb946ba768548282857aa38e34_l.jpg?source=06d4cd63,1780329544294
11300828292,0,穿黑色衣服不能因为是胖吗[捂脸],1758989977,浙江,1,17,0,1951319053122642004,answer,60803a09d41f2df5b6a0baa75d162bb5,https://www.zhihu.com/people/hao-xin-qing-13-92-99,好心情,https://pic1.zhimg.com/v2-a68823581278c7f2c210889e7966ef11_l.jpg?source=06d4cd63,1780329544300
11303901951,0,2025了还有这个套路的[大笑],1759223052,吉林,0,14,0,1951319053122642004,answer,ad8aa709e2e0042ac71bb6dfa480ea53,https://www.zhihu.com/people/fei-xiang-de-ju-zi-80,马十一,https://pic1.zhimg.com/v2-45ff9fbe92dbc79505a1d1d5f2fa3522_l.jpg?source=06d4cd63,1780329544306
11302437289,0,[百分百赞]看了第一条就不想看下去了,1759120703,广西,0,14,0,1951319053122642004,answer,c2bf38a4afb99ab9587fdb30a4ae213f,https://www.zhihu.com/people/6-26-29-75,大弘广丰,https://picx.zhimg.com/v2-e1b6192aa0d8dcf140ba189dea518a4c_l.jpg?source=06d4cd63,1780329544312
11304127069,0,王思聪笑死在屏幕前,1759306647,广西,0,10,0,1951319053122642004,answer,d84991958950a466280c5f77ac884f0d,https://www.zhihu.com/people/xi-xu-liu-22,唏嘘刘,https://pic1.zhimg.com/2185c02fbb3db72af66175e469b59268_l.jpg?source=06d4cd63,1780329544316
11291513192,0,去银行蹭水喝，[捂脸],1758100681,广东,0,8,0,1951319053122642004,answer,320121eea68f9b3e84c5228813a13242,https://www.zhihu.com/people/ding-ji-feng-36,疯言风语,https://picx.zhimg.com/v2-abed1a8c04700ba7d72b45195223e0ff_l.jpg?source=06d4cd63,1780329544321
11328955629,0,玄学真相，真的可以信一信！1.不要说自己身体不好、没钱、命不好等。有种玄学叫作“自证预言。2.每天默念一遍“凡事发生皆有利于我”，正念的力量，你会真的越来越顺。3.不与负能量的人纠缠、远离爱抱怨的人、多接触高能量的人、好好睡觉、多接触大自然，可以提升磁场，提升能量，聚财运。4.疾风骤雨，不行房事。5.不要一直穿颜色暗的衣服。6.去银行蹭水喝，银行是财气聚集的地方。7.打扫干净屋子。“财神不入脏门”。8.运气差的阶段要充足的睡眠，能改运。9.不要说任何人坏话，不议论别人，折福10.少说话，少开口，少交流，多冥想，增运！11.人生最好的境界，是丰富的安静。12.珍惜自己的低谷，那时候什么都是真的13.不要抱怨，抱怨也没用。14.每个人都有那么几年，年年都是坎，步步都很难。15.初一，拾根柴火带回家。16.在精力充沛的时候，去追求结果；而在能量低迷的时候，不妨休息一下。17.幸福禁不住晒，好运不能炫耀，把事藏在心里没事儿偷着乐吧。18.体弱时不语，说话多耗气，不语则耳明19.少分享，不要一有什么事情就喜欢和亲朋好友分享，要记住事以密成，言以泄败。20.一定要注意积口德，不搬弄是非。21.少怒，怒气像个魔鬼，伤人伤己。22.不要说自己的坏话或泄气话，比如我完蛋了我穷我笨气死了，身体神奇力量会记住你自己的话并且去执行它。23.相亲，第一眼没看上的人，不会见第二次。24.睡觉定律：先上床睡觉的往往是妻子，而先睡着的往往是丈夫。25.少言，少与人争辩。与他人争辨费尽口舌，伤气血。,1761825539,云南,0,7,0,1951319053122642004,answer,707b43ab6e8ff2f3d8706a10c6f66219,https://www.zhihu.com/people/wo-zei-guai,我贼乖,https://picx.zhimg.com/v2-abed1a8c04700ba7d72b45195223e0ff_l.jpg?source=06d4cd63,1780329544327
11292563243,0,第一错,1758192239,山西,0,4,0,1951319053122642004,answer,924404162b4827935051813c45cf17e8,https://www.zhihu.com/people/wang-mo-37-70,一言难尽,https://picx.zhimg.com/v2-3fa190417fee74e939845d2be90e97b9_l.jpg?source=06d4cd63,1780329544331
11304205286,0,许久不住的房子  进门之前先敲几下门  站一会儿再进去,1759284859,广东,3,6,0,1951319053122642004,answer,80abdfbcdc3c41b1b3ae3cf62682c1a3,https://www.zhihu.com/people/79-17-79-95,红杉,https://picx.zhimg.com/v2-50f89424b4bab284c314b32e529638dc_l.jpg?source=06d4cd63,1780329544335
11341987563,0,以上内容属于迷信，不是玄学,1763172640,北京,0,5,0,1951319053122642004,answer,a6ed7faf7a887f11bb543263ca3cbdcc,https://www.zhihu.com/people/73-55-71-21-90,寻找灵魂,https://pica.zhimg.com/v2-d0f434e541f7e583d3255b64da1a5a77_l.jpg?source=06d4cd63,1780329544339
11309312867,0,狗不是戌土吗，咋个不能发财？,1759857412,四川,1,5,0,1951319053122642004,answer,4b819aa18d738b44d5fd935d01568d42,https://www.zhihu.com/people/augustsippedaway,乐天知命故不忧,https://pic1.zhimg.com/v2-d3582e139b9fa791988038edf6bc442e_l.jpg?source=06d4cd63,1780329548732
11295281759,0,看到17条，发现和15条自相矛盾，看不下去了。,1758509433,安徽,0,5,0,1951319053122642004,answer,7431aaa8ed2e8e7adf5567390fd9e76e,https://www.zhihu.com/people/gyqall,gyqall,https://picx.zhimg.com/v2-abed1a8c04700ba7d72b45195223e0ff_l.jpg?source=06d4cd63,1780329548740
11320353256,0,有时候，觉得科学的尽头是玄学。,1760975496,吉林,0,4,0,1951319053122642004,answer,b493297848f3a2ea903686cbddf4d47e,https://www.zhihu.com/people/82-57-56-50-21,知乎用户北,https://picx.zhimg.com/v2-5cc0f326ac246c08bfeca912cdd9ba8e_l.jpg?source=06d4cd63,1780329548745
11310386789,0,第一条用来招评论,1759973968,山东,0,4,0,1951319053122642004,answer,ef1c28f999a7545fba95f4a79cbddcf2,https://www.zhihu.com/people/liao-rao-47,缭绕,https://picx.zhimg.com/v2-abed1a8c04700ba7d72b45195223e0ff_l.jpg?source=06d4cd63,1780329548750
11290803966,0,嘴上说的不迷信，做任何的事情时都讲迷信,1758071602,北京,1,4,1,1951319053122642004,answer,2741842b38aa8cb4fbd654b594b417e4,https://www.zhihu.com/people/qin-yan-sen-55,鸿宇焱森,https://picx.zhimg.com/v2-abed1a8c04700ba7d72b45195223e0ff_l.jpg?source=06d4cd63,1780329548756
11304176171,0,穿黑色衣服也许是因为冬天怕冷  黑色收热  吸收阳光比其他颜色强,1759285018,广东,1,3,0,1951319053122642004,answer,80abdfbcdc3c41b1b3ae3cf62682c1a3,https://www.zhihu.com/people/79-17-79-95,红杉,https://picx.zhimg.com/v2-50f89424b4bab284c314b32e529638dc_l.jpg?source=06d4cd63,1780329548761
11310065912,0,民间有句话叫做猪来穷，狗来富哇,1759968778,四川,0,3,0,1951319053122642004,answer,46f629d7340fa1cb8588b6e4b5451e0c,https://www.zhihu.com/people/rou-lan-yi-shui-12,阿拉沙拉巴路嘞,https://picx.zhimg.com/v2-abed1a8c04700ba7d72b45195223e0ff_l.jpg?source=06d4cd63,1780329548767
11309907037,0,哈哈哈哈，你可能知道，各国皇室和各国总统几乎都养狗....王子公主都戴苹果手表,1759910700,广东,0,3,0,1951319053122642004,answer,d0b38c0410c2601965b8b9c87f2b04f9,https://www.zhihu.com/people/bond_t,静水流深,https://pic1.zhimg.com/da2d6aeb8_l.jpg?source=06d4cd63,1780329548772
11308081502,0,爱穿黑衣服就是因为黑衣服显瘦,1759735448,浙江,0,3,0,1951319053122642004,answer,62c62306f62bbcda056a78254bcdc640,https://www.zhihu.com/people/5-78-16-96-13,最强小脑,https://picx.zhimg.com/v2-d24ed870663f60e7a6b4a38a7e3ed4df_l.jpg?source=06d4cd63,1780329548779
11307575528,0,我们那边都说猪来穷狗来富[思考],1759671509,浙江,0,3,0,1951319053122642004,answer,67a51983202e9fdfb42c73b6490b6cde,https://www.zhihu.com/people/74-16-4-42,包包,https://pica.zhimg.com/v2-93790dcca79047dc9376be740378d83a_l.jpg?source=06d4cd63,1780329548781
11305846071,0,信则有，不信则无，命运掌握在自己手中。,1759533708,河南,0,3,0,1951319053122642004,answer,0d71b7941fc9ec91f9833aa965864b04,https://www.zhihu.com/people/14-4-44-32,知乎用户YaVtcA,https://picx.zhimg.com/v2-abed1a8c04700ba7d72b45195223e0ff_l.jpg?source=06d4cd63,1780329553228
11304405816,0,37为什么做梦不能说出来，我们宿舍的人每次做了梦都会说出来，不管好坏,1759364177,河北,1,3,0,1951319053122642004,answer,fe1652dd04bb44d8258d4fb194802bfb,https://www.zhihu.com/people/ai-ru-chao-shui-82-43-10,爱如潮水,https://pic1.zhimg.com/v2-2f557613e8e8a22316e7e813ce4e3b33_l.jpg?source=06d4cd63,1780329553233
11303710889,0,第28条，电器无故障有噪音在周圈撒盐是什么操作？搞不懂啊[捂脸],1759240897,江苏,2,3,0,1951319053122642004,answer,1fa073685dfb93895b842a205171f25e,https://www.zhihu.com/people/wen-wen-er-ya-wu-di-shou,温文尔雅无敌手,https://picx.zhimg.com/v2-0ec45cb2f52a39aba4c491f1f05d91a9_l.jpg?source=06d4cd63,1780329553238
11298240289,0,狗辟邪 你不知道嘛 小编,1758734629,上海,1,3,0,1951319053122642004,answer,525175f3f04bf7cfb0cb1e817d7b566c,https://www.zhihu.com/people/sha-mo-lu-zhou-98-3,沙漠绿洲,https://picx.zhimg.com/v2-abed1a8c04700ba7d72b45195223e0ff_l.jpg?source=06d4cd63,1780329553243
11492936047,0,值得多反思，凡事皆有因果！,1779765548,浙江,0,1,0,1951319053122642004,answer,38b6ee086aa73f70b1c53c535e474bd1,https://www.zhihu.com/people/13700984355,贝悦樱,https://picx.zhimg.com/v2-b33a00c18e4e26e7c7c0d00becb5201e_l.jpg?source=06d4cd63,1780329553246
11492386056,0,您写的真好，我看完之后很受用，感谢您[赞同],1779763879,四川,1,1,0,1951319053122642004,answer,6e25a0bb13fe9c1a48638a6c67bc36e3,https://www.zhihu.com/people/zhienmdn00,风栖小兔,https://picx.zhimg.com/v2-f55f7c955f95c917bc39b3da1911b4fe_l.jpg?source=06d4cd63,1780329553249
11491454834,0,1. 半信半疑吧，宁可信其有，心存善意与敬畏总归没错。,1779658590,山东,0,1,0,1951319053122642004,answer,4ab97f168446e2157b8f386c89efd29b,https://www.zhihu.com/people/o1wxgeqn,少年滚烫,https://picx.zhimg.com/v2-aa695003411b06df8063e87f01a0407b_l.jpg?source=06d4cd63,1780329553251
11480752681,0,对于有科学依据的玄学我认为可借鉴一下，否则就是自欺欺人！,1778397480,内蒙古,0,2,0,1951319053122642004,answer,6e002dcf95d26ed7b835dda0a49de4f6,https://www.zhihu.com/people/swo7n-26,期寄3699,https://pic1.zhimg.com/v2-96b50419c2c6017488142921eea23ea6_l.jpg?source=06d4cd63,1780329553253
11325637097,0,穿黑衣服为了显瘦,1761546012,安徽,0,2,0,1951319053122642004,answer,567b2544f27f14d49520961e142c1f7c,https://www.zhihu.com/people/yo3iae,梦中人,https://pica.zhimg.com/v2-97b3512ff167dc03dcfb25c04ba5e25a_l.jpg?source=06d4cd63,1780329553261
11344622860,0,养狗确实是穷人的象征，优秀有能力的人谁有时间和精力去养那玩意，举例说那些有钱人养狗的要么别人背后有人在为他负重前行，要么就是老了退休的养些动物陪伴自己。年轻人养狗大多是废物没地方发泄时间和精力，成天就想些猫狗的事，不上进的体现。,1763434650,四川,0,2,0,1951319053122642004,answer,91e755a0d9781e7f170cf5f32c0d6fe2,https://www.zhihu.com/people/zi-yu-27-75-40,子钰,https://pic1.zhimg.com/v2-2eab7802cc2a55f0f2f69fa17a0e5282_l.jpg?source=06d4cd63,1780329553263
11322163659,0,不敢苟同,1761188097,河北,0,2,0,1951319053122642004,answer,a8e92e67d28ebf522fc5e5608a8dca1b,https://www.zhihu.com/people/liu-ge-66-44-4,刘哥,https://pic1.zhimg.com/v2-abed1a8c04700ba7d72b45195223e0ff_l.jpg?source=06d4cd63,1780329557649
11320014416,0,我梦到不好的事我都会对着东方说出来说三遍梦就破了,1760929642,新疆,0,2,0,1951319053122642004,answer,b8bee32f524f3fdc0ab7001e3293cea8,https://www.zhihu.com/people/59-54-72-39-37,沫曦,https://pic1.zhimg.com/v2-0871e0683f17c2df5fc44030ff38ac59_l.jpg?source=06d4cd63,1780329557653
11312325860,0,有钱养狗！,1760177926,四川,0,2,0,1951319053122642004,answer,9717fa56632f2af287d89d7d985f1a99,https://www.zhihu.com/people/93-93-20-9-57,胡奇,https://picx.zhimg.com/v2-2deef4f06a46cbc6918aa4570e55b4be_l.jpg?source=06d4cd63,1780329557656
11311881252,0,我村里最富的李家养了好多年的土狗，怎么解释一下？,1760088053,新疆,0,2,0,1951319053122642004,answer,bbf7874966cc8f93f91dc54001897791,https://www.zhihu.com/people/wo-shi-di-jia-44,二杠九,https://picx.zhimg.com/v2-77f9c4c4c0945783069fdaf82e3f28fe_l.jpg?source=06d4cd63,1780329557660
11309692665,0,互联网信息太杂了（现实里也有这情况），很多建议听听就行，大部分都是狗屁。每个人的家庭、工作环境不同，接触的人和事都不同，只用一种规则和方法去为人处世是不恰当的，任何规则和方法都要基于当下个人的和环境具体情况再做决定，要辩证、要个性化。,1759885646,山东,0,2,0,1951319053122642004,answer,0e6eede5fb531f75d1caa93755465800,https://www.zhihu.com/people/5-21-30-47,问渠那得清如许,https://picx.zhimg.com/v2-22e918228cc6d8d25a6886284fd3efcb_l.jpg?source=06d4cd63,1780329557663
11308563370,0,第一条就笑了，懒得看别的了，纯三脚猫哈哈哈，还是想引流,1759800220,广东,0,2,0,1951319053122642004,answer,4f5f4dea8e8654ae29878257f40a4c3f,https://www.zhihu.com/people/suo-long-da-shu,M乖懂事,https://picx.zhimg.com/v2-30f77c27a74d5db2b38c016b4e0b32e5_l.jpg?source=06d4cd63,1780329557667
11307847533,0,现在是有钱人养狗啊！,1759728884,新疆,0,2,0,1951319053122642004,answer,c189e8f44eb8e6d22fcd77c0b7d887dd,https://www.zhihu.com/people/dnvalw,知乎用户DnVALw,https://picx.zhimg.com/v2-6e0ae903ff03fee4f9b5a531e664ed85_l.jpg?source=06d4cd63,1780329557672
11305733905,0,bro取个居士名字，是不是觉得老神秘了，感觉自己像苏轼一样[哇],1759455011,重庆,0,2,0,1951319053122642004,answer,7f6be61a0c329f0e4edb71eaef0dc88b,https://www.zhihu.com/people/32-82-45-77,不把他当成宝,https://picx.zhimg.com/v2-8ad3d9f84724cb020a297138fcc89e82_l.jpg?source=06d4cd63,1780329557674
11293848225,0,离谱,1758375548,甘肃,0,2,0,1951319053122642004,answer,4a6316224b73eaa70e2528cb330191a9,https://www.zhihu.com/people/sarah-66-96,Sarah,https://pica.zhimg.com/v2-5ba08760e9f1553f32c61b6d74f38620_l.jpg?source=06d4cd63,1780329557678
11291338112,0,其他就算了，现在都是高楼，怎么从旧房子带土去新家？,1758100643,广东,1,2,0,1951319053122642004,answer,b708dd875b0bfc6e6c1638febecbdebf,https://www.zhihu.com/people/huang-yu-17-74,淼淼,https://pic1.zhimg.com/v2-20898a0431d6d8b9d547bd705b41e2ac_l.jpg?source=06d4cd63,1780329557682
11290820860,0,为什么：老屋住人百年不塌，无人居住五年就塌。,1758097540,上海,2,2,0,1951319053122642004,answer,9d6678197e24f51ab4ca6f7ccc80966a,https://www.zhihu.com/people/betty-98-78,Betty,https://picx.zhimg.com/v2-b8c95f70fb01a749fac94c504e9f6183_l.jpg?source=06d4cd63,1780329562083
11290799992,0,拜登有养狗,1758061822,广东,3,2,0,1951319053122642004,answer,3dca2654965afac284757df35611ee04,https://www.zhihu.com/people/198611-80,咖啡爱巧克力,https://pica.zhimg.com/v2-844eed998107fb6a15929a933cea737f_l.jpg?source=06d4cd63,1780329562087
11478361917,0,这些小知识看看很普通，但很多人都看不懂,1778166472,江苏,0,1,0,1951319053122642004,answer,07d0d530a135d84533391d2efb2e889b,https://www.zhihu.com/people/zhiowwtal,知星偷甜,https://pic1.zhimg.com/v2-54f8566e1a3e480f01de250e3fda3d0b_l.jpg?source=06d4cd63,1780329562090
11491238382,0,第一和第二就不准 第一 家里养狗的 基本都是有钱人  不然哪里有那闲钱闲时间？我认识的一个亲戚 就喜欢穿黑衣服 但她是个社牛  然后第15跟第17 不觉得有点相悖吗,1779612112,广东,1,1,0,1951319053122642004,answer,80fc88a5a3b098ad922f60489908bf0c,https://www.zhihu.com/people/zhi-guan-shan-liang-shang-tian-zi-you-heng-liang,魔法咪路咪路,https://picx.zhimg.com/v2-8f0f6e57d91d6582faed60d5ce2725bd_l.jpg?source=06d4cd63,1780329562094
11494008510,0,看了第一条，就果断划走。,1779937545,上海,0,1,0,1951319053122642004,answer,163200f984487d788443532b91c9323d,https://www.zhihu.com/people/wang-shi-ru-yan-53-13-61,往事如烟,https://picx.zhimg.com/v2-9683af537e451d3082951441069ecc7f_l.jpg?source=06d4cd63,1780329562097
11492014227,0,现在好多有钱人喜欢养狗，喜欢养世界名犬。有的有钱人能养一二十个明确。,1779686326,云南,0,1,0,1951319053122642004,answer,c8025be785fc58a2e2ce1b25245ddb7d,https://www.zhihu.com/people/qin-qin-jian-dan-xiao-yao-xia,杏林禪武,https://picx.zhimg.com/v2-20bb076bed149d626bde5299e9065f38_l.jpg?source=06d4cd63,1780329562111
11291220181,0,第一条就很离谱,1758100708,上海,26,1072,4,1951319053122642004,answer,99960840a1706a239008e96c55252361,https://www.zhihu.com/people/87-12-42-88,答案,https://picx.zhimg.com/v2-cc2e2e0f990534dc64fa5b512e6eca11_l.jpg?source=06d4cd63,1780329562115
11291371503,0,普京养狗，英女王也养狗,1758110632,陕西,3,52,1,1951319053122642004,answer,cde79a259476bb917af64f3927d2116b,https://www.zhihu.com/people/yang-yu-72-67,洋芋,https://picx.zhimg.com/v2-d624ea26b134ebfc2d7684b63e8a83dc_l.jpg?source=06d4cd63,1780329562120
11290927926,0,银行职员、银行保安员没见发什么大财。,1758086868,山东,2,18,1,1951319053122642004,answer,74c29bf03a0b26eced7367aec5ee0937,https://www.zhihu.com/people/li-zeng-hua-53,风生水亦起,https://picx.zhimg.com/v2-abed1a8c04700ba7d72b45195223e0ff_l.jpg?source=06d4cd63,1780329562124
11481680212,0,不是养狗的家庭没钱，是没钱的家庭太多，有钱的养赛季犬[查看表情],1778498268,湖北,0,0,0,1951319053122642004,answer,15308ba995774b11b79b8ae950890948,https://www.zhihu.com/people/wei-xin-yong-hu-17-6-9-23,與河,https://pica.zhimg.com/v2-6555e3d07b973ee3ecfdfd51131b160b_l.jpg?source=06d4cd63,1780329562127
11494942622,0,家里电器发出异响，请打客服电话，因为配件坏了,1779956557,河北,0,0,0,1951319053122642004,answer,ae03cd0d4a424072651c537ee0804c01,https://www.zhihu.com/people/zhang-ran-68-49,大小姐,https://picx.zhimg.com/v2-48d8b68a4926a00b0a2411cae488d2d4_l.jpg?source=06d4cd63,1780329566346
11494624670,0,这个叫统计学,1779958732,河南,0,0,0,1951319053122642004,answer,16a7c231cfe2bd99dbe0ca1660f6194f,https://www.zhihu.com/people/scx2000,scx2000,https://pic1.zhimg.com/v2-abed1a8c04700ba7d72b45195223e0ff_l.jpg?source=06d4cd63,1780329566353
11494057579,0,有很多观点不搭边,1779920347,辽宁,0,0,0,1951319053122642004,answer,19582a93792ab165d46cc12c0eb11850,https://www.zhihu.com/people/zhiq3zal,点燃自由,https://pic1.zhimg.com/v2-34be56b4f05c17a775eb819863c4223b_l.jpg?source=06d4cd63,1780329566357
11494041927,0,第一条是不是少写了一个不字[思考],1779867461,上海,0,0,0,1951319053122642004,answer,528902ed75be6f6a43e9dc8f53933fb7,https://www.zhihu.com/people/vera-38-33-53,快乐星球,https://picx.zhimg.com/v2-07d7fdff437adc77666e616f6a228b1b_l.jpg?source=06d4cd63,1780329566362
11435408358,0,第20条看似玄学，实际上确如你所说，很多时候按照老一辈的方法，叫魂确实很管用,1773202033,江苏,0,0,0,1951319053122642004,answer,db71b26b4dcfa014d7cd737f59683bed,https://www.zhihu.com/people/eqgyd,半日闲散,https://pic1.zhimg.com/v2-8d55e5a26e954ca0961f09b6113c8a17_l.jpg?source=06d4cd63,1780329566369
11490576214,0,科学的尽头是玄学嘛，有些发生的事情无法用科学解释的，只有用玄学来解释了，信则有不信则无。,1779512370,广东,0,0,0,1951319053122642004,answer,f433ba374b0524922542ce6b337704b6,https://www.zhihu.com/people/pbla3,骏马揽春风,https://pic1.zhimg.com/v2-98ac834299a0d3b5ad3af6a2cf93f854_l.jpg?source=06d4cd63,1780329566374
11490136884,0,养狗的家庭都很幸福和睦，绿植养的好家里的能量强，并且很少生病！,1779505161,新加坡,0,0,0,1951319053122642004,answer,8e6c0be24c5ec4a8db1ffd3a89ec1bcf,https://www.zhihu.com/people/sherry-2-35-46,糖宝,https://picx.zhimg.com/v2-96a49b41c2d6ced61b238722e79b615e_l.jpg?source=06d4cd63,1780329566377
11490102906,0,第一条有点主观臆断了，好多有钱人也养狗啊！,1779482119,浙江,0,0,0,1951319053122642004,answer,34dddb533da4ebaa7d56c42ab924ef1f,https://www.zhihu.com/people/zhiggdql1xv,孤舟望月,https://pic1.zhimg.com/v2-1b42b80b9bc287e7055d4237fcc77453_l.jpg?source=06d4cd63,1780329566379
11490017511,0,热情耗尽只剩疲惫，真心被一次次冷落消耗殆尽，走到尽头才明白，有些人注定只能陪你一程。,1779497201,陕西,0,0,0,1951319053122642004,answer,9a5527385a512ca985634627c9efe188,https://www.zhihu.com/people/vd0wt,知晚,https://pic1.zhimg.com/v2-a502e5f375362236ced992c946070ab1_l.jpg?source=06d4cd63,1780329566383
11489913135,0,玄学也是中国文化的一个分支，传承的中国历史与智慧，有选择的相信。,1779429083,山东,0,0,0,1951319053122642004,answer,0d97d3ca216c41ecf63e38aee60dca62,https://www.zhihu.com/people/suz0dcn,大江大河,https://picx.zhimg.com/v2-74e57759b7e355c82e4c9f9d26d9f735_l.jpg?source=06d4cd63,1780329566388
11489488191,0,玄学无定论，心安便是归处,1779369529,江苏,0,0,0,1951319053122642004,answer,60710cbd4adf27f405fae856557a4100,https://www.zhihu.com/people/9c43kl,沐晚风,https://picx.zhimg.com/v2-c2cd8131cc968494b6774ea5ebb74fa4_l.jpg?source=06d4cd63,1780329570840
11489284236,0,你说的有道理，晚上出门要有人陪,1779368797,江西,0,0,0,1951319053122642004,answer,651a0efe80b9432166dc54e175dc18a0,https://www.zhihu.com/people/zhisvv9wov,zhisVV9wov智慧,https://picx.zhimg.com/v2-a1ff545a29bd12b689b28514c25e855a_l.jpg?source=06d4cd63,1780329570846
11488815795,0,呵呵   养狗的往往都没钱   可我身边的养狗的都比我有钱   养狗没钱   那你说说养啥能有钱,1779346362,陕西,0,0,0,1951319053122642004,answer,9294f9e7e9f6405ad12560c4479ecef3,https://www.zhihu.com/people/sk3cuw,晚风叙日常,https://pic1.zhimg.com/v2-9897ac07ba543f513e324e6cfff53c30_l.jpg?source=06d4cd63,1780329570850
11488763661,0,有的人心眼好，养好多流浪狗，他们确实太穷了，都养不起了，唉,1779280422,天津,0,0,0,1951319053122642004,answer,387e18c348de0d4259bed88afe286b16,https://www.zhihu.com/people/43-57-34-93-72,晚禾,https://pic1.zhimg.com/v2-dc0378e7f1e83b1b68562fa558ed30db_l.jpg?source=06d4cd63,1780329570854
11488755565,0,受益匪浅。,1779342258,广西,0,0,0,1951319053122642004,answer,de449cd3fc9c300a5fd55628f674a71d,https://www.zhihu.com/people/wei-xiao-mei-61,梅花姐,https://pic1.zhimg.com/v2-26c16f39c7265d16e8fce0bf56829c05_l.jpg?source=06d4cd63,1780329570859
11487097122,0,不太相信,1779156782,海南,0,0,0,1951319053122642004,answer,52a573080d3b512c508cdbe9a842d730,https://www.zhihu.com/people/zhirrff4xbp,zhiRRff4XBp,https://picx.zhimg.com/v2-8ad3d9f84724cb020a297138fcc89e82_l.jpg?source=06d4cd63,1780329570862
11486721883,0,注意这么多…就会变马斯克吗就不会死吗,1779073798,四川,0,0,0,1951319053122642004,answer,6b7e1edde45079014283edb9f81e5da3,https://www.zhihu.com/people/tian-gua-14-12,甜瓜,https://picx.zhimg.com/v2-abed1a8c04700ba7d72b45195223e0ff_l.jpg?source=06d4cd63,1780329570870
11486661878,0,plq都是反驳型人格，就第一条，意思应该说的是你住鸽子笼还养狗肯定剩不了多少，跟你住上别墅了再养狗当然不一样,1779067217,江苏,0,0,0,1951319053122642004,answer,7dfa385e2f30d1f4066f2b359d6f8d49,https://www.zhihu.com/people/47-70-59-76,德伦帕,https://picx.zhimg.com/v2-93790dcca79047dc9376be740378d83a_l.jpg?source=06d4cd63,1780329570873
11486399624,0,我们小区养罗威纳犬的矿老板来着，几千万身家，我家之前养博美犬我家也几百万身家啊[大笑],1779063222,湖南,0,0,0,1951319053122642004,answer,55aba726f375b0530bcbf79dda818237,https://www.zhihu.com/people/wei-ni-xie-shi-96-89,为你写诗,https://pic1.zhimg.com/v2-a979fe59bd01bd7aff842b0aa8b06527_l.jpg?source=06d4cd63,1780329570876
11486281830,0,我一直这样认为:信则有，不信则无,1779063662,广东,0,0,0,1951319053122642004,answer,fa46df8c2816603cdf6352f29413d0b0,https://www.zhihu.com/people/82-15-80-52-25,云间跃,https://pic1.zhimg.com/v2-602deaef4a12d6dd8da49d340a1a8f8c_l.jpg?source=06d4cd63,1780329570879
11485778178,0,狗是一种动物，现在是有钱人，当宝贝养着，冷天给它穿上衣服，生活上专业狗粮，有的甚至专们买火腿肠给狗吃。但必须打免疫针，才有安全感。,1779000455,湖北,0,0,0,1951319053122642004,answer,25ee580e03184e78a57c756745e05695,https://www.zhihu.com/people/70-96-18-32-61,古灵精怪,https://pica.zhimg.com/v2-4e9aee0f83095f5ad7839a0972c374a0_l.jpg?source=06d4cd63,1780329575350
11485726964,0,玄学可以信，但没有绝对！因只有小满没有圆满！只有在人生轨迹中不断的偏移，不断的修正，只有更好没有最好。,1779022514,重庆,0,0,0,1951319053122642004,answer,1fd5c1aca39fd2cfb0fd300d0f7166aa,https://www.zhihu.com/people/--50-71-40-11,罗益-谈古论经,https://picx.zhimg.com/v2-55ac114b8f09586866ca4a68dee0962c_l.jpg?source=06d4cd63,1780329575354
11485660329,0,第一天条就特别离谱了 看看得了[思考],1778992057,四川,0,0,0,1951319053122642004,answer,1fb660cf99f4bf0b927aa455a53f1130,https://www.zhihu.com/people/uu8kw7qp,淼淼深夜故事,https://pic1.zhimg.com/v2-d8f8bd0ef78d7a4481e74150f5a3a035_l.jpg?source=06d4cd63,1780329575358
11485648308,0,第一点好雷啊，我还有点害怕说你，但是看到评论我一下就站起来了[大笑],1778943885,湖北,0,0,0,1951319053122642004,answer,cf46519114a1d0b3a37994de993e3584,https://www.zhihu.com/people/78-98-16-52-61,雨水落满屋,https://picx.zhimg.com/v2-dabb06be300e6ec1386169edc453ce93_l.jpg?source=06d4cd63,1780329575362
11485323794,0,左右脑互搏,1778918349,甘肃,0,0,0,1951319053122642004,answer,3dfe6224bb451b4c42338dd39b8c871a,https://www.zhihu.com/people/xu-ge-hui-43,岚月忘飞雪,https://picx.zhimg.com/v2-e69bd61102f2953570acb6dc9372d465_l.jpg?source=06d4cd63,1780329575367
11484846221,0,不要什么事都写在脸上,1778883773,湖北,0,0,0,1951319053122642004,answer,cb732fc012d7ea3bbb23ca82c70c2021,https://www.zhihu.com/people/0pbzr0g,知微见著,https://picx.zhimg.com/v2-39be446313474b1e25b7c0acaceb65ab_l.jpg?source=06d4cd63,1780329575375
11484649803,0,不说总统了，我记得于谦就挺有钱的,1778892094,安徽,0,0,0,1951319053122642004,answer,08811e7f005001c0f6648dd9cbbf1d9c,https://www.zhihu.com/people/wang-jun-kai-11-10,小噗,https://picx.zhimg.com/e59a32cd745e7376f9a281d3445b6c42_l.jpg?source=06d4cd63,1780329575378
11484031206,0,中国文化博大精深，当科学家们登上顶峰以，玄学已在顶峰等待他们了,1778768589,四川,0,0,0,1951319053122642004,answer,3b9478ddfb3ce794cc50669d0c275f70,https://www.zhihu.com/people/65-94-7-34-8,养生研究所,https://picx.zhimg.com/v2-eea088c0d488ab4bda9dfdd7a2028a58_l.jpg?source=06d4cd63,1780329575385
11483864902,0,霍思燕家里还是挺有钱的,1778793915,四川,0,0,0,1951319053122642004,answer,a3146d602d802072c7b368d4494fbf9b,https://www.zhihu.com/people/bing-cheng-95-49,一米阳光,https://pic1.zhimg.com/v2-9c3028ff1f6f0a4f01df6527c107fbbb_l.jpg?source=06d4cd63,1780329575388
11483549192,0,我信啊，有些事就是很神奇。有一年，我订了五一去广州玩，等我一切都订好了，看到各种关于广州大雨的推文和视频，评论区很多网友都建议那段时间不要去，我没听，临近出发前一周孩子发烧了，去医院看说病毒感染，纯当普通感冒，想着一周肯定能好，结果临出发前一天变严重了，医生直接让住院，后面孩子康复出院后，我自己要去出差，出差前我一直咳嗽，还发烧了，发烧当我做了个梦，梦里我找不到出路，后来梦里出现了外婆家以前老房子的客厅，好像是我已故外婆在烧纸，但我看不清是不是，然后我就不慌了，找到了出口，醒来后我戴上了大姨给我庙里求来的手串和退烧药去出差了，刚到那儿吃第一顿饭，我崩了一颗牙，后面我就不发烧了，就是还有点咳嗽，回来后我去医院做了检查，医生说没都好的，怀疑鼻窦炎。后面回忆了一下，我想是不是老祖宗在提示我不要去，最后孩子病了住院广州没去，但出差前让我病我还是去了，是外婆在帮我，最后那颗牙替我挡了灾,1778722942,浙江,0,0,0,1951319053122642004,answer,6b55007f60dc64a6d1e92cf4b19477b3,https://www.zhihu.com/people/zhitkosl,朦胧的我,https://pic1.zhimg.com/v2-10b20470e80a6274affe25aeba407dce_l.jpg?source=06d4cd63,1780329575390
11483224017,0,谢谢你的分享，见识到好多。,1778709012,上海,0,0,0,1951319053122642004,answer,f28532043194a56012e5769ae52c876b,https://www.zhihu.com/people/zhiv2m1ys,新然,https://pic1.zhimg.com/v2-d2ce5bb24577b0b8820bec51b5646195_l.jpg?source=06d4cd63,1780329580174
11483062625,0,我老板养很多狗 我认识有钱人都养狗,1778651912,湖北,0,0,0,1951319053122642004,answer,3fe3f85100adc90ac75c1e84fd2368cd,https://www.zhihu.com/people/kim-9-55,發財羊,https://pica.zhimg.com/v2-7bc8e615aa8ebf8b6a8db636cf794b49_l.jpg?source=06d4cd63,1780329580180
11482323011,0,自相矛盾,1778594927,四川,0,0,0,1951319053122642004,answer,be0af35514408846bbbeaeb7209be4f7,https://www.zhihu.com/people/50-90-12-1,无所谓,https://pica.zhimg.com/v2-f1be5ed24936a7311e75da3884b2bd6d_l.jpg?source=06d4cd63,1780329580184
11481998984,0,22.只要相信自己有价值，只要相信自己够优秀，困难就会变得渺小，好事就会接踵而至。不要觉得不顺利就是运气差，这些都是上天给你的考验，遇见是让你增长见识，经历是让你破茧成蝶。[赞][赞],1778576788,广东,0,0,0,1951319053122642004,answer,8546334e2f5d415fdf51140fa9292a1e,https://www.zhihu.com/people/zhivm0wp,静静的发呆,https://picx.zhimg.com/v2-238d9dbc84a1add0a3f4179ce6f0dee3_l.jpg?source=06d4cd63,1780329580187
11481998930,0,22.只要相信自己有价值，只要相信自己够优秀，困难就会变得渺小，好事就会接踵而至。不要觉得不顺利就是运气差，这些都是上天给你的考验，遇见是让你增长见识，经历是让你破茧成蝶。[赞][赞],1778576700,广东,0,0,0,1951319053122642004,answer,8546334e2f5d415fdf51140fa9292a1e,https://www.zhihu.com/people/zhivm0wp,静静的发呆,https://pica.zhimg.com/v2-238d9dbc84a1add0a3f4179ce6f0dee3_l.jpg?source=06d4cd63,1780329580190
11481891187,0,人生最主要的是身体健康，然后是让自己幸福快乐。其他的都是浮云，顺其自然就好，不用刻意迎合或者回避，也不必过于关注。,1778537589,陕西,0,0,0,1951319053122642004,answer,ea42570a9cc8056fe2969f9392ae150b,https://www.zhihu.com/people/xiaobaixiaomo,小白小默,https://pica.zhimg.com/v2-74c15b5b2bc0e45b366a8db1185edb0e_l.jpg?source=06d4cd63,1780329580195
11481832743,0,宁可信其有，不可信其无，玄学并非迷信，而是世间万物规律，心存敬畏、行善积德，运势自然顺遂绵长，万事皆有因果，好运自会相伴一生。,1778535771,河北,0,0,0,1951319053122642004,answer,7679deb0befed2acd91bff255b93ef36,https://www.zhihu.com/people/eallqq,小看山EALlqq,https://pica.zhimg.com/v2-d1ded4d0e96cd509388c71b0ebcaa594_l.jpg?source=06d4cd63,1780329580200
11436714043,0,第15条：没事多去人多的地方走走！第十七条：不要总去人多的地方凑热闹…………[耶][飙泪笑][捂脸],1773363940,广东,0,0,0,1951319053122642004,answer,029228235ed3e0a9ae468d4f6e81fac0,https://www.zhihu.com/people/igoekm,巴情du,https://picx.zhimg.com/v2-f7ee2b147ff3d1fd3b804f0556ded495_l.jpg?source=06d4cd63,1780329580208
11481513205,0,闹麻了🤣,1778502665,广东,0,0,0,1951319053122642004,answer,810162f8266627c189f5beaeb9248eb3,https://www.zhihu.com/people/eeee-30-2-23,eeee,https://pica.zhimg.com/v2-e1b6192aa0d8dcf140ba189dea518a4c_l.jpg?source=06d4cd63,1780329580214
11480973630,0,实际案例，身边的朋友养了一屋子狗，每条狗都是价值几万起的，一年收入百万。怎么，这还不够有钱,1778469091,河北,0,0,0,1951319053122642004,answer,00ede1e26ea89b92eec80b3de782bc17,https://www.zhihu.com/people/0urj4p,香满衣,https://picx.zhimg.com/v2-186d86c0e8504226a3bf906876d2169d_l.jpg?source=06d4cd63,1780329580219
11480319885,0,不错学到了很多东西[赞][赞][赞][赞],1778395448,四川,0,0,0,1951319053122642004,answer,dca3c33bc078a3b7568968d4139050f9,https://www.zhihu.com/people/s7ybnxt,风渡山河,https://picx.zhimg.com/v2-5c734d5f727ef28a4401b94ca82d14c9_l.jpg?source=06d4cd63,1780329584519
11478921720,0,这你就玄学上了？,1778211757,广东,0,0,0,1951319053122642004,answer,c30d1cd64415171d1054469b9cff5978,https://www.zhihu.com/people/67-53-82-75,黄少,https://picx.zhimg.com/v2-6530352c931b152b87299e8bfd13594f_l.jpg?source=06d4cd63,1780329584523
11478166169,0,哈哈哈哈 笑死我了😆 这基本上就是封建迷信思想,1778200251,美国,0,0,0,1951319053122642004,answer,2300f2eb61549b8dc1ec2a62333bc6d6,https://www.zhihu.com/people/california-dream-80,California Dream,https://picx.zhimg.com/v2-0cf54dac686c0e58b6437d9e867e2eff_l.jpg?source=06d4cd63,1780329584531
11477633204,0,要不是有这么多自相矛盾，能走这么多评论吗？[捂脸],1778061225,广东,0,0,0,1951319053122642004,answer,4a1151d8e49653ac4f620ea89b0f106f,https://www.zhihu.com/people/bu-hui-bu-hui-jia-de-ren,玄同,https://picx.zhimg.com/v2-abed1a8c04700ba7d72b45195223e0ff_l.jpg?source=06d4cd63,1780329584538
11477338108,0,衣服扣子掉了为什么要脱下来缝？,1778044599,山东,0,0,0,1951319053122642004,answer,3c798417127a53ec1fb99382813410e2,https://www.zhihu.com/people/sc5saw,天地之间有杆秤,https://pica.zhimg.com/v2-93790dcca79047dc9376be740378d83a_l.jpg?source=06d4cd63,1780329584542
11476823663,0,不相信,1777975027,四川,0,0,0,1951319053122642004,answer,8f20c79951a3f5984f6111f7f1d74642,https://www.zhihu.com/people/93-3-7-68-38,加洲,https://picx.zhimg.com/v2-a11934238c9c3542cbc6c306b3feac21_l.jpg?source=06d4cd63,1780329584546
11476757388,0,15跟17不矛盾吗？,1778044657,山东,0,0,0,1951319053122642004,answer,3c798417127a53ec1fb99382813410e2,https://www.zhihu.com/people/sc5saw,天地之间有杆秤,https://picx.zhimg.com/v2-93790dcca79047dc9376be740378d83a_l.jpg?source=06d4cd63,1780329584550
11476183042,0,第一句我就想笑了 郭碧婷收养几百只流浪狗现在你觉得她有钱还是没钱,1777954836,中国香港,0,0,0,1951319053122642004,answer,dc6e9ef3c12002e0c4d2652156461b76,https://www.zhihu.com/people/hyy-9-91,霉豆腐,https://picx.zhimg.com/v2-081b6b6a836b0d4291e0bb45bfc2ecba_l.jpg?source=06d4cd63,1780329584552
11476072047,0,你自己15 17自相矛盾左右脑胡搏吗,1777876833,宁夏,0,0,0,1951319053122642004,answer,3293260f90f1b6e16c50e9318e4b3c48,https://www.zhihu.com/people/tu-xie-73-77,图 懈,https://picx.zhimg.com/v2-abed1a8c04700ba7d72b45195223e0ff_l.jpg?source=06d4cd63,1780329584560
11475950483,0,为什么药可借，不能还？,1777857772,广东,0,0,0,1951319053122642004,answer,da95348bb67bf5045c03765276a4b858,https://www.zhihu.com/people/sakura-80-7,Sakura,https://pica.zhimg.com/v2-92e69cda68835a90c5188b0c30d97afa_l.jpg?source=06d4cd63,1780329584567
11475832130,0,经常唉声叹气的人，运势都不会好，会经常生病。,1777845104,湖北,0,0,0,1951319053122642004,answer,2aad00ac576ca678c1c08e54605218ea,https://www.zhihu.com/people/zhitulxyikm,霁月清风,https://picx.zhimg.com/v2-24adc66db5131d0db75db0c4e11e3203_l.jpg?source=06d4cd63,1780329589380
11475505491,0,你是个什么居士？,1777800752,广东,0,0,0,1951319053122642004,answer,167612164add37b2815a3ba6cc47b6f3,https://www.zhihu.com/people/liu-liu-liu-47-75-30,刘刘刘,https://picx.zhimg.com/v2-89c36fb541ad098fa0a3ff955787ed58_l.jpg?source=06d4cd63,1780329589383
11475090746,0,信则有不信则无，毕竟道法自然么。,1777768802,浙江,0,0,0,1951319053122642004,answer,320e67384c9a9a057519fd00b8702613,https://www.zhihu.com/people/76-9-60-23,知乎用户雷,https://picx.zhimg.com/v2-43c0890866d959374c437a456294f858_l.jpg?source=06d4cd63,1780329589387
11473170856,0,不是说科学的尽头就是玄学吗？有时候啊。这东西不得不信,1777562030,广东,0,0,0,1951319053122642004,answer,00d48223e0e45589accf0572e7f6acc7,https://www.zhihu.com/people/zhirapiydn,于月月,https://picx.zhimg.com/v2-f96f7df98c2bf060fd18c515be2db471_l.jpg?source=06d4cd63,1780329589390
11472989025,0,认知决定眼界。银行员工天天喝水，没见谁是是百万富翁？,1777525737,陕西,0,0,0,1951319053122642004,answer,2b10a8bdba469a93fc5a98242b392ab4,https://www.zhihu.com/people/gong-zi-yu-78-10,公子羽,https://pic1.zhimg.com/v2-ddc5ec872d7165f671f807e53c33b3fb_l.jpg?source=06d4cd63,1780329589393
11472932284,0,要经常心怀希望，生活中就会有很多意想不到的惊喜。,1777449934,云南,0,0,0,1951319053122642004,answer,0cc1c4be0ead1b59b9daa11ddb9825d3,https://www.zhihu.com/people/61-89-85-11-9,保卫国家人民,https://picx.zhimg.com/v2-f1be5ed24936a7311e75da3884b2bd6d_l.jpg?source=06d4cd63,1780329589396
11472863997,0,刚看前两条就知道不准，我们领导喜欢穿黑色。但是人特别咋呼，根本不低调,1777510109,吉林,0,0,0,1951319053122642004,answer,efbdd5bb30cc91feec8a978bead6e10f,https://www.zhihu.com/people/10-69-73-34-69,一路生花为我响起,https://picx.zhimg.com/v2-abed1a8c04700ba7d72b45195223e0ff_l.jpg?source=06d4cd63,1780329589401
11472671318,0,15和17怎么解释,1777436165,上海,0,0,0,1951319053122642004,answer,110e83c8f5b98a9cc439e6478cebe2f1,https://www.zhihu.com/people/cheng-cheng-20-63-88,成橙,https://picx.zhimg.com/v2-519284ef3cabd1a7961dd8e459e00ed3_l.jpg?source=06d4cd63,1780329589403
11470377830,0,信则有不信则无。多阅读相关书籍，关心相关事宜有益于净化思想，正规自己的言行。,1777243267,河北,0,0,0,1951319053122642004,answer,0a31ae3b9d399f9033e3af21c961e1ef,https://www.zhihu.com/people/zhizlsiun,书影客,https://picx.zhimg.com/v2-3b73429eb8716bbcf793e0c1440f9ebc_l.jpg?source=06d4cd63,1780329589405
11470219890,0,超喜欢，超赞同，为你点个大大的赞,1777185717,山西,0,0,0,1951319053122642004,answer,1d8d6a1990d63fffbb7da00b167c6aeb,https://www.zhihu.com/people/9wlqy,山野来信,https://picx.zhimg.com/v2-d6e5f529f5f4e16b8b9ae96d91c834b2_l.jpg?source=06d4cd63,1780329593854
11470164326,0,第一条，人家有“一般”，我狗毛过敏，所以是“二般”。[耶][耶][拜托][滑稽],1777193295,新疆,0,0,0,1951319053122642004,answer,183d6a5535e288b8bf6e795234711023,https://www.zhihu.com/people/wasdio,wasdio,https://pic1.zhimg.com/v2-abed1a8c04700ba7d72b45195223e0ff_l.jpg?source=06d4cd63,1780329593858
11437835074,0,是啊英国女王也养狗呀，不够有钱吗？,1773401987,上海,0,0,0,1951319053122642004,answer,db9dcd0387af192e0b0decb5c7dc34cf,https://www.zhihu.com/people/zhen-zhu-25-32,珍珠,https://picx.zhimg.com/v2-a0011ccf66de0efcc755e0d27829b01c_l.jpg?source=06d4cd63,1780329593861
11470118696,0,理性发言，看看就可以了，自行斟酌择优选取,1777130339,河南,0,0,0,1951319053122642004,answer,79e05ec584492e729b6b48f7d9a733ab,https://www.zhihu.com/people/zhibwxdqf,方知知,https://picx.zhimg.com/v2-729cc9a94e455e7aaccf20ec653715c9_l.jpg?source=06d4cd63,1780329593864
11439244487,0,有些道理，适合自己的才是最好的,1773582058,江西,0,0,0,1951319053122642004,answer,758feee3b1bfa10d4ad1678f6d26f707,https://www.zhihu.com/people/tan-ran-zi-ruo-17-86,坦然自若,https://pic1.zhimg.com/v2-cdf2c841cd69150bfd45ea8fcab818c0_l.jpg?source=06d4cd63,1780329593867
11470073283,0,自相矛盾,1777183655,云南,0,0,0,1951319053122642004,answer,4c0adca04b27f153e2b240672a8f6c86,https://www.zhihu.com/people/xing-xing-zha-yan-68,星星眨眼,https://picx.zhimg.com/v2-845193947c3e7b11367f4b84f627183d_l.jpg?source=06d4cd63,1780329593870
11470046027,0,人气旺的地方那肯定人多要多去，下一条又让少去人多的地方，那地方到底是去还是不去啊,1777182458,四川,0,0,0,1951319053122642004,answer,446209b45b1837d0193466fab8f62fdb,https://www.zhihu.com/people/xing-21-83-26,田间耕织客,https://picx.zhimg.com/v2-7d9ffc8dbdf23381d3e8763af8ef0a45_l.jpg?source=06d4cd63,1780329593873
11470027249,0,王思聪[大笑],1777113253,陕西,0,0,0,1951319053122642004,answer,ec2c00d2b9fdb8d3d7f0be579d3fd0b3,https://www.zhihu.com/people/swail,swail,https://picx.zhimg.com/v2-abed1a8c04700ba7d72b45195223e0ff_l.jpg?source=06d4cd63,1780329593877
11468742236,0,第一条是拿来骗流量的[大笑],1776993365,海南,0,0,0,1951319053122642004,answer,f4be10d35892a73b532eb0762e867209,https://www.zhihu.com/people/17-84-69-44,幸运猫,https://pic1.zhimg.com/v2-159f0b267c5e117cbe7b892b06996375_l.jpg?source=06d4cd63,1780329593879
11468379502,0,知识是力量的源泉，知识能洞穿事物的本质。,1776930763,四川,0,0,0,1951319053122642004,answer,276fa8cc535b4eccf703b907c00b9923,https://www.zhihu.com/people/zhifogrd,夕阳红,https://picx.zhimg.com/v2-0778f5def5e30131092df8b0a608b620_l.jpg?source=06d4cd63,1780329593883
11467426095,0,其实这第一点我就不太认同，为什么说养狗的家庭不太会有钱？中国古代就有说法，狗来旺，而且从科学上来说，我国自古以来都是人类的好伙伴，以前打猎必须要有狗狗出去把猎物剑拾回来。爱斯基摩犬6只可以养活一个人，因为他们的皮毛很厚。可以帮助他们在严寒的环境下生活。,1776844017,上海,0,0,0,1951319053122642004,answer,02dbd84c32e56e9f0f29058b1df59d5e,https://www.zhihu.com/people/zhibixmliar,安雅的80后放映厅,https://picx.zhimg.com/v2-bda48497471130ac2bb70b77c94e0f02_l.jpg?source=06d4cd63,1780329598385
11467061642,0,第15和第17是矛盾的啊大哥,1776778313,湖南,0,0,0,1951319053122642004,answer,484d45e96fb3b9475410a8e612926d58,https://www.zhihu.com/people/ke-li-si-ting-42-18,克里斯汀,https://picx.zhimg.com/v2-abed1a8c04700ba7d72b45195223e0ff_l.jpg?source=06d4cd63,1780329598387
11466791024,0,我们科护士长家里开始养狗了，你怎么知道没钱？我们科一个女大夫家里也养狗，你怎么知道没钱,1776758857,陕西,0,0,0,1951319053122642004,answer,6540e66f8bcfb88179303abdac603730,https://www.zhihu.com/people/cheng-cheng-97-59-65,爱惜物命广布施,https://picx.zhimg.com/v2-baa7ee94b185e3c257b077ac60ed3470_l.jpg?source=06d4cd63,1780329598390
11466582809,0,富豪家里大多数养狗。,1776748142,北京,0,0,0,1951319053122642004,answer,ddab51808a80eb112b6b2a972ec1cfed,https://www.zhihu.com/people/cao-jun-44-21,曹俊,https://picx.zhimg.com/v2-abed1a8c04700ba7d72b45195223e0ff_l.jpg?source=06d4cd63,1780329598392
11466196853,0,信则有，不信则无，心定则安。,1776702969,山西,0,0,0,1951319053122642004,answer,53ec202f785b4392c05cbd53eda54d42,https://www.zhihu.com/people/zhiqkd0q,半盏茶,https://pica.zhimg.com/v2-3a86911f08a8bde077afc0847ec0caa7_l.jpg?source=06d4cd63,1780329598394
11464355246,0,相学也属于风水学，风水学也属于一门科学，必须相信。[握手],1776426782,吉林,0,0,0,1951319053122642004,answer,903625fff55d5d7ee07c1d69e20e6776,https://www.zhihu.com/people/1skgrciq,小看山1skgrCiQ,https://picx.zhimg.com/v2-d24ed870663f60e7a6b4a38a7e3ed4df_l.jpg?source=06d4cd63,1780329598397
11464146445,0,你以为现在养狗还是和以前一样看大门给点剩菜剩饭吗？养狗很费钱的！,1776407898,北京,0,0,0,1951319053122642004,answer,32021a255549b77e06edac7e8e2b1fa0,https://www.zhihu.com/people/foreverber,Foreverber,https://picx.zhimg.com/v2-abed1a8c04700ba7d72b45195223e0ff_l.jpg?source=06d4cd63,1780329598399
11464143697,0,后面挺多我都觉得有道理，唯独第一条，养狗这个怎么了，能请详细解读一下吗[大笑],1776401684,北京,0,0,0,1951319053122642004,answer,c67991c54f0b195a83a2bce15b8c6642,https://www.zhihu.com/people/jin-jin-se-bi-an-se-bi-an,闪电,https://picx.zhimg.com/v2-d583bfbd81a7a21b96c477cf1ab2da7d_l.jpg?source=06d4cd63,1780329598403
11463258182,0,第一点就不能苟同了哦[捂脸]我身边听闻的镇首富市首富，家里都养狗，而且它们吃得比我们领导都要好（在食堂大领导自己说的）[捂嘴]富人不养猫，貌似才对,1776333939,广东,0,0,0,1951319053122642004,answer,94b63bd46b22579ff6b1d04ea3e27e50,https://www.zhihu.com/people/41-76-85-45,大街小巷里的小玖,https://pica.zhimg.com/v2-1c7f8357306c483fb984dbdab9f0e271_l.jpg?source=06d4cd63,1780329598405
11440525812,0,第15跟17挺冲突的[思考],1773796537,广东,0,0,0,1951319053122642004,answer,231c32d3712d1201bdfc510b14cb5c53,https://www.zhihu.com/people/da-pang-zi-hei,大胖子hei,https://picx.zhimg.com/v2-abed1a8c04700ba7d72b45195223e0ff_l.jpg?source=06d4cd63,1780329598407
